file_path,dno_name,mpan_code,year,band,sheet_name,time_period,min_rate,max_rate,mean_rate,median_rate,count,unit
dno_data_enhanced/enwl-schedule_of_charges-2021-final-v6-llfs.xlsx,Electricity North West,16.0,2021,RED,"Annex 1 LV, HV and UMS charges",16:00-19:00 (weekdays) (default),0.686,9.18,3.915666666666666,1.881,15,p/kWh
dno_data_enhanced/enwl-schedule_of_charges-2021-final-v6-llfs.xlsx,Electricity North West,16.0,2021,GREEN,"Annex 1 LV, HV and UMS charges","23:00-07:00 (all days), all day (weekends) (default)",0.686,9.18,3.7896521739130433,1.881,23,p/kWh
dno_data_enhanced/enwl-schedule_of_charges-2021-final-v6-llfs.xlsx,Electricity North West,16.0,2021,RED,Annex 4 LDNO charges,16:00-19:00 (weekdays) (default),0.44,5.889,2.511666666666667,1.206,15,p/kWh
dno_data_enhanced/enwl-schedule_of_charges-2021-final-v6-llfs.xlsx,Electricity North West,16.0,2021,GREEN,Annex 4 LDNO charges,"23:00-07:00 (all days), all day (weekends) (default)",0.44,5.889,2.442652173913044,1.206,23,p/kWh
dno_data_enhanced/enwl-schedule_of_charges-2021-final-v6-llfs.xlsx,Electricity North West,16.0,2021,RED,Annex 5 LLFs,16:00-19:00 (weekdays) (default),0.941,1.096,1.0019085365853655,1.0,164,p/kWh
dno_data_enhanced/enwl-schedule_of_charges-2021-final-v6-llfs.xlsx,Electricity North West,16.0,2021,AMBER,Annex 5 LLFs,"07:00-16:00, 19:00-23:00 (weekdays) (default)",0.941,1.092,1.0017865853658536,1.0,164,p/kWh
dno_data_enhanced/enwl-schedule_of_charges-2021-final-v6-llfs.xlsx,Electricity North West,16.0,2021,GREEN,Annex 5 LLFs,"23:00-07:00 (all days), all day (weekends) (default)",0.941,1.092,1.0015975609756098,1.0,164,p/kWh
dno_data_enhanced/enwl-schedule_of_charges-2021-final-v6-llfs.xlsx,Electricity North West,16.0,2021,RED,Nodal prices,16:00-19:00 (weekdays) (default),0.04,12.48,2.6777777777777776,2.08,54,p/kWh
dno_data_enhanced/enwl-schedule_of_charges-2021-final-v6-llfs.xlsx,Electricity North West,16.0,2021,AMBER,Nodal prices,"07:00-16:00, 19:00-23:00 (weekdays) (default)",0.39,20.08,3.2971428571428567,1.63,21,p/kWh
dno_data_enhanced/enwl-schedule_of_charges-2021-final-v6-llfs.xlsx,Electricity North West,16.0,2021,GREEN,Nodal prices,"23:00-07:00 (all days), all day (weekends) (default)",0.39,14.3,4.430277777777778,3.74,72,p/kWh
dno_data_enhanced/enwl-schedule_of_charges-2021-final-v6-llfs.xlsx,Electricity North West,16.0,2021,GREEN,Charge Calculator,"23:00-07:00 (all days), all day (weekends) (default)",0.214,17.11,5.120425,3.26,40,p/kWh
dno_data_enhanced/shepd-arp_v7_20211122_2023_24_pre-release.xlsx,SSEN Hydro,17.0,2021,RED,ARP_Load characteristics,16:00-19:00 (weekdays) (default),0.419042114105328,0.8668396000657262,0.6074323182999217,0.7183166235328212,8,p/kWh
dno_data_enhanced/shepd-arp_v7_20211122_2023_24_pre-release.xlsx,SSEN Hydro,17.0,2021,AMBER,ARP_Load characteristics,"07:00-16:00, 19:00-23:00 (weekdays) (default)",0.123478523085507,0.1935626446771114,0.1683791050180872,0.1880961472916431,4,p/kWh
dno_data_enhanced/shepd-arp_v7_20211122_2023_24_pre-release.xlsx,SSEN Hydro,17.0,2021,GREEN,ARP_Load characteristics,"23:00-07:00 (all days), all day (weekends) (default)",0.3905286587326127,0.7803892767695262,0.5678732923295869,0.6657430567159845,8,p/kWh
dno_data_enhanced/shepd-arp_v7_20211122_2023_24_pre-release.xlsx,SSEN Hydro,17.0,2021,RED,ARP_Peaking probabilities,16:00-19:00 (weekdays) (default),0.09,0.537,0.3194166666666667,0.3412,16,p/kWh
dno_data_enhanced/shepd-arp_v7_20211122_2023_24_pre-release.xlsx,SSEN Hydro,17.0,2021,AMBER,ARP_Peaking probabilities,"07:00-16:00, 19:00-23:00 (weekdays) (default)",0.05,0.533,0.3380416666666667,0.38,16,p/kWh
dno_data_enhanced/shepd-arp_v7_20211122_2023_24_pre-release.xlsx,SSEN Hydro,17.0,2021,GREEN,ARP_Peaking probabilities,"23:00-07:00 (all days), all day (weekends) (default)",0.05,0.533,0.3380416666666667,0.38,16,p/kWh
dno_data_enhanced/shepd-arp_v7_20211122_2023_24_pre-release.xlsx,SSEN Hydro,17.0,2021,RED,ARP_Inputs by network level,16:00-19:00 (weekdays) (default),0.004,1.093,0.3931063636363636,0.3329333333333333,55,p/kWh
dno_data_enhanced/shepd-arp_v7_20211122_2023_24_pre-release.xlsx,SSEN Hydro,17.0,2021,AMBER,ARP_Inputs by network level,"07:00-16:00, 19:00-23:00 (weekdays) (default)",0.0041617122473246,1.09,0.3988253888231074,0.33,55,p/kWh
dno_data_enhanced/shepd-arp_v7_20211122_2023_24_pre-release.xlsx,SSEN Hydro,17.0,2021,GREEN,ARP_Inputs by network level,"23:00-07:00 (all days), all day (weekends) (default)",0.0041617122473246,1.093,0.3976540042685264,0.33,55,p/kWh
dno_data_enhanced/shepd-arp_v7_20211122_2023_24_pre-release.xlsx,SSEN Hydro,17.0,2021,RED,Inputs by network level,16:00-19:00 (weekdays) (default),0.061,1.0,0.3583809523809523,0.2948333333333333,7,p/kWh
dno_data_enhanced/shepd-arp_v7_20211122_2023_24_pre-release.xlsx,SSEN Hydro,17.0,2021,AMBER,Inputs by network level,"07:00-16:00, 19:00-23:00 (weekdays) (default)",0.006,1.014,0.2398560606060606,0.1134,11,p/kWh
dno_data_enhanced/shepd-arp_v7_20211122_2023_24_pre-release.xlsx,SSEN Hydro,17.0,2021,GREEN,Inputs by network level,"23:00-07:00 (all days), all day (weekends) (default)",0.004,1.027,0.2573166666666667,0.17,10,p/kWh
dno_data_enhanced/shepd-arp_v7_20211122_2023_24_pre-release.xlsx,SSEN Hydro,17.0,2021,RED,Load & loss characteristics,16:00-19:00 (weekdays) (default),1.093,1.093,1.093,1.093,1,p/kWh
dno_data_enhanced/shepd-arp_v7_20211122_2023_24_pre-release.xlsx,SSEN Hydro,17.0,2021,RED,Customer contributions,16:00-19:00 (weekdays) (default),0.006,0.012,0.0075,0.006,20,p/kWh
dno_data_enhanced/shepd-arp_v7_20211122_2023_24_pre-release.xlsx,SSEN Hydro,17.0,2021,AMBER,Customer contributions,"07:00-16:00, 19:00-23:00 (weekdays) (default)",0.004,0.008,0.005,0.004,20,p/kWh
dno_data_enhanced/shepd-arp_v7_20211122_2023_24_pre-release.xlsx,SSEN Hydro,17.0,2021,GREEN,Customer contributions,"23:00-07:00 (all days), all day (weekends) (default)",0.389,0.425,0.4174210526315789,0.425,19,p/kWh
dno_data_enhanced/shepd-arp_v7_20211122_2023_24_pre-release.xlsx,SSEN Hydro,17.0,2021,GREEN,Pseudo-load coefficients,"23:00-07:00 (all days), all day (weekends) (default)",4.105956923076922,4.105956923076922,4.105956923076922,4.105956923076922,1,p/kWh
dno_data_enhanced/shepd-arp_v7_20211122_2023_24_pre-release.xlsx,SSEN Hydro,17.0,2021,RED,Revenue matching,16:00-19:00 (weekdays) (default),1.0,1.0,1.0,1.0,7,p/kWh
dno_data_enhanced/EMEB-Schedule of charges and other tables-2021 V.0.2.xlsx,National Grid East Midlands,12.0,2021,RED,"Annex 1 LV, HV and UMS charges",16:00-19:00 (weekdays) (default),0.935,11.0,4.487727272727273,2.0,22,p/kWh
dno_data_enhanced/EMEB-Schedule of charges and other tables-2021 V.0.2.xlsx,National Grid East Midlands,12.0,2021,GREEN,"Annex 1 LV, HV and UMS charges","23:00-07:00 (all days), all day (weekends) (default)",0.935,8.743,3.607521739130435,1.868,23,p/kWh
dno_data_enhanced/EMEB-Schedule of charges and other tables-2021 V.0.2.xlsx,National Grid East Midlands,12.0,2021,RED,Annex 4 LDNO charges,16:00-19:00 (weekdays) (default),0.65,6.075,2.532368421052632,1.298,19,p/kWh
dno_data_enhanced/EMEB-Schedule of charges and other tables-2021 V.0.2.xlsx,National Grid East Midlands,12.0,2021,GREEN,Annex 4 LDNO charges,"23:00-07:00 (all days), all day (weekends) (default)",0.65,6.075,2.520130434782609,1.298,23,p/kWh
dno_data_enhanced/sepd--schedule-of-charges-and-other-tables-embedded-networks-april-2021_v1.1.xlsx,SSEN Southern,20.0,2021,RED,"Annex 1 LV, HV & UMS charges_A",16:00-19:00 (weekdays) (default),0.261,15.577,4.775789473684211,0.71,19,p/kWh
dno_data_enhanced/sepd--schedule-of-charges-and-other-tables-embedded-networks-april-2021_v1.1.xlsx,SSEN Southern,20.0,2021,GREEN,"Annex 1 LV, HV & UMS charges_A","23:00-07:00 (all days), all day (weekends) (default)",0.261,15.577,4.675260869565218,0.71,23,p/kWh
dno_data_enhanced/sepd--schedule-of-charges-and-other-tables-embedded-networks-april-2021_v1.1.xlsx,SSEN Southern,20.0,2021,RED,"Annex 1 LV, HV & UMS charges_B",16:00-19:00 (weekdays) (default),0.935,8.743,3.4594736842105265,1.868,19,p/kWh
dno_data_enhanced/sepd--schedule-of-charges-and-other-tables-embedded-networks-april-2021_v1.1.xlsx,SSEN Southern,20.0,2021,GREEN,"Annex 1 LV, HV & UMS charges_B","23:00-07:00 (all days), all day (weekends) (default)",0.935,8.743,3.607521739130435,1.868,23,p/kWh
dno_data_enhanced/sepd--schedule-of-charges-and-other-tables-embedded-networks-april-2021_v1.1.xlsx,SSEN Southern,20.0,2021,RED,"Annex 1 LV, HV & UMS charges_C",16:00-19:00 (weekdays) (default),0.907,9.694,4.3575,2.0,14,p/kWh
dno_data_enhanced/sepd--schedule-of-charges-and-other-tables-embedded-networks-april-2021_v1.1.xlsx,SSEN Southern,20.0,2021,GREEN,"Annex 1 LV, HV & UMS charges_C","23:00-07:00 (all days), all day (weekends) (default)",0.907,9.694,4.3395294117647065,3.31,17,p/kWh
dno_data_enhanced/sepd--schedule-of-charges-and-other-tables-embedded-networks-april-2021_v1.1.xlsx,SSEN Southern,20.0,2021,RED,"Annex 1 LV, HV & UMS charges_D",16:00-19:00 (weekdays) (default),1.563,11.481,4.633157894736843,2.962,19,p/kWh
dno_data_enhanced/sepd--schedule-of-charges-and-other-tables-embedded-networks-april-2021_v1.1.xlsx,SSEN Southern,20.0,2021,GREEN,"Annex 1 LV, HV & UMS charges_D","23:00-07:00 (all days), all day (weekends) (default)",1.563,11.481,4.586739130434783,2.962,23,p/kWh
dno_data_enhanced/sepd--schedule-of-charges-and-other-tables-embedded-networks-april-2021_v1.1.xlsx,SSEN Southern,20.0,2021,RED,"Annex 1 LV, HV & UMS charges_E",16:00-19:00 (weekdays) (default),1.169,7.704,3.2568421052631575,1.903,19,p/kWh
dno_data_enhanced/sepd--schedule-of-charges-and-other-tables-embedded-networks-april-2021_v1.1.xlsx,SSEN Southern,20.0,2021,GREEN,"Annex 1 LV, HV & UMS charges_E","23:00-07:00 (all days), all day (weekends) (default)",1.169,7.704,3.772695652173913,1.903,23,p/kWh
dno_data_enhanced/sepd--schedule-of-charges-and-other-tables-embedded-networks-april-2021_v1.1.xlsx,SSEN Southern,20.0,2021,RED,"Annex 1 LV, HV & UMS charges_F",16:00-19:00 (weekdays) (default),1.269,8.417,3.496052631578947,1.999,19,p/kWh
dno_data_enhanced/sepd--schedule-of-charges-and-other-tables-embedded-networks-april-2021_v1.1.xlsx,SSEN Southern,20.0,2021,GREEN,"Annex 1 LV, HV & UMS charges_F","23:00-07:00 (all days), all day (weekends) (default)",1.269,8.417,4.310130434782608,1.999,23,p/kWh
dno_data_enhanced/sepd--schedule-of-charges-and-other-tables-embedded-networks-april-2021_v1.1.xlsx,SSEN Southern,20.0,2021,RED,"Annex 1 LV, HV & UMS charges_G",16:00-19:00 (weekdays) (default),0.686,9.18,3.5123684210526314,1.881,19,p/kWh
dno_data_enhanced/sepd--schedule-of-charges-and-other-tables-embedded-networks-april-2021_v1.1.xlsx,SSEN Southern,20.0,2021,GREEN,"Annex 1 LV, HV & UMS charges_G","23:00-07:00 (all days), all day (weekends) (default)",0.686,9.18,3.7896521739130433,1.881,23,p/kWh
dno_data_enhanced/sepd--schedule-of-charges-and-other-tables-embedded-networks-april-2021_v1.1.xlsx,SSEN Southern,20.0,2021,RED,"Annex 1 LV, HV & UMS charges_J",16:00-19:00 (weekdays) (default),0.665,16.865,5.3521052631578945,1.208,19,p/kWh
dno_data_enhanced/sepd--schedule-of-charges-and-other-tables-embedded-networks-april-2021_v1.1.xlsx,SSEN Southern,20.0,2021,GREEN,"Annex 1 LV, HV & UMS charges_J","23:00-07:00 (all days), all day (weekends) (default)",0.665,16.865,5.1957826086956524,1.208,23,p/kWh
dno_data_enhanced/sepd--schedule-of-charges-and-other-tables-embedded-networks-april-2021_v1.1.xlsx,SSEN Southern,20.0,2021,RED,"Annex 1 LV, HV & UMS charges_K",16:00-19:00 (weekdays) (default),1.441,11.813,4.488421052631579,2.202,19,p/kWh
dno_data_enhanced/sepd--schedule-of-charges-and-other-tables-embedded-networks-april-2021_v1.1.xlsx,SSEN Southern,20.0,2021,GREEN,"Annex 1 LV, HV & UMS charges_K","23:00-07:00 (all days), all day (weekends) (default)",1.441,11.813,4.760130434782609,2.202,23,p/kWh
dno_data_enhanced/sepd--schedule-of-charges-and-other-tables-embedded-networks-april-2021_v1.1.xlsx,SSEN Southern,20.0,2021,RED,"Annex 1 LV, HV & UMS charges_L",16:00-19:00 (weekdays) (default),1.441,15.692,5.477368421052632,2.081,19,p/kWh
dno_data_enhanced/sepd--schedule-of-charges-and-other-tables-embedded-networks-april-2021_v1.1.xlsx,SSEN Southern,20.0,2021,GREEN,"Annex 1 LV, HV & UMS charges_L","23:00-07:00 (all days), all day (weekends) (default)",1.441,15.692,5.764869565217392,2.081,23,p/kWh
dno_data_enhanced/sepd--schedule-of-charges-and-other-tables-embedded-networks-april-2021_v1.1.xlsx,SSEN Southern,20.0,2021,RED,"Annex 1 LV, HV & UMS charges_M",16:00-19:00 (weekdays) (default),1.104,5.555,2.6539473684210524,1.826,19,p/kWh
dno_data_enhanced/sepd--schedule-of-charges-and-other-tables-embedded-networks-april-2021_v1.1.xlsx,SSEN Southern,20.0,2021,GREEN,"Annex 1 LV, HV & UMS charges_M","23:00-07:00 (all days), all day (weekends) (default)",1.104,6.58,3.688478260869565,1.826,23,p/kWh
dno_data_enhanced/sepd--schedule-of-charges-and-other-tables-embedded-networks-april-2021_v1.1.xlsx,SSEN Southern,20.0,2021,RED,Annex 4 LDNO charges_A,16:00-19:00 (weekdays) (default),0.178,10.628,3.392105263157895,0.484,19,p/kWh
dno_data_enhanced/sepd--schedule-of-charges-and-other-tables-embedded-networks-april-2021_v1.1.xlsx,SSEN Southern,20.0,2021,GREEN,Annex 4 LDNO charges_A,"23:00-07:00 (all days), all day (weekends) (default)",0.178,10.628,3.2005217391304344,0.484,23,p/kWh
dno_data_enhanced/sepd--schedule-of-charges-and-other-tables-embedded-networks-april-2021_v1.1.xlsx,SSEN Southern,20.0,2021,RED,Annex 4 LDNO charges_B,16:00-19:00 (weekdays) (default),0.65,6.075,2.532368421052632,1.298,19,p/kWh
dno_data_enhanced/sepd--schedule-of-charges-and-other-tables-embedded-networks-april-2021_v1.1.xlsx,SSEN Southern,20.0,2021,GREEN,Annex 4 LDNO charges_B,"23:00-07:00 (all days), all day (weekends) (default)",0.65,6.075,2.520130434782609,1.298,23,p/kWh
dno_data_enhanced/sepd--schedule-of-charges-and-other-tables-embedded-networks-april-2021_v1.1.xlsx,SSEN Southern,20.0,2021,RED,Annex 4 LDNO charges_C,16:00-19:00 (weekdays) (default),0.661,7.069,3.332142857142857,2.0,14,p/kWh
dno_data_enhanced/sepd--schedule-of-charges-and-other-tables-embedded-networks-april-2021_v1.1.xlsx,SSEN Southern,20.0,2021,GREEN,Annex 4 LDNO charges_C,"23:00-07:00 (all days), all day (weekends) (default)",0.661,7.069,3.177117647058824,2.45,17,p/kWh
dno_data_enhanced/sepd--schedule-of-charges-and-other-tables-embedded-networks-april-2021_v1.1.xlsx,SSEN Southern,20.0,2021,RED,Annex 4 LDNO charges_D,16:00-19:00 (weekdays) (default),0.969,7.118,3.307666666666667,1.836,15,p/kWh
dno_data_enhanced/sepd--schedule-of-charges-and-other-tables-embedded-networks-april-2021_v1.1.xlsx,SSEN Southern,20.0,2021,GREEN,Annex 4 LDNO charges_D,"23:00-07:00 (all days), all day (weekends) (default)",0.969,7.118,2.8686956521739133,1.836,23,p/kWh
dno_data_enhanced/sepd--schedule-of-charges-and-other-tables-embedded-networks-april-2021_v1.1.xlsx,SSEN Southern,20.0,2021,RED,Annex 4 LDNO charges_E,16:00-19:00 (weekdays) (default),0.774,5.104,2.299736842105263,1.261,19,p/kWh
dno_data_enhanced/sepd--schedule-of-charges-and-other-tables-embedded-networks-april-2021_v1.1.xlsx,SSEN Southern,20.0,2021,GREEN,Annex 4 LDNO charges_E,"23:00-07:00 (all days), all day (weekends) (default)",0.774,5.104,2.5169565217391305,1.261,23,p/kWh
dno_data_enhanced/sepd--schedule-of-charges-and-other-tables-embedded-networks-april-2021_v1.1.xlsx,SSEN Southern,20.0,2021,RED,Annex 4 LDNO charges_F,16:00-19:00 (weekdays) (default),0.755,5.006,2.25,1.189,19,p/kWh
dno_data_enhanced/sepd--schedule-of-charges-and-other-tables-embedded-networks-april-2021_v1.1.xlsx,SSEN Southern,20.0,2021,GREEN,Annex 4 LDNO charges_F,"23:00-07:00 (all days), all day (weekends) (default)",0.755,5.006,2.5840869565217393,1.189,23,p/kWh
dno_data_enhanced/sepd--schedule-of-charges-and-other-tables-embedded-networks-april-2021_v1.1.xlsx,SSEN Southern,20.0,2021,RED,Annex 4 LDNO charges_G,16:00-19:00 (weekdays) (default),0.44,5.889,2.403947368421053,1.206,19,p/kWh
dno_data_enhanced/sepd--schedule-of-charges-and-other-tables-embedded-networks-april-2021_v1.1.xlsx,SSEN Southern,20.0,2021,GREEN,Annex 4 LDNO charges_G,"23:00-07:00 (all days), all day (weekends) (default)",0.44,5.889,2.442652173913044,1.206,23,p/kWh
dno_data_enhanced/sepd--schedule-of-charges-and-other-tables-embedded-networks-april-2021_v1.1.xlsx,SSEN Southern,20.0,2021,RED,Annex 4 LDNO charges_J,16:00-19:00 (weekdays) (default),0.453,11.484,3.778684210526316,0.822,19,p/kWh
dno_data_enhanced/sepd--schedule-of-charges-and-other-tables-embedded-networks-april-2021_v1.1.xlsx,SSEN Southern,20.0,2021,GREEN,Annex 4 LDNO charges_J,"23:00-07:00 (all days), all day (weekends) (default)",0.453,11.484,3.5543478260869565,0.822,23,p/kWh
dno_data_enhanced/sepd--schedule-of-charges-and-other-tables-embedded-networks-april-2021_v1.1.xlsx,SSEN Southern,20.0,2021,RED,Annex 4 LDNO charges_K,16:00-19:00 (weekdays) (default),0.961,7.877,3.133421052631579,1.469,19,p/kWh
dno_data_enhanced/sepd--schedule-of-charges-and-other-tables-embedded-networks-april-2021_v1.1.xlsx,SSEN Southern,20.0,2021,GREEN,Annex 4 LDNO charges_K,"23:00-07:00 (all days), all day (weekends) (default)",0.961,7.877,3.191521739130435,1.469,23,p/kWh
dno_data_enhanced/sepd--schedule-of-charges-and-other-tables-embedded-networks-april-2021_v1.1.xlsx,SSEN Southern,20.0,2021,RED,Annex 4 LDNO charges_L,16:00-19:00 (weekdays) (default),0.893,9.722,3.5536842105263156,1.289,19,p/kWh
dno_data_enhanced/sepd--schedule-of-charges-and-other-tables-embedded-networks-april-2021_v1.1.xlsx,SSEN Southern,20.0,2021,GREEN,Annex 4 LDNO charges_L,"23:00-07:00 (all days), all day (weekends) (default)",0.893,9.722,3.5957391304347825,1.289,23,p/kWh
dno_data_enhanced/sepd--schedule-of-charges-and-other-tables-embedded-networks-april-2021_v1.1.xlsx,SSEN Southern,20.0,2021,RED,Annex 4 LDNO charges_M,16:00-19:00 (weekdays) (default),0.662,3.334,1.7610526315789474,1.096,19,p/kWh
dno_data_enhanced/sepd--schedule-of-charges-and-other-tables-embedded-networks-april-2021_v1.1.xlsx,SSEN Southern,20.0,2021,GREEN,Annex 4 LDNO charges_M,"23:00-07:00 (all days), all day (weekends) (default)",0.662,4.01,2.229478260869566,1.096,23,p/kWh
dno_data_enhanced/sepd--schedule-of-charges-and-other-tables-embedded-networks-april-2021_v1.1.xlsx,SSEN Southern,20.0,2021,RED,Annex 5 LLFs_A,16:00-19:00 (weekdays) (default),1.004,1.106,1.0564,1.06,10,p/kWh
dno_data_enhanced/sepd--schedule-of-charges-and-other-tables-embedded-networks-april-2021_v1.1.xlsx,SSEN Southern,20.0,2021,AMBER,Annex 5 LLFs_A,"07:00-16:00, 19:00-23:00 (weekdays) (default)",1.003,1.081,1.043,1.045,10,p/kWh
dno_data_enhanced/sepd--schedule-of-charges-and-other-tables-embedded-networks-april-2021_v1.1.xlsx,SSEN Southern,20.0,2021,GREEN,Annex 5 LLFs_A,"23:00-07:00 (all days), all day (weekends) (default)",1.004,1.095,1.0508000000000002,1.054,10,p/kWh
dno_data_enhanced/sepd--schedule-of-charges-and-other-tables-embedded-networks-april-2021_v1.1.xlsx,SSEN Southern,20.0,2021,RED,Annex 5 LLFs_J,16:00-19:00 (weekdays) (default),1.005,1.074,1.0398571428571428,1.043,7,p/kWh
dno_data_enhanced/sepd--schedule-of-charges-and-other-tables-embedded-networks-april-2021_v1.1.xlsx,SSEN Southern,20.0,2021,AMBER,Annex 5 LLFs_J,"07:00-16:00, 19:00-23:00 (weekdays) (default)",1.005,1.078,1.0417142857142856,1.045,7,p/kWh
dno_data_enhanced/sepd--schedule-of-charges-and-other-tables-embedded-networks-april-2021_v1.1.xlsx,SSEN Southern,20.0,2021,GREEN,Annex 5 LLFs_J,"23:00-07:00 (all days), all day (weekends) (default)",1.004,1.067,1.0352857142857144,1.037,7,p/kWh
dno_data_enhanced/sepd--schedule-of-charges-and-other-tables-embedded-networks-april-2021_v1.1.xlsx,SSEN Southern,20.0,2021,RED,Nodal prices_A,16:00-19:00 (weekdays) (default),0.0571811886400689,0.1436924839994655,0.1004368363197672,0.1436924839994655,2,p/kWh
dno_data_enhanced/sepd--schedule-of-charges-and-other-tables-embedded-networks-april-2021_v1.1.xlsx,SSEN Southern,20.0,2021,GREEN,Nodal prices_A,"23:00-07:00 (all days), all day (weekends) (default)",0.0081102468387584,4.75188425629847,1.220129020069805,0.1537147770580706,5,p/kWh
dno_data_enhanced/sepd--schedule-of-charges-and-other-tables-embedded-networks-april-2021_v1.1.xlsx,SSEN Southern,20.0,2021,GREEN,Nodal prices_D,"23:00-07:00 (all days), all day (weekends) (default)",0.173404615032,3.0,2.661002956087286,3.0,14,p/kWh
dno_data_enhanced/sepd--schedule-of-charges-and-other-tables-embedded-networks-april-2021_v1.1.xlsx,SSEN Southern,20.0,2021,RED,Nodal prices_F,16:00-19:00 (weekdays) (default),0.2454188040429999,2.33645053844,1.2909346712415,2.33645053844,2,p/kWh
dno_data_enhanced/sepd--schedule-of-charges-and-other-tables-embedded-networks-april-2021_v1.1.xlsx,SSEN Southern,20.0,2021,AMBER,Nodal prices_F,"07:00-16:00, 19:00-23:00 (weekdays) (default)",0.1841845656319999,0.234848293799,0.2095164297155,0.234848293799,2,p/kWh
dno_data_enhanced/sepd--schedule-of-charges-and-other-tables-embedded-networks-april-2021_v1.1.xlsx,SSEN Southern,20.0,2021,GREEN,Nodal prices_F,"23:00-07:00 (all days), all day (weekends) (default)",0.192590885897,2.19910304898,0.76708643419725,0.448051981224,4,p/kWh
dno_data_enhanced/sepd--schedule-of-charges-and-other-tables-embedded-networks-april-2021_v1.1.xlsx,SSEN Southern,20.0,2021,RED,Nodal prices_G,16:00-19:00 (weekdays) (default),0.04,12.48,2.6777777777777776,2.08,54,p/kWh
dno_data_enhanced/sepd--schedule-of-charges-and-other-tables-embedded-networks-april-2021_v1.1.xlsx,SSEN Southern,20.0,2021,AMBER,Nodal prices_G,"07:00-16:00, 19:00-23:00 (weekdays) (default)",0.39,20.08,3.2971428571428567,1.63,21,p/kWh
dno_data_enhanced/sepd--schedule-of-charges-and-other-tables-embedded-networks-april-2021_v1.1.xlsx,SSEN Southern,20.0,2021,GREEN,Nodal prices_G,"23:00-07:00 (all days), all day (weekends) (default)",0.39,14.3,4.430277777777778,3.74,72,p/kWh
dno_data_enhanced/sepd--schedule-of-charges-and-other-tables-embedded-networks-april-2021_v1.1.xlsx,SSEN Southern,20.0,2021,RED,Nodal prices_J,16:00-19:00 (weekdays) (default),0.02060531262738,0.5068608080270143,0.2637330603271972,0.5068608080270143,4,p/kWh
dno_data_enhanced/sepd--schedule-of-charges-and-other-tables-embedded-networks-april-2021_v1.1.xlsx,SSEN Southern,20.0,2021,GREEN,Nodal prices_J,"23:00-07:00 (all days), all day (weekends) (default)",0.242044124282518,1.011502502493522,0.62677331338802,1.011502502493522,2,p/kWh
dno_data_enhanced/sepd--schedule-of-charges-and-other-tables-embedded-networks-april-2021_v1.1.xlsx,SSEN Southern,20.0,2021,RED,Nodal prices_K,16:00-19:00 (weekdays) (default),0.0653206373618923,9.47293166114612,3.0292860513322895,1.7113617756557655,4,p/kWh
dno_data_enhanced/sepd--schedule-of-charges-and-other-tables-embedded-networks-april-2021_v1.1.xlsx,SSEN Southern,20.0,2021,RED,Nodal prices_L,16:00-19:00 (weekdays) (default),0.3269372544973533,15.66322499414792,5.893159698829482,1.1880621658522486,5,p/kWh
dno_data_enhanced/sepd--schedule-of-charges-and-other-tables-embedded-networks-april-2021_v1.1.xlsx,SSEN Southern,20.0,2021,RED,Nodal prices_M,16:00-19:00 (weekdays) (default),0.217711111361,2.1414648080900003,1.08665616360975,1.67377280955,4,p/kWh
dno_data_enhanced/sepd--schedule-of-charges-and-other-tables-embedded-networks-april-2021_v1.1.xlsx,SSEN Southern,20.0,2021,GREEN,Nodal prices_M,"23:00-07:00 (all days), all day (weekends) (default)",0.0144846269272,3.85130486231,1.02888448206385,0.459215827701,12,p/kWh
dno_data_enhanced/sepd--schedule-of-charges-and-other-tables-embedded-networks-april-2021_v1.1.xlsx,SSEN Southern,20.0,2021,GREEN,Charge Calculator,"23:00-07:00 (all days), all day (weekends) (default)",0.224,10.77,4.614725,3.49,40,p/kWh
dno_data_enhanced/SWAE-Schedule of charges and other tables-2021 V.0.2.xlsx,National Grid South Wales,21.0,2021,RED,"Annex 1 LV, HV and UMS charges",16:00-19:00 (weekdays) (default),1.441,11.813,4.488421052631579,2.202,19,p/kWh
dno_data_enhanced/SWAE-Schedule of charges and other tables-2021 V.0.2.xlsx,National Grid South Wales,21.0,2021,GREEN,"Annex 1 LV, HV and UMS charges","23:00-07:00 (all days), all day (weekends) (default)",1.441,11.813,4.760130434782609,2.202,23,p/kWh
dno_data_enhanced/SWAE-Schedule of charges and other tables-2021 V.0.2.xlsx,National Grid South Wales,21.0,2021,RED,Annex 4 LDNO charges,16:00-19:00 (weekdays) (default),0.961,7.877,3.133421052631579,1.469,19,p/kWh
dno_data_enhanced/SWAE-Schedule of charges and other tables-2021 V.0.2.xlsx,National Grid South Wales,21.0,2021,GREEN,Annex 4 LDNO charges,"23:00-07:00 (all days), all day (weekends) (default)",0.961,7.877,3.191521739130435,1.469,23,p/kWh
dno_data_enhanced/SWAE-Schedule of charges and other tables-2021 V.0.2.xlsx,National Grid South Wales,21.0,2021,RED,Nodal prices,16:00-19:00 (weekdays) (default),0.0653206373618923,9.47293166114612,3.0292860513322895,1.7113617756557655,4,p/kWh
dno_data_enhanced/sepd_schedule-of-charges-and-other-tables-april-2021-v1.4.xlsx,SSEN Southern,20.0,2021,RED,"Annex 1 LV, HV and UMS charges",16:00-19:00 (weekdays) (default),0.502,9.017,3.2971052631578943,1.41,19,p/kWh
dno_data_enhanced/sepd_schedule-of-charges-and-other-tables-april-2021-v1.4.xlsx,SSEN Southern,20.0,2021,GREEN,"Annex 1 LV, HV and UMS charges","23:00-07:00 (all days), all day (weekends) (default)",0.502,9.017,3.518130434782609,1.41,23,p/kWh
dno_data_enhanced/sepd_schedule-of-charges-and-other-tables-april-2021-v1.4.xlsx,SSEN Southern,20.0,2021,RED,Annex 3 Preserved charges,16:00-19:00 (weekdays) (default),0.502,9.017,3.23225,2.0,12,p/kWh
dno_data_enhanced/sepd_schedule-of-charges-and-other-tables-april-2021-v1.4.xlsx,SSEN Southern,20.0,2021,GREEN,Annex 3 Preserved charges,"23:00-07:00 (all days), all day (weekends) (default)",0.502,9.017,3.74725,4.06,12,p/kWh
dno_data_enhanced/sepd_schedule-of-charges-and-other-tables-april-2021-v1.4.xlsx,SSEN Southern,20.0,2021,RED,Annex 4 LDNO charges,16:00-19:00 (weekdays) (default),0.326,5.859,2.367,0.916,15,p/kWh
dno_data_enhanced/sepd_schedule-of-charges-and-other-tables-april-2021-v1.4.xlsx,SSEN Southern,20.0,2021,GREEN,Annex 4 LDNO charges,"23:00-07:00 (all days), all day (weekends) (default)",0.326,5.859,2.304652173913043,0.916,23,p/kWh
dno_data_enhanced/sepd_schedule-of-charges-and-other-tables-april-2021-v1.4.xlsx,SSEN Southern,20.0,2021,RED,Annex 5 LLFs,16:00-19:00 (weekdays) (default),0.987,1.093,1.0178691588785045,1.014,535,p/kWh
dno_data_enhanced/sepd_schedule-of-charges-and-other-tables-april-2021-v1.4.xlsx,SSEN Southern,20.0,2021,AMBER,Annex 5 LLFs,"07:00-16:00, 19:00-23:00 (weekdays) (default)",0.978,1.173,1.015814953271028,1.013,535,p/kWh
dno_data_enhanced/sepd_schedule-of-charges-and-other-tables-april-2021-v1.4.xlsx,SSEN Southern,20.0,2021,GREEN,Annex 5 LLFs,"23:00-07:00 (all days), all day (weekends) (default)",0.964,1.219,1.0160355140186914,1.012,535,p/kWh
dno_data_enhanced/sepd_schedule-of-charges-and-other-tables-april-2021-v1.4.xlsx,SSEN Southern,20.0,2021,RED,Nodal prices,16:00-19:00 (weekdays) (default),4.46795506449845,4.46795506449845,4.46795506449845,4.46795506449845,2,p/kWh
dno_data_enhanced/sepd_schedule-of-charges-and-other-tables-april-2021-v1.4.xlsx,SSEN Southern,20.0,2021,AMBER,Nodal prices,"07:00-16:00, 19:00-23:00 (weekdays) (default)",4.59227694810539,4.59227694810539,4.59227694810539,4.59227694810539,2,p/kWh
dno_data_enhanced/sepd_schedule-of-charges-and-other-tables-april-2021-v1.4.xlsx,SSEN Southern,20.0,2021,GREEN,Charge Calculator,"23:00-07:00 (all days), all day (weekends) (default)",0.215,20.39,5.409906976744186,2.69,43,p/kWh
dno_data_enhanced/shepd_cdcm_v8_20211122_2023_24_pre-release_lrsp-updates_v1.1.xlsx,SSEN Hydro,17.0,2021,RED,Inputs by network level,16:00-19:00 (weekdays) (default),0.061,1.0,0.3583809523809523,0.2948333333333333,7,p/kWh
dno_data_enhanced/shepd_cdcm_v8_20211122_2023_24_pre-release_lrsp-updates_v1.1.xlsx,SSEN Hydro,17.0,2021,AMBER,Inputs by network level,"07:00-16:00, 19:00-23:00 (weekdays) (default)",0.006,1.014,0.2398560606060606,0.1134,11,p/kWh
dno_data_enhanced/shepd_cdcm_v8_20211122_2023_24_pre-release_lrsp-updates_v1.1.xlsx,SSEN Hydro,17.0,2021,GREEN,Inputs by network level,"23:00-07:00 (all days), all day (weekends) (default)",0.004,1.027,0.2573166666666667,0.17,10,p/kWh
dno_data_enhanced/shepd_cdcm_v8_20211122_2023_24_pre-release_lrsp-updates_v1.1.xlsx,SSEN Hydro,17.0,2021,RED,Load & loss characteristics,16:00-19:00 (weekdays) (default),1.093,1.093,1.093,1.093,1,p/kWh
dno_data_enhanced/shepd_cdcm_v8_20211122_2023_24_pre-release_lrsp-updates_v1.1.xlsx,SSEN Hydro,17.0,2021,RED,Customer contributions,16:00-19:00 (weekdays) (default),0.006,0.012,0.0075,0.006,20,p/kWh
dno_data_enhanced/shepd_cdcm_v8_20211122_2023_24_pre-release_lrsp-updates_v1.1.xlsx,SSEN Hydro,17.0,2021,AMBER,Customer contributions,"07:00-16:00, 19:00-23:00 (weekdays) (default)",0.004,0.008,0.005,0.004,20,p/kWh
dno_data_enhanced/shepd_cdcm_v8_20211122_2023_24_pre-release_lrsp-updates_v1.1.xlsx,SSEN Hydro,17.0,2021,GREEN,Customer contributions,"23:00-07:00 (all days), all day (weekends) (default)",0.389,0.425,0.4174210526315789,0.425,19,p/kWh
dno_data_enhanced/shepd_cdcm_v8_20211122_2023_24_pre-release_lrsp-updates_v1.1.xlsx,SSEN Hydro,17.0,2021,GREEN,Pseudo-load coefficients,"23:00-07:00 (all days), all day (weekends) (default)",4.105956923076922,4.105956923076922,4.105956923076922,4.105956923076922,1,p/kWh
dno_data_enhanced/shepd_cdcm_v8_20211122_2023_24_pre-release_lrsp-updates_v1.1.xlsx,SSEN Hydro,17.0,2021,RED,Revenue matching,16:00-19:00 (weekdays) (default),1.0,1.0,1.0,1.0,7,p/kWh
dno_data_enhanced/sepd_pcdm_v4_20211122_2023_24_pre-release.xlsx,SSEN Southern,20.0,2021,RED,Fixed inputs,16:00-19:00 (weekdays) (default),1.0,1.0,1.0,1.0,7,p/kWh
dno_data_enhanced/sepd_pcdm_v4_20211122_2023_24_pre-release.xlsx,SSEN Southern,20.0,2021,AMBER,Fixed inputs,"07:00-16:00, 19:00-23:00 (weekdays) (default)",1.0,1.0,1.0,1.0,6,p/kWh
dno_data_enhanced/sepd_pcdm_v4_20211122_2023_24_pre-release.xlsx,SSEN Southern,20.0,2021,GREEN,Fixed inputs,"23:00-07:00 (all days), all day (weekends) (default)",1.0,1.0,1.0,1.0,5,p/kWh
dno_data_enhanced/sepd_pcdm_v4_20211122_2023_24_pre-release.xlsx,SSEN Southern,20.0,2021,RED,MEAV,16:00-19:00 (weekdays) (default),0.8471884856757066,0.8471884856757066,0.8471884856757066,0.8471884856757066,1,p/kWh
dno_data_enhanced/sepd_pcdm_v4_20211122_2023_24_pre-release.xlsx,SSEN Southern,20.0,2021,RED,Capitalised,16:00-19:00 (weekdays) (default),0.8471884856757066,0.8471884856757066,0.8471884856757066,0.8471884856757066,1,p/kWh
dno_data_enhanced/sepd_pcdm_v4_20211122_2023_24_pre-release.xlsx,SSEN Southern,20.0,2021,RED,Rev allocation,16:00-19:00 (weekdays) (default),0.0333060210236283,1.0,0.3293204781608466,0.2297369975979471,32,p/kWh
dno_data_enhanced/sepd_pcdm_v4_20211122_2023_24_pre-release.xlsx,SSEN Southern,20.0,2021,AMBER,Rev allocation,"07:00-16:00, 19:00-23:00 (weekdays) (default)",0.220367703538239,1.0,0.4517437893877541,0.2711755347010317,11,p/kWh
dno_data_enhanced/sepd_pcdm_v4_20211122_2023_24_pre-release.xlsx,SSEN Southern,20.0,2021,GREEN,Rev allocation,"23:00-07:00 (all days), all day (weekends) (default)",0.1621082492532268,1.0,0.5306866206892774,0.4091557361895448,12,p/kWh
dno_data_enhanced/sepd_pcdm_v4_20211122_2023_24_pre-release.xlsx,SSEN Southern,20.0,2021,RED,EDCM discounts,16:00-19:00 (weekdays) (default),0.0131924474180949,1.0,0.347547057599561,0.1208410084037978,14,p/kWh
dno_data_enhanced/sepd_pcdm_v4_20211122_2023_24_pre-release.xlsx,SSEN Southern,20.0,2021,AMBER,EDCM discounts,"07:00-16:00, 19:00-23:00 (weekdays) (default)",0.6669795982883451,1.0,0.8768363336015458,0.9614953320173254,24,p/kWh
dno_data_enhanced/sepd_pcdm_v4_20211122_2023_24_pre-release.xlsx,SSEN Southern,20.0,2021,GREEN,EDCM discounts,"23:00-07:00 (all days), all day (weekends) (default)",0.3059961490477728,1.0,0.7300898199066495,0.698518454363745,23,p/kWh
dno_data_enhanced/shepd_pcdm_v4_20211122_2023_24_pre-release.xlsx,SSEN Hydro,17.0,2021,RED,Fixed inputs,16:00-19:00 (weekdays) (default),1.0,1.0,1.0,1.0,7,p/kWh
dno_data_enhanced/shepd_pcdm_v4_20211122_2023_24_pre-release.xlsx,SSEN Hydro,17.0,2021,AMBER,Fixed inputs,"07:00-16:00, 19:00-23:00 (weekdays) (default)",1.0,1.0,1.0,1.0,6,p/kWh
dno_data_enhanced/shepd_pcdm_v4_20211122_2023_24_pre-release.xlsx,SSEN Hydro,17.0,2021,GREEN,Fixed inputs,"23:00-07:00 (all days), all day (weekends) (default)",1.0,1.0,1.0,1.0,5,p/kWh
dno_data_enhanced/shepd_pcdm_v4_20211122_2023_24_pre-release.xlsx,SSEN Hydro,17.0,2021,RED,MEAV,16:00-19:00 (weekdays) (default),0.6819913658890814,0.6819913658890814,0.6819913658890814,0.6819913658890814,1,p/kWh
dno_data_enhanced/shepd_pcdm_v4_20211122_2023_24_pre-release.xlsx,SSEN Hydro,17.0,2021,RED,Capitalised,16:00-19:00 (weekdays) (default),0.6819913658890814,0.6819913658890814,0.6819913658890814,0.6819913658890814,1,p/kWh
dno_data_enhanced/shepd_pcdm_v4_20211122_2023_24_pre-release.xlsx,SSEN Hydro,17.0,2021,RED,Rev allocation,16:00-19:00 (weekdays) (default),0.0108362566837464,1.0,0.3641256571685201,0.2868401109961562,29,p/kWh
dno_data_enhanced/shepd_pcdm_v4_20211122_2023_24_pre-release.xlsx,SSEN Hydro,17.0,2021,AMBER,Rev allocation,"07:00-16:00, 19:00-23:00 (weekdays) (default)",0.3518253334897676,1.0,0.5586089272163146,0.4201154248905947,11,p/kWh
dno_data_enhanced/shepd_pcdm_v4_20211122_2023_24_pre-release.xlsx,SSEN Hydro,17.0,2021,GREEN,Rev allocation,"23:00-07:00 (all days), all day (weekends) (default)",0.125105580539402,1.0,0.474747758747374,0.2840354967171939,12,p/kWh
dno_data_enhanced/shepd_pcdm_v4_20211122_2023_24_pre-release.xlsx,SSEN Hydro,17.0,2021,RED,EDCM discounts,16:00-19:00 (weekdays) (default),0.0108362566837464,1.0,0.3982567116929105,0.2868401109961562,12,p/kWh
dno_data_enhanced/shepd_pcdm_v4_20211122_2023_24_pre-release.xlsx,SSEN Hydro,17.0,2021,AMBER,EDCM discounts,"07:00-16:00, 19:00-23:00 (weekdays) (default)",0.6976427338320053,1.0,0.9107122362648202,0.9399810476408084,24,p/kWh
dno_data_enhanced/shepd_pcdm_v4_20211122_2023_24_pre-release.xlsx,SSEN Hydro,17.0,2021,GREEN,EDCM discounts,"23:00-07:00 (all days), all day (weekends) (default)",0.410802622835849,1.0,0.8082019566290807,0.9006461101704555,23,p/kWh
dno_data_enhanced/sepd-arp_v7_20211122_2023_24_pre-release.xlsx,SSEN Southern,20.0,2021,RED,ARP_Load characteristics,16:00-19:00 (weekdays) (default),0.4162925828885303,0.9205195085478975,0.6673855477140878,0.8784214708620084,8,p/kWh
dno_data_enhanced/sepd-arp_v7_20211122_2023_24_pre-release.xlsx,SSEN Southern,20.0,2021,AMBER,ARP_Load characteristics,"07:00-16:00, 19:00-23:00 (weekdays) (default)",0.0534550617607938,0.0974255602425971,0.068464264140201,0.068464264140201,4,p/kWh
dno_data_enhanced/sepd-arp_v7_20211122_2023_24_pre-release.xlsx,SSEN Southern,20.0,2021,GREEN,ARP_Load characteristics,"23:00-07:00 (all days), all day (weekends) (default)",0.368680146606057,0.6595810278361672,0.5066851674099638,0.5421089540547634,8,p/kWh
dno_data_enhanced/sepd-arp_v7_20211122_2023_24_pre-release.xlsx,SSEN Southern,20.0,2021,RED,ARP_Peaking probabilities,16:00-19:00 (weekdays) (default),0.1118491770725072,0.8881508229274927,0.5576499183980935,0.6922761661734339,12,p/kWh
dno_data_enhanced/sepd-arp_v7_20211122_2023_24_pre-release.xlsx,SSEN Southern,20.0,2021,AMBER,ARP_Peaking probabilities,"07:00-16:00, 19:00-23:00 (weekdays) (default)",0.0049657282164738,0.7571483804067973,0.4229686374877764,0.6763302647524999,16,p/kWh
dno_data_enhanced/sepd-arp_v7_20211122_2023_24_pre-release.xlsx,SSEN Southern,20.0,2021,GREEN,ARP_Peaking probabilities,"23:00-07:00 (all days), all day (weekends) (default)",0.0049657282164738,0.7571483804067973,0.4229686374877764,0.6763302647524999,16,p/kWh
dno_data_enhanced/sepd-arp_v7_20211122_2023_24_pre-release.xlsx,SSEN Southern,20.0,2021,RED,ARP_Inputs by network level,16:00-19:00 (weekdays) (default),0.0086754531560986,1.088,0.3991178906419092,0.343799317773253,65,p/kWh
dno_data_enhanced/sepd-arp_v7_20211122_2023_24_pre-release.xlsx,SSEN Southern,20.0,2021,AMBER,ARP_Inputs by network level,"07:00-16:00, 19:00-23:00 (weekdays) (default)",0.0025650962408412,1.089,0.3888448017741733,0.3393962715835692,65,p/kWh
dno_data_enhanced/sepd-arp_v7_20211122_2023_24_pre-release.xlsx,SSEN Southern,20.0,2021,GREEN,ARP_Inputs by network level,"23:00-07:00 (all days), all day (weekends) (default)",0.0018797714734992,1.094,0.3877954885381655,0.343799317773253,65,p/kWh
dno_data_enhanced/sepd-arp_v7_20211122_2023_24_pre-release.xlsx,SSEN Southern,20.0,2021,RED,Inputs by network level,16:00-19:00 (weekdays) (default),0.04949939187329,1.0,0.4920266059677055,0.6729497551942805,6,p/kWh
dno_data_enhanced/sepd-arp_v7_20211122_2023_24_pre-release.xlsx,SSEN Southern,20.0,2021,AMBER,Inputs by network level,"07:00-16:00, 19:00-23:00 (weekdays) (default)",0.012370413198693,1.014,0.2718878690046706,0.0801095473837611,11,p/kWh
dno_data_enhanced/sepd-arp_v7_20211122_2023_24_pre-release.xlsx,SSEN Southern,20.0,2021,GREEN,Inputs by network level,"23:00-07:00 (all days), all day (weekends) (default)",0.0132123283498008,1.02,0.3004418575034403,0.2297104887386627,10,p/kWh
dno_data_enhanced/sepd-arp_v7_20211122_2023_24_pre-release.xlsx,SSEN Southern,20.0,2021,RED,Load & loss characteristics,16:00-19:00 (weekdays) (default),1.088,1.088,1.088,1.088,1,p/kWh
dno_data_enhanced/sepd-arp_v7_20211122_2023_24_pre-release.xlsx,SSEN Southern,20.0,2021,RED,Customer contributions,16:00-19:00 (weekdays) (default),0.012370413198693,0.0345307447997926,0.0179104960989679,0.012370413198693,20,p/kWh
dno_data_enhanced/sepd-arp_v7_20211122_2023_24_pre-release.xlsx,SSEN Southern,20.0,2021,AMBER,Customer contributions,"07:00-16:00, 19:00-23:00 (weekdays) (default)",0.0244009259838578,0.0663810136980219,0.0348959479123988,0.0244009259838578,20,p/kWh
dno_data_enhanced/sepd-arp_v7_20211122_2023_24_pre-release.xlsx,SSEN Southern,20.0,2021,GREEN,Customer contributions,"23:00-07:00 (all days), all day (weekends) (default)",0.343799317773253,0.383232676781521,0.3521010775644673,0.343799317773253,19,p/kWh
dno_data_enhanced/sepd-arp_v7_20211122_2023_24_pre-release.xlsx,SSEN Southern,20.0,2021,RED,Pseudo-load coefficients,16:00-19:00 (weekdays) (default),8.386820710262647,8.386820710262647,8.386820710262647,8.386820710262647,1,p/kWh
dno_data_enhanced/sepd-arp_v7_20211122_2023_24_pre-release.xlsx,SSEN Southern,20.0,2021,GREEN,Pseudo-load coefficients,"23:00-07:00 (all days), all day (weekends) (default)",9.600029596380494,9.600029596380494,9.600029596380494,9.600029596380494,1,p/kWh
dno_data_enhanced/sepd-arp_v7_20211122_2023_24_pre-release.xlsx,SSEN Southern,20.0,2021,RED,Revenue matching,16:00-19:00 (weekdays) (default),1.0,1.0,1.0,1.0,7,p/kWh
dno_data_enhanced/MIDE-Schedule of charges and other tables-2021 V.0.2.xlsx,National Grid East Midlands,12.0,2021,RED,"Annex 1 LV, HV and UMS charges",16:00-19:00 (weekdays) (default),1.169,34.0,7.449090909090909,2.0,22,p/kWh
dno_data_enhanced/MIDE-Schedule of charges and other tables-2021 V.0.2.xlsx,National Grid East Midlands,12.0,2021,GREEN,"Annex 1 LV, HV and UMS charges","23:00-07:00 (all days), all day (weekends) (default)",1.169,7.704,3.772695652173913,1.903,23,p/kWh
dno_data_enhanced/MIDE-Schedule of charges and other tables-2021 V.0.2.xlsx,National Grid East Midlands,12.0,2021,RED,Annex 4 LDNO charges,16:00-19:00 (weekdays) (default),0.774,5.104,2.299736842105263,1.261,19,p/kWh
dno_data_enhanced/MIDE-Schedule of charges and other tables-2021 V.0.2.xlsx,National Grid East Midlands,12.0,2021,GREEN,Annex 4 LDNO charges,"23:00-07:00 (all days), all day (weekends) (default)",0.774,5.104,2.5169565217391305,1.261,23,p/kWh
dno_data_enhanced/sepd_cdcm_v5_2021-22-pre-release_20191108_final.xlsx,SSEN Southern,20.0,2021,RED,Inputs by network level,16:00-19:00 (weekdays) (default),0.0338931046799702,1.0,0.4528098040594412,0.453255230938014,6,p/kWh
dno_data_enhanced/sepd_cdcm_v5_2021-22-pre-release_20191108_final.xlsx,SSEN Southern,20.0,2021,AMBER,Inputs by network level,"07:00-16:00, 19:00-23:00 (weekdays) (default)",0.012370413198693,1.016,0.2640813403043466,0.0772036934487698,11,p/kWh
dno_data_enhanced/sepd_cdcm_v5_2021-22-pre-release_20191108_final.xlsx,SSEN Southern,20.0,2021,GREEN,Inputs by network level,"23:00-07:00 (all days), all day (weekends) (default)",0.0132824143436188,1.022,0.2921452613265832,0.2297104887386627,10,p/kWh
dno_data_enhanced/sepd_cdcm_v5_2021-22-pre-release_20191108_final.xlsx,SSEN Southern,20.0,2021,RED,Load & loss characteristics,16:00-19:00 (weekdays) (default),1.094,1.094,1.094,1.094,1,p/kWh
dno_data_enhanced/sepd_cdcm_v5_2021-22-pre-release_20191108_final.xlsx,SSEN Southern,20.0,2021,RED,Customer contributions,16:00-19:00 (weekdays) (default),0.012370413198693,0.0345307447997926,0.0179104960989679,0.012370413198693,20,p/kWh
dno_data_enhanced/sepd_cdcm_v5_2021-22-pre-release_20191108_final.xlsx,SSEN Southern,20.0,2021,AMBER,Customer contributions,"07:00-16:00, 19:00-23:00 (weekdays) (default)",0.0244009259838578,0.0663810136980219,0.0348959479123988,0.0244009259838578,20,p/kWh
dno_data_enhanced/sepd_cdcm_v5_2021-22-pre-release_20191108_final.xlsx,SSEN Southern,20.0,2021,GREEN,Customer contributions,"23:00-07:00 (all days), all day (weekends) (default)",0.343799317773253,0.383232676781521,0.3521010775644673,0.343799317773253,19,p/kWh
dno_data_enhanced/sepd_cdcm_v5_2021-22-pre-release_20191108_final.xlsx,SSEN Southern,20.0,2021,RED,Pseudo-load coefficients,16:00-19:00 (weekdays) (default),8.6511596148572,8.6511596148572,8.6511596148572,8.6511596148572,1,p/kWh
dno_data_enhanced/sepd_cdcm_v5_2021-22-pre-release_20191108_final.xlsx,SSEN Southern,20.0,2021,GREEN,Pseudo-load coefficients,"23:00-07:00 (all days), all day (weekends) (default)",9.507722886563238,9.507722886563238,9.507722886563238,9.507722886563238,1,p/kWh
dno_data_enhanced/sepd_cdcm_v5_2021-22-pre-release_20191108_final.xlsx,SSEN Southern,20.0,2021,RED,Revenue matching,16:00-19:00 (weekdays) (default),0.4540861336142052,0.4540861336142052,0.4540861336142052,0.4540861336142052,1,p/kWh
dno_data_enhanced/shepd_pcdm_v4_2021-22-pre-release_20191108_final.xlsx,SSEN Hydro,17.0,2021,RED,Fixed inputs,16:00-19:00 (weekdays) (default),1.0,1.0,1.0,1.0,7,p/kWh
dno_data_enhanced/shepd_pcdm_v4_2021-22-pre-release_20191108_final.xlsx,SSEN Hydro,17.0,2021,AMBER,Fixed inputs,"07:00-16:00, 19:00-23:00 (weekdays) (default)",1.0,1.0,1.0,1.0,6,p/kWh
dno_data_enhanced/shepd_pcdm_v4_2021-22-pre-release_20191108_final.xlsx,SSEN Hydro,17.0,2021,GREEN,Fixed inputs,"23:00-07:00 (all days), all day (weekends) (default)",1.0,1.0,1.0,1.0,5,p/kWh
dno_data_enhanced/shepd_pcdm_v4_2021-22-pre-release_20191108_final.xlsx,SSEN Hydro,17.0,2021,RED,MEAV,16:00-19:00 (weekdays) (default),0.6568330942988236,0.6568330942988236,0.6568330942988236,0.6568330942988236,1,p/kWh
dno_data_enhanced/shepd_pcdm_v4_2021-22-pre-release_20191108_final.xlsx,SSEN Hydro,17.0,2021,RED,Capitalised,16:00-19:00 (weekdays) (default),0.6568330942988236,0.6568330942988236,0.6568330942988236,0.6568330942988236,1,p/kWh
dno_data_enhanced/shepd_pcdm_v4_2021-22-pre-release_20191108_final.xlsx,SSEN Hydro,17.0,2021,RED,Rev allocation,16:00-19:00 (weekdays) (default),0.0108362566837464,1.0,0.364124523532685,0.2868401109961563,29,p/kWh
dno_data_enhanced/shepd_pcdm_v4_2021-22-pre-release_20191108_final.xlsx,SSEN Hydro,17.0,2021,AMBER,Rev allocation,"07:00-16:00, 19:00-23:00 (weekdays) (default)",0.3518253334897675,1.0,0.5596962896139434,0.4201154248905947,11,p/kWh
dno_data_enhanced/shepd_pcdm_v4_2021-22-pre-release_20191108_final.xlsx,SSEN Hydro,17.0,2021,GREEN,Rev allocation,"23:00-07:00 (all days), all day (weekends) (default)",0.1223181277270699,1.0,0.4730161178487613,0.2840354967171939,12,p/kWh
dno_data_enhanced/shepd_pcdm_v4_2021-22-pre-release_20191108_final.xlsx,SSEN Hydro,17.0,2021,RED,EDCM discounts,16:00-19:00 (weekdays) (default),0.0108362566837464,1.0,0.3982567116929105,0.2868401109961563,12,p/kWh
dno_data_enhanced/shepd_pcdm_v4_2021-22-pre-release_20191108_final.xlsx,SSEN Hydro,17.0,2021,AMBER,EDCM discounts,"07:00-16:00, 19:00-23:00 (weekdays) (default)",0.6976427338320053,1.0,0.9107122362648202,0.939981047640808,24,p/kWh
dno_data_enhanced/shepd_pcdm_v4_2021-22-pre-release_20191108_final.xlsx,SSEN Hydro,17.0,2021,GREEN,EDCM discounts,"23:00-07:00 (all days), all day (weekends) (default)",0.410802622835849,1.0,0.8082019566290807,0.9006461101704555,23,p/kWh
dno_data_enhanced/shepd_cdcm_v5_2021-22-pre-release_20191108_final.xlsx,SSEN Hydro,17.0,2021,RED,Inputs by network level,16:00-19:00 (weekdays) (default),0.049,1.0,0.3771515202261438,0.33,7,p/kWh
dno_data_enhanced/shepd_cdcm_v5_2021-22-pre-release_20191108_final.xlsx,SSEN Hydro,17.0,2021,AMBER,Inputs by network level,"07:00-16:00, 19:00-23:00 (weekdays) (default)",0.0064338235294117,1.014,0.2407849100515421,0.1810606415830065,11,p/kWh
dno_data_enhanced/shepd_cdcm_v5_2021-22-pre-release_20191108_final.xlsx,SSEN Hydro,17.0,2021,GREEN,Inputs by network level,"23:00-07:00 (all days), all day (weekends) (default)",0.0041617122473246,1.026,0.2560517565158836,0.19,10,p/kWh
dno_data_enhanced/shepd_cdcm_v5_2021-22-pre-release_20191108_final.xlsx,SSEN Hydro,17.0,2021,RED,Load & loss characteristics,16:00-19:00 (weekdays) (default),1.093,1.093,1.093,1.093,1,p/kWh
dno_data_enhanced/shepd_cdcm_v5_2021-22-pre-release_20191108_final.xlsx,SSEN Hydro,17.0,2021,RED,Customer contributions,16:00-19:00 (weekdays) (default),0.0064338235294117,0.0116978609625668,0.0077498328877005,0.0064338235294117,20,p/kWh
dno_data_enhanced/shepd_cdcm_v5_2021-22-pre-release_20191108_final.xlsx,SSEN Hydro,17.0,2021,AMBER,Customer contributions,"07:00-16:00, 19:00-23:00 (weekdays) (default)",0.0041617122473246,0.0075667495405902,0.005012971570641,0.0041617122473246,20,p/kWh
dno_data_enhanced/shepd_cdcm_v5_2021-22-pre-release_20191108_final.xlsx,SSEN Hydro,17.0,2021,GREEN,Customer contributions,"23:00-07:00 (all days), all day (weekends) (default)",0.388968842196157,0.42522380337704,0.4175911799705383,0.42522380337704,19,p/kWh
dno_data_enhanced/shepd_cdcm_v5_2021-22-pre-release_20191108_final.xlsx,SSEN Hydro,17.0,2021,GREEN,Pseudo-load coefficients,"23:00-07:00 (all days), all day (weekends) (default)",5.7057471264367825,5.7057471264367825,5.7057471264367825,5.7057471264367825,1,p/kWh
dno_data_enhanced/shepd_cdcm_v5_2021-22-pre-release_20191108_final.xlsx,SSEN Hydro,17.0,2021,RED,Revenue matching,16:00-19:00 (weekdays) (default),1.3449616736720098,1.3449616736720098,1.3449616736720098,1.3449616736720098,1,p/kWh
dno_data_enhanced/sepd_pcdm_v4_2021-22-pre-release_20191108_final.xlsx,SSEN Southern,20.0,2021,RED,Fixed inputs,16:00-19:00 (weekdays) (default),1.0,1.0,1.0,1.0,7,p/kWh
dno_data_enhanced/sepd_pcdm_v4_2021-22-pre-release_20191108_final.xlsx,SSEN Southern,20.0,2021,AMBER,Fixed inputs,"07:00-16:00, 19:00-23:00 (weekdays) (default)",1.0,1.0,1.0,1.0,6,p/kWh
dno_data_enhanced/sepd_pcdm_v4_2021-22-pre-release_20191108_final.xlsx,SSEN Southern,20.0,2021,GREEN,Fixed inputs,"23:00-07:00 (all days), all day (weekends) (default)",1.0,1.0,1.0,1.0,5,p/kWh
dno_data_enhanced/sepd_pcdm_v4_2021-22-pre-release_20191108_final.xlsx,SSEN Southern,20.0,2021,RED,MEAV,16:00-19:00 (weekdays) (default),0.8499889967471939,0.8499889967471939,0.8499889967471939,0.8499889967471939,1,p/kWh
dno_data_enhanced/sepd_pcdm_v4_2021-22-pre-release_20191108_final.xlsx,SSEN Southern,20.0,2021,RED,Capitalised,16:00-19:00 (weekdays) (default),0.8499889967471939,0.8499889967471939,0.8499889967471939,0.8499889967471939,1,p/kWh
dno_data_enhanced/sepd_pcdm_v4_2021-22-pre-release_20191108_final.xlsx,SSEN Southern,20.0,2021,RED,Rev allocation,16:00-19:00 (weekdays) (default),0.0333060210236283,1.0,0.329320629284202,0.2297369975979471,32,p/kWh
dno_data_enhanced/sepd_pcdm_v4_2021-22-pre-release_20191108_final.xlsx,SSEN Southern,20.0,2021,AMBER,Rev allocation,"07:00-16:00, 19:00-23:00 (weekdays) (default)",0.220367703538239,1.0,0.4516552675991086,0.270881700959637,11,p/kWh
dno_data_enhanced/sepd_pcdm_v4_2021-22-pre-release_20191108_final.xlsx,SSEN Southern,20.0,2021,GREEN,Rev allocation,"23:00-07:00 (all days), all day (weekends) (default)",0.1623527561144822,1.0,0.5308707192690519,0.4099537895286566,12,p/kWh
dno_data_enhanced/sepd_pcdm_v4_2021-22-pre-release_20191108_final.xlsx,SSEN Southern,20.0,2021,RED,EDCM discounts,16:00-19:00 (weekdays) (default),0.0131924474180949,1.0,0.347547057599561,0.1208410084037978,14,p/kWh
dno_data_enhanced/sepd_pcdm_v4_2021-22-pre-release_20191108_final.xlsx,SSEN Southern,20.0,2021,AMBER,EDCM discounts,"07:00-16:00, 19:00-23:00 (weekdays) (default)",0.6669795982883451,1.0,0.8768363336015458,0.9614953320173256,24,p/kWh
dno_data_enhanced/sepd_pcdm_v4_2021-22-pre-release_20191108_final.xlsx,SSEN Southern,20.0,2021,GREEN,EDCM discounts,"23:00-07:00 (all days), all day (weekends) (default)",0.3059961490477728,1.0,0.7300898199066495,0.6985184543637448,23,p/kWh
dno_data_enhanced/SWEB-Schedule of charges and other tables-2021 V.0.2.xlsx,National Grid South West,22.0,2021,RED,"Annex 1 LV, HV and UMS charges",16:00-19:00 (weekdays) (default),1.441,15.692,5.477368421052632,2.081,19,p/kWh
dno_data_enhanced/SWEB-Schedule of charges and other tables-2021 V.0.2.xlsx,National Grid South West,22.0,2021,GREEN,"Annex 1 LV, HV and UMS charges","23:00-07:00 (all days), all day (weekends) (default)",1.441,15.692,5.764869565217392,2.081,23,p/kWh
dno_data_enhanced/SWEB-Schedule of charges and other tables-2021 V.0.2.xlsx,National Grid South West,22.0,2021,RED,Annex 4 LDNO charges,16:00-19:00 (weekdays) (default),0.893,9.722,3.5536842105263156,1.289,19,p/kWh
dno_data_enhanced/SWEB-Schedule of charges and other tables-2021 V.0.2.xlsx,National Grid South West,22.0,2021,GREEN,Annex 4 LDNO charges,"23:00-07:00 (all days), all day (weekends) (default)",0.893,9.722,3.5957391304347825,1.289,23,p/kWh
dno_data_enhanced/SWEB-Schedule of charges and other tables-2021 V.0.2.xlsx,National Grid South West,22.0,2021,RED,Nodal prices,16:00-19:00 (weekdays) (default),0.3269372544973533,15.66322499414792,5.893159698829482,1.1880621658522486,5,p/kWh
dno_data_enhanced/shepd_schedule-of-charges-and-other-tables-april-2021_v1.4.xlsx,SSEN Hydro,17.0,2021,RED,"Annex 1 LV, HV and UMS charges",16:00-19:00 (weekdays) (default),2.043,11.165,5.358,2.866,15,p/kWh
dno_data_enhanced/shepd_schedule-of-charges-and-other-tables-april-2021_v1.4.xlsx,SSEN Hydro,17.0,2021,GREEN,"Annex 1 LV, HV and UMS charges","23:00-07:00 (all days), all day (weekends) (default)",2.043,11.165,5.562565217391304,2.866,23,p/kWh
dno_data_enhanced/shepd_schedule-of-charges-and-other-tables-april-2021_v1.4.xlsx,SSEN Hydro,17.0,2021,RED,Annex 3 Preserved charges,16:00-19:00 (weekdays) (default),2.074,11.6,6.64675,9.98,12,p/kWh
dno_data_enhanced/shepd_schedule-of-charges-and-other-tables-april-2021_v1.4.xlsx,SSEN Hydro,17.0,2021,GREEN,Annex 3 Preserved charges,"23:00-07:00 (all days), all day (weekends) (default)",2.0,11.165,4.5185,2.866,12,p/kWh
dno_data_enhanced/shepd_schedule-of-charges-and-other-tables-april-2021_v1.4.xlsx,SSEN Hydro,17.0,2021,RED,Annex 4 LDNO charges,16:00-19:00 (weekdays) (default),1.441,7.874,3.7786666666666666,2.021,15,p/kWh
dno_data_enhanced/shepd_schedule-of-charges-and-other-tables-april-2021_v1.4.xlsx,SSEN Hydro,17.0,2021,GREEN,Annex 4 LDNO charges,"23:00-07:00 (all days), all day (weekends) (default)",1.441,7.874,3.9609565217391305,2.021,23,p/kWh
dno_data_enhanced/shepd_schedule-of-charges-and-other-tables-april-2021_v1.4.xlsx,SSEN Hydro,17.0,2021,RED,Annex 5 LLFs,16:00-19:00 (weekdays) (default),0.89,1.26,1.006221601489758,1.002,537,p/kWh
dno_data_enhanced/shepd_schedule-of-charges-and-other-tables-april-2021_v1.4.xlsx,SSEN Hydro,17.0,2021,AMBER,Annex 5 LLFs,"07:00-16:00, 19:00-23:00 (weekdays) (default)",0.892,1.266,1.0073240223463686,1.003,537,p/kWh
dno_data_enhanced/shepd_schedule-of-charges-and-other-tables-april-2021_v1.4.xlsx,SSEN Hydro,17.0,2021,GREEN,Annex 5 LLFs,"23:00-07:00 (all days), all day (weekends) (default)",0.901,1.347,1.008387337057728,1.003,537,p/kWh
dno_data_enhanced/shepd_schedule-of-charges-and-other-tables-april-2021_v1.4.xlsx,SSEN Hydro,17.0,2021,GREEN,Charge Calculator,"23:00-07:00 (all days), all day (weekends) (default)",0.273,30.03,8.061906976744185,5.14,43,p/kWh
dno_data_enhanced/shepd--schedule-of-charges-and-other-tables-embedded-networks-april-2021_v1.1.xlsx,SSEN Hydro,17.0,2021,RED,"Annex 1 LV, HV & UMS charges_N",16:00-19:00 (weekdays) (default),1.17,10.155,3.935526315789473,2.03,19,p/kWh
dno_data_enhanced/shepd--schedule-of-charges-and-other-tables-embedded-networks-april-2021_v1.1.xlsx,SSEN Hydro,17.0,2021,GREEN,"Annex 1 LV, HV & UMS charges_N","23:00-07:00 (all days), all day (weekends) (default)",1.17,10.155,4.284130434782608,2.03,23,p/kWh
dno_data_enhanced/shepd--schedule-of-charges-and-other-tables-embedded-networks-april-2021_v1.1.xlsx,SSEN Hydro,17.0,2021,RED,Annex 4 LDNO charges_N,16:00-19:00 (weekdays) (default),0.713,6.188,2.7126666666666663,1.237,15,p/kWh
dno_data_enhanced/shepd--schedule-of-charges-and-other-tables-embedded-networks-april-2021_v1.1.xlsx,SSEN Hydro,17.0,2021,GREEN,Annex 4 LDNO charges_N,"23:00-07:00 (all days), all day (weekends) (default)",0.713,6.188,2.6313043478260867,1.237,23,p/kWh
dno_data_enhanced/shepd--schedule-of-charges-and-other-tables-embedded-networks-april-2021_v1.1.xlsx,SSEN Hydro,17.0,2021,RED,Nodal prices_N,16:00-19:00 (weekdays) (default),2.0,2.0,2.0,2.0,1,p/kWh
dno_data_enhanced/shepd--schedule-of-charges-and-other-tables-embedded-networks-april-2021_v1.1.xlsx,SSEN Hydro,17.0,2021,GREEN,Nodal prices_N,"23:00-07:00 (all days), all day (weekends) (default)",3.0,3.0,3.0,3.0,2,p/kWh
dno_data_enhanced/sepd_cdcm_v8_20211122_2023_24_pre-release_lrsp-updates_v1.1.xlsx,SSEN Southern,20.0,2021,RED,Inputs by network level,16:00-19:00 (weekdays) (default),0.04949939187329,1.0,0.4920266059677055,0.6729497551942805,6,p/kWh
dno_data_enhanced/sepd_cdcm_v8_20211122_2023_24_pre-release_lrsp-updates_v1.1.xlsx,SSEN Southern,20.0,2021,AMBER,Inputs by network level,"07:00-16:00, 19:00-23:00 (weekdays) (default)",0.0086754531560986,1.004,0.4227604702375568,0.2465931996211254,7,p/kWh
dno_data_enhanced/sepd_cdcm_v8_20211122_2023_24_pre-release_lrsp-updates_v1.1.xlsx,SSEN Southern,20.0,2021,GREEN,Inputs by network level,"23:00-07:00 (all days), all day (weekends) (default)",0.0086754531560986,1.008,0.4882641731149614,0.6918745499511058,6,p/kWh
dno_data_enhanced/sepd_cdcm_v8_20211122_2023_24_pre-release_lrsp-updates_v1.1.xlsx,SSEN Southern,20.0,2021,RED,Load & loss characteristics,16:00-19:00 (weekdays) (default),1.088,1.088,1.088,1.088,1,p/kWh
dno_data_enhanced/sepd_cdcm_v8_20211122_2023_24_pre-release_lrsp-updates_v1.1.xlsx,SSEN Southern,20.0,2021,RED,Customer contributions,16:00-19:00 (weekdays) (default),0.012370413198693,0.0345307447997926,0.0179104960989679,0.012370413198693,20,p/kWh
dno_data_enhanced/sepd_cdcm_v8_20211122_2023_24_pre-release_lrsp-updates_v1.1.xlsx,SSEN Southern,20.0,2021,AMBER,Customer contributions,"07:00-16:00, 19:00-23:00 (weekdays) (default)",0.0244009259838578,0.0663810136980219,0.0348959479123988,0.0244009259838578,20,p/kWh
dno_data_enhanced/sepd_cdcm_v8_20211122_2023_24_pre-release_lrsp-updates_v1.1.xlsx,SSEN Southern,20.0,2021,GREEN,Customer contributions,"23:00-07:00 (all days), all day (weekends) (default)",0.343799317773253,0.383232676781521,0.3521010775644673,0.343799317773253,19,p/kWh
dno_data_enhanced/sepd_cdcm_v8_20211122_2023_24_pre-release_lrsp-updates_v1.1.xlsx,SSEN Southern,20.0,2021,RED,Pseudo-load coefficients,16:00-19:00 (weekdays) (default),8.386820710262647,8.386820710262647,8.386820710262647,8.386820710262647,1,p/kWh
dno_data_enhanced/sepd_cdcm_v8_20211122_2023_24_pre-release_lrsp-updates_v1.1.xlsx,SSEN Southern,20.0,2021,GREEN,Pseudo-load coefficients,"23:00-07:00 (all days), all day (weekends) (default)",9.600029596380494,9.600029596380494,9.600029596380494,9.600029596380494,1,p/kWh
dno_data_enhanced/sepd_cdcm_v8_20211122_2023_24_pre-release_lrsp-updates_v1.1.xlsx,SSEN Southern,20.0,2021,RED,Revenue matching,16:00-19:00 (weekdays) (default),1.0,1.0,1.0,1.0,7,p/kWh
