file_path,dno_name,mpan_code,year,band,sheet_name,time_period,min_rate,max_rate,mean_rate,median_rate,count,unit
dno_data_enhanced/shepd_schedule-of-charges-and-other-tables-april-2022.xlsx,SSEN Hydro,17.0,2022,RED,"Annex 1 LV, HV & UMS charges_N",16:00-19:00 (weekdays) (default),0.019,8.501,2.916315789473684,0.962,19,p/kWh
dno_data_enhanced/shepd_schedule-of-charges-and-other-tables-april-2022.xlsx,SSEN Hydro,17.0,2022,GREEN,"Annex 1 LV, HV & UMS charges_N","23:00-07:00 (all days), all day (weekends) (default)",0.019,27.13,9.181347826086956,0.962,23,p/kWh
dno_data_enhanced/shepd_schedule-of-charges-and-other-tables-april-2022.xlsx,SSEN Hydro,17.0,2022,RED,Annex 4 LDNO charges_N,16:00-19:00 (weekdays) (default),0.012,5.173,1.9233333333333331,0.585,15,p/kWh
dno_data_enhanced/shepd_schedule-of-charges-and-other-tables-april-2022.xlsx,SSEN Hydro,17.0,2022,GREEN,Annex 4 LDNO charges_N,"23:00-07:00 (all days), all day (weekends) (default)",0.012,20.18,6.544652173913043,0.585,23,p/kWh
dno_data_enhanced/shepd_schedule-of-charges-and-other-tables-april-2022.xlsx,SSEN Hydro,17.0,2022,RED,Annex 7 Pass-Through Costs_N,16:00-19:00 (weekdays) (default),0.0797710879447593,0.0797710879447593,0.0797710879447593,0.0797710879447593,8,p/kWh
dno_data_enhanced/shepd_schedule-of-charges-and-other-tables-april-2022.xlsx,SSEN Hydro,17.0,2022,AMBER,Annex 7 Pass-Through Costs_N,"07:00-16:00, 19:00-23:00 (weekdays) (default)",9.263345010360473,9.263345010360473,9.263345010360473,9.263345010360473,8,p/kWh
dno_data_enhanced/shepd_schedule-of-charges-and-other-tables-april-2022.xlsx,SSEN Hydro,17.0,2022,GREEN,Annex 7 Pass-Through Costs_N,"23:00-07:00 (all days), all day (weekends) (default)",0.03449169710709,0.03449169710709,0.03449169710709,0.03449169710709,158,p/kWh
dno_data_enhanced/shepd_schedule-of-charges-and-other-tables-april-2022.xlsx,SSEN Hydro,17.0,2022,RED,Nodal prices_N,16:00-19:00 (weekdays) (default),2.0,3.28739163379731,2.643695816898655,3.28739163379731,2,p/kWh
dno_data_enhanced/shepd_schedule-of-charges-and-other-tables-april-2022.xlsx,SSEN Hydro,17.0,2022,GREEN,Nodal prices_N,"23:00-07:00 (all days), all day (weekends) (default)",3.0,3.0,3.0,3.0,1,p/kWh
dno_data_enhanced/shepd_cdcm_v11_20241025_26-27_final.xlsx,SSEN Hydro,17.0,2024,RED,Inputs by network level,16:00-19:00 (weekdays) (default),0.1179761401366893,1.0,0.3458785541421309,0.2190350001177025,7,p/kWh
dno_data_enhanced/shepd_cdcm_v11_20241025_26-27_final.xlsx,SSEN Hydro,17.0,2024,AMBER,Inputs by network level,"07:00-16:00, 19:00-23:00 (weekdays) (default)",0.0933333333333333,1.036,0.4200800704807965,0.3043333333333333,7,p/kWh
dno_data_enhanced/shepd_cdcm_v11_20241025_26-27_final.xlsx,SSEN Hydro,17.0,2024,GREEN,Inputs by network level,"23:00-07:00 (all days), all day (weekends) (default)",0.0933333333333333,1.064,0.420813405835598,0.3043333333333333,6,p/kWh
dno_data_enhanced/shepd_cdcm_v11_20241025_26-27_final.xlsx,SSEN Hydro,17.0,2024,RED,Load & loss characteristics,16:00-19:00 (weekdays) (default),1.091,1.091,1.091,1.091,1,p/kWh
dno_data_enhanced/shepd_cdcm_v11_20241025_26-27_final.xlsx,SSEN Hydro,17.0,2024,GREEN,Pseudo-load coefficients,"23:00-07:00 (all days), all day (weekends) (default)",2.4505065147267873,2.4505065147267873,2.4505065147267873,2.4505065147267873,1,p/kWh
dno_data_enhanced/shepd_cdcm_v11_20241025_26-27_final.xlsx,SSEN Hydro,17.0,2024,RED,Revenue matching,16:00-19:00 (weekdays) (default),1.0,1.0,1.0,1.0,7,p/kWh
dno_data_enhanced/shepd-arp-model-2020-21.xlsx,SSEN Hydro,17.0,2020,RED,ARP_Peaking probabilities,16:00-19:00 (weekdays) (default),0.149,0.582,0.348475,0.3571,16,p/kWh
dno_data_enhanced/shepd-arp-model-2020-21.xlsx,SSEN Hydro,17.0,2020,AMBER,ARP_Peaking probabilities,"07:00-16:00, 19:00-23:00 (weekdays) (default)",0.166,0.488,0.333025,0.35,16,p/kWh
dno_data_enhanced/shepd-arp-model-2020-21.xlsx,SSEN Hydro,17.0,2020,GREEN,ARP_Peaking probabilities,"23:00-07:00 (all days), all day (weekends) (default)",0.166,0.488,0.333025,0.35,16,p/kWh
dno_data_enhanced/shepd-arp-model-2020-21.xlsx,SSEN Hydro,17.0,2020,RED,ARP_Inputs by network level,16:00-19:00 (weekdays) (default),0.0041617122473246,1.09,0.3988253888231074,0.33,55,p/kWh
dno_data_enhanced/shepd-arp-model-2020-21.xlsx,SSEN Hydro,17.0,2020,AMBER,ARP_Inputs by network level,"07:00-16:00, 19:00-23:00 (weekdays) (default)",0.0041617122473246,1.095,0.3888991659704896,0.2856666666666667,55,p/kWh
dno_data_enhanced/shepd-arp-model-2020-21.xlsx,SSEN Hydro,17.0,2020,GREEN,ARP_Inputs by network level,"23:00-07:00 (all days), all day (weekends) (default)",0.0041617122473246,1.095,0.3894420612865726,0.3093333333333333,55,p/kWh
dno_data_enhanced/shepd-arp-model-2020-21.xlsx,SSEN Hydro,17.0,2020,RED,Inputs by customer type,16:00-19:00 (weekdays) (default),0.488763136069175,0.488763136069175,0.488763136069175,0.488763136069175,1,p/kWh
dno_data_enhanced/shepd-arp-model-2020-21.xlsx,SSEN Hydro,17.0,2020,GREEN,Inputs by customer type,"23:00-07:00 (all days), all day (weekends) (default)",0.1257463894758776,0.1257463894758776,0.1257463894758776,0.1257463894758776,1,p/kWh
dno_data_enhanced/shepd-arp-model-2020-21.xlsx,SSEN Hydro,17.0,2020,RED,Inputs by network level,16:00-19:00 (weekdays) (default),0.075,1.0,0.3792857142857143,0.32,7,p/kWh
dno_data_enhanced/shepd-arp-model-2020-21.xlsx,SSEN Hydro,17.0,2020,AMBER,Inputs by network level,"07:00-16:00, 19:00-23:00 (weekdays) (default)",0.0064338235294117,1.015,0.2419148517258142,0.19,11,p/kWh
dno_data_enhanced/shepd-arp-model-2020-21.xlsx,SSEN Hydro,17.0,2020,GREEN,Inputs by network level,"23:00-07:00 (all days), all day (weekends) (default)",0.0041617122473246,1.026,0.2569456923575829,0.19,10,p/kWh
dno_data_enhanced/shepd-arp-model-2020-21.xlsx,SSEN Hydro,17.0,2020,RED,Load & loss characteristics,16:00-19:00 (weekdays) (default),1.035,1.09,1.0753333333333333,1.09,6,p/kWh
dno_data_enhanced/shepd-arp-model-2020-21.xlsx,SSEN Hydro,17.0,2020,GREEN,Load & loss characteristics,"23:00-07:00 (all days), all day (weekends) (default)",1.09,1.09,1.09,1.09,2,p/kWh
dno_data_enhanced/shepd-arp-model-2020-21.xlsx,SSEN Hydro,17.0,2020,RED,Customer contributions,16:00-19:00 (weekdays) (default),0.0064338235294117,0.0116978609625668,0.007571993785229,0.0064338235294117,37,p/kWh
dno_data_enhanced/shepd-arp-model-2020-21.xlsx,SSEN Hydro,17.0,2020,AMBER,Customer contributions,"07:00-16:00, 19:00-23:00 (weekdays) (default)",0.0041617122473246,0.0075667495405902,0.0048979365269496,0.0041617122473246,37,p/kWh
dno_data_enhanced/shepd-arp-model-2020-21.xlsx,SSEN Hydro,17.0,2020,GREEN,Customer contributions,"23:00-07:00 (all days), all day (weekends) (default)",0.388968842196157,0.42522380337704,0.4181742275918683,0.42522380337704,36,p/kWh
dno_data_enhanced/shepd-arp-model-2020-21.xlsx,SSEN Hydro,17.0,2020,RED,Pseudo-load coefficients,16:00-19:00 (weekdays) (default),0.1257463894758776,0.1257463894758776,0.1257463894758776,0.1257463894758776,1,p/kWh
dno_data_enhanced/shepd-arp-model-2020-21.xlsx,SSEN Hydro,17.0,2020,GREEN,Pseudo-load coefficients,"23:00-07:00 (all days), all day (weekends) (default)",1.2217919863511786,1.2217919863511786,1.2217919863511786,1.2217919863511786,1,p/kWh
dno_data_enhanced/shepd-arp-model-2020-21.xlsx,SSEN Hydro,17.0,2020,RED,Revenue matching,16:00-19:00 (weekdays) (default),1.4818671612412857,1.4818671612412857,1.4818671612412857,1.4818671612412857,1,p/kWh
dno_data_enhanced/shepd-cdcm-model-2020-21.xlsx,SSEN Hydro,17.0,2020,RED,Inputs by customer type,16:00-19:00 (weekdays) (default),0.488763136069175,0.488763136069175,0.488763136069175,0.488763136069175,1,p/kWh
dno_data_enhanced/shepd-cdcm-model-2020-21.xlsx,SSEN Hydro,17.0,2020,GREEN,Inputs by customer type,"23:00-07:00 (all days), all day (weekends) (default)",0.1257463894758776,0.1257463894758776,0.1257463894758776,0.1257463894758776,1,p/kWh
dno_data_enhanced/shepd-cdcm-model-2020-21.xlsx,SSEN Hydro,17.0,2020,RED,Inputs by network level,16:00-19:00 (weekdays) (default),0.075,1.0,0.3792857142857143,0.32,7,p/kWh
dno_data_enhanced/shepd-cdcm-model-2020-21.xlsx,SSEN Hydro,17.0,2020,AMBER,Inputs by network level,"07:00-16:00, 19:00-23:00 (weekdays) (default)",0.0064338235294117,1.015,0.2419148517258142,0.19,11,p/kWh
dno_data_enhanced/shepd-cdcm-model-2020-21.xlsx,SSEN Hydro,17.0,2020,GREEN,Inputs by network level,"23:00-07:00 (all days), all day (weekends) (default)",0.0041617122473246,1.026,0.2569456923575829,0.19,10,p/kWh
dno_data_enhanced/shepd-cdcm-model-2020-21.xlsx,SSEN Hydro,17.0,2020,RED,Load & loss characteristics,16:00-19:00 (weekdays) (default),1.035,1.09,1.0753333333333333,1.09,6,p/kWh
dno_data_enhanced/shepd-cdcm-model-2020-21.xlsx,SSEN Hydro,17.0,2020,GREEN,Load & loss characteristics,"23:00-07:00 (all days), all day (weekends) (default)",1.09,1.09,1.09,1.09,2,p/kWh
dno_data_enhanced/shepd-cdcm-model-2020-21.xlsx,SSEN Hydro,17.0,2020,RED,Customer contributions,16:00-19:00 (weekdays) (default),0.0064338235294117,0.0116978609625668,0.007571993785229,0.0064338235294117,37,p/kWh
dno_data_enhanced/shepd-cdcm-model-2020-21.xlsx,SSEN Hydro,17.0,2020,AMBER,Customer contributions,"07:00-16:00, 19:00-23:00 (weekdays) (default)",0.0041617122473246,0.0075667495405902,0.0048979365269496,0.0041617122473246,37,p/kWh
dno_data_enhanced/shepd-cdcm-model-2020-21.xlsx,SSEN Hydro,17.0,2020,GREEN,Customer contributions,"23:00-07:00 (all days), all day (weekends) (default)",0.388968842196157,0.42522380337704,0.4181742275918683,0.42522380337704,36,p/kWh
dno_data_enhanced/shepd-cdcm-model-2020-21.xlsx,SSEN Hydro,17.0,2020,RED,Pseudo-load coefficients,16:00-19:00 (weekdays) (default),0.1257463894758776,0.1257463894758776,0.1257463894758776,0.1257463894758776,1,p/kWh
dno_data_enhanced/shepd-cdcm-model-2020-21.xlsx,SSEN Hydro,17.0,2020,GREEN,Pseudo-load coefficients,"23:00-07:00 (all days), all day (weekends) (default)",1.2217919863511786,1.2217919863511786,1.2217919863511786,1.2217919863511786,1,p/kWh
dno_data_enhanced/shepd-cdcm-model-2020-21.xlsx,SSEN Hydro,17.0,2020,RED,Revenue matching,16:00-19:00 (weekdays) (default),1.4818671612412857,1.4818671612412857,1.4818671612412857,1.4818671612412857,1,p/kWh
dno_data_enhanced/shepd-arp_v7_20211122_2023_24_pre-release.xlsx,SSEN Hydro,17.0,2021,RED,ARP_Load characteristics,16:00-19:00 (weekdays) (default),0.419042114105328,0.8668396000657262,0.6074323182999217,0.7183166235328212,8,p/kWh
dno_data_enhanced/shepd-arp_v7_20211122_2023_24_pre-release.xlsx,SSEN Hydro,17.0,2021,AMBER,ARP_Load characteristics,"07:00-16:00, 19:00-23:00 (weekdays) (default)",0.123478523085507,0.1935626446771114,0.1683791050180872,0.1880961472916431,4,p/kWh
dno_data_enhanced/shepd-arp_v7_20211122_2023_24_pre-release.xlsx,SSEN Hydro,17.0,2021,GREEN,ARP_Load characteristics,"23:00-07:00 (all days), all day (weekends) (default)",0.3905286587326127,0.7803892767695262,0.5678732923295869,0.6657430567159845,8,p/kWh
dno_data_enhanced/shepd-arp_v7_20211122_2023_24_pre-release.xlsx,SSEN Hydro,17.0,2021,RED,ARP_Peaking probabilities,16:00-19:00 (weekdays) (default),0.09,0.537,0.3194166666666667,0.3412,16,p/kWh
dno_data_enhanced/shepd-arp_v7_20211122_2023_24_pre-release.xlsx,SSEN Hydro,17.0,2021,AMBER,ARP_Peaking probabilities,"07:00-16:00, 19:00-23:00 (weekdays) (default)",0.05,0.533,0.3380416666666667,0.38,16,p/kWh
dno_data_enhanced/shepd-arp_v7_20211122_2023_24_pre-release.xlsx,SSEN Hydro,17.0,2021,GREEN,ARP_Peaking probabilities,"23:00-07:00 (all days), all day (weekends) (default)",0.05,0.533,0.3380416666666667,0.38,16,p/kWh
dno_data_enhanced/shepd-arp_v7_20211122_2023_24_pre-release.xlsx,SSEN Hydro,17.0,2021,RED,ARP_Inputs by network level,16:00-19:00 (weekdays) (default),0.004,1.093,0.3931063636363636,0.3329333333333333,55,p/kWh
dno_data_enhanced/shepd-arp_v7_20211122_2023_24_pre-release.xlsx,SSEN Hydro,17.0,2021,AMBER,ARP_Inputs by network level,"07:00-16:00, 19:00-23:00 (weekdays) (default)",0.0041617122473246,1.09,0.3988253888231074,0.33,55,p/kWh
dno_data_enhanced/shepd-arp_v7_20211122_2023_24_pre-release.xlsx,SSEN Hydro,17.0,2021,GREEN,ARP_Inputs by network level,"23:00-07:00 (all days), all day (weekends) (default)",0.0041617122473246,1.093,0.3976540042685264,0.33,55,p/kWh
dno_data_enhanced/shepd-arp_v7_20211122_2023_24_pre-release.xlsx,SSEN Hydro,17.0,2021,RED,Inputs by network level,16:00-19:00 (weekdays) (default),0.061,1.0,0.3583809523809523,0.2948333333333333,7,p/kWh
dno_data_enhanced/shepd-arp_v7_20211122_2023_24_pre-release.xlsx,SSEN Hydro,17.0,2021,AMBER,Inputs by network level,"07:00-16:00, 19:00-23:00 (weekdays) (default)",0.006,1.014,0.2398560606060606,0.1134,11,p/kWh
dno_data_enhanced/shepd-arp_v7_20211122_2023_24_pre-release.xlsx,SSEN Hydro,17.0,2021,GREEN,Inputs by network level,"23:00-07:00 (all days), all day (weekends) (default)",0.004,1.027,0.2573166666666667,0.17,10,p/kWh
dno_data_enhanced/shepd-arp_v7_20211122_2023_24_pre-release.xlsx,SSEN Hydro,17.0,2021,RED,Load & loss characteristics,16:00-19:00 (weekdays) (default),1.093,1.093,1.093,1.093,1,p/kWh
dno_data_enhanced/shepd-arp_v7_20211122_2023_24_pre-release.xlsx,SSEN Hydro,17.0,2021,RED,Customer contributions,16:00-19:00 (weekdays) (default),0.006,0.012,0.0075,0.006,20,p/kWh
dno_data_enhanced/shepd-arp_v7_20211122_2023_24_pre-release.xlsx,SSEN Hydro,17.0,2021,AMBER,Customer contributions,"07:00-16:00, 19:00-23:00 (weekdays) (default)",0.004,0.008,0.005,0.004,20,p/kWh
dno_data_enhanced/shepd-arp_v7_20211122_2023_24_pre-release.xlsx,SSEN Hydro,17.0,2021,GREEN,Customer contributions,"23:00-07:00 (all days), all day (weekends) (default)",0.389,0.425,0.4174210526315789,0.425,19,p/kWh
dno_data_enhanced/shepd-arp_v7_20211122_2023_24_pre-release.xlsx,SSEN Hydro,17.0,2021,GREEN,Pseudo-load coefficients,"23:00-07:00 (all days), all day (weekends) (default)",4.105956923076922,4.105956923076922,4.105956923076922,4.105956923076922,1,p/kWh
dno_data_enhanced/shepd-arp_v7_20211122_2023_24_pre-release.xlsx,SSEN Hydro,17.0,2021,RED,Revenue matching,16:00-19:00 (weekdays) (default),1.0,1.0,1.0,1.0,7,p/kWh
dno_data_enhanced/shepd---schedule-of-charges-and-other-tables---embedded-networks-april-2026-v1.0.xlsx,SSEN Hydro,17.0,2026,RED,"Annex 1 LV, HV & UMS charges_N",16:00-19:00 (weekdays) (default),0.036,13.091,4.25,1.423,19,p/kWh
dno_data_enhanced/shepd---schedule-of-charges-and-other-tables---embedded-networks-april-2026-v1.0.xlsx,SSEN Hydro,17.0,2026,GREEN,"Annex 1 LV, HV & UMS charges_N","23:00-07:00 (all days), all day (weekends) (default)",0.036,17.61,7.820391304347826,1.423,23,p/kWh
dno_data_enhanced/shepd---schedule-of-charges-and-other-tables---embedded-networks-april-2026-v1.0.xlsx,SSEN Hydro,17.0,2026,RED,Annex 4 LDNO charges_N,16:00-19:00 (weekdays) (default),0.022,7.842,2.905666666666667,0.853,15,p/kWh
dno_data_enhanced/shepd---schedule-of-charges-and-other-tables---embedded-networks-april-2026-v1.0.xlsx,SSEN Hydro,17.0,2026,GREEN,Annex 4 LDNO charges_N,"23:00-07:00 (all days), all day (weekends) (default)",0.022,10.55,4.685217391304348,0.853,23,p/kWh
dno_data_enhanced/shepd---schedule-of-charges-and-other-tables---embedded-networks-april-2026-v1.0.xlsx,SSEN Hydro,17.0,2026,RED,Nodal prices_N,16:00-19:00 (weekdays) (default),2.0,2.0,2.0,2.0,1,p/kWh
dno_data_enhanced/shepd---schedule-of-charges-and-other-tables---embedded-networks-april-2026-v1.0.xlsx,SSEN Hydro,17.0,2026,GREEN,Nodal prices_N,"23:00-07:00 (all days), all day (weekends) (default)",3.0,3.0,3.0,3.0,1,p/kWh
dno_data_enhanced/shepd_schedule-of-charges-and-other-tables-april-2022_v1.3.xlsx,SSEN Hydro,17.0,2022,RED,"Annex 1 LV, HV and UMS charges",16:00-19:00 (weekdays) (default),0.634,8.758,3.3718421052631578,1.821,19,p/kWh
dno_data_enhanced/shepd_schedule-of-charges-and-other-tables-april-2022_v1.3.xlsx,SSEN Hydro,17.0,2022,GREEN,"Annex 1 LV, HV and UMS charges","23:00-07:00 (all days), all day (weekends) (default)",0.634,27.51,9.720869565217392,1.821,23,p/kWh
dno_data_enhanced/shepd_schedule-of-charges-and-other-tables-april-2022_v1.3.xlsx,SSEN Hydro,17.0,2022,RED,Annex 3 Preserved charges,16:00-19:00 (weekdays) (default),0.727,10.37,5.809,10.05,12,p/kWh
dno_data_enhanced/shepd_schedule-of-charges-and-other-tables-april-2022_v1.3.xlsx,SSEN Hydro,17.0,2022,GREEN,Annex 3 Preserved charges,"23:00-07:00 (all days), all day (weekends) (default)",0.634,8.758,3.30325,2.0,12,p/kWh
dno_data_enhanced/shepd_schedule-of-charges-and-other-tables-april-2022_v1.3.xlsx,SSEN Hydro,17.0,2022,RED,Annex 4 LDNO charges,16:00-19:00 (weekdays) (default),0.448,6.186,2.505263157894737,1.286,19,p/kWh
dno_data_enhanced/shepd_schedule-of-charges-and-other-tables-april-2022_v1.3.xlsx,SSEN Hydro,17.0,2022,GREEN,Annex 4 LDNO charges,"23:00-07:00 (all days), all day (weekends) (default)",0.448,22.34,7.62495652173913,1.286,23,p/kWh
dno_data_enhanced/shepd_schedule-of-charges-and-other-tables-april-2022_v1.3.xlsx,SSEN Hydro,17.0,2022,RED,Annex 5 LLFs,16:00-19:00 (weekdays) (default),0.89,1.26,1.005507874015748,1.0,508,p/kWh
dno_data_enhanced/shepd_schedule-of-charges-and-other-tables-april-2022_v1.3.xlsx,SSEN Hydro,17.0,2022,AMBER,Annex 5 LLFs,"07:00-16:00, 19:00-23:00 (weekdays) (default)",0.892,1.266,1.006517716535433,1.001,508,p/kWh
dno_data_enhanced/shepd_schedule-of-charges-and-other-tables-april-2022_v1.3.xlsx,SSEN Hydro,17.0,2022,GREEN,Annex 5 LLFs,"23:00-07:00 (all days), all day (weekends) (default)",0.901,1.347,1.0074527559055118,1.001,508,p/kWh
dno_data_enhanced/shepd_schedule-of-charges-and-other-tables-april-2022_v1.3.xlsx,SSEN Hydro,17.0,2022,RED,Annex 7 Pass-Through Costs,16:00-19:00 (weekdays) (default),0.0252316042748831,0.0252316042748831,0.0252316042748831,0.0252316042748831,8,p/kWh
dno_data_enhanced/shepd_schedule-of-charges-and-other-tables-april-2022_v1.3.xlsx,SSEN Hydro,17.0,2022,AMBER,Annex 7 Pass-Through Costs,"07:00-16:00, 19:00-23:00 (weekdays) (default)",9.847662688723949,9.847662688723949,9.847662688723949,9.847662688723949,8,p/kWh
dno_data_enhanced/shepd_schedule-of-charges-and-other-tables-april-2022_v1.3.xlsx,SSEN Hydro,17.0,2022,GREEN,Annex 7 Pass-Through Costs,"23:00-07:00 (all days), all day (weekends) (default)",0.0496960682104958,0.0496960682104958,0.0496960682104958,0.0496960682104958,158,p/kWh
dno_data_enhanced/shepd_cdcm_v9_20221027_final.xlsx,SSEN Hydro,17.0,2022,RED,Inputs by network level,16:00-19:00 (weekdays) (default),0.071,1.0,0.348165612142208,0.2906666666666667,7,p/kWh
dno_data_enhanced/shepd_cdcm_v9_20221027_final.xlsx,SSEN Hydro,17.0,2022,AMBER,Inputs by network level,"07:00-16:00, 19:00-23:00 (weekdays) (default)",0.006,1.014,0.2443881168177687,0.06611,11,p/kWh
dno_data_enhanced/shepd_cdcm_v9_20221027_final.xlsx,SSEN Hydro,17.0,2022,GREEN,Inputs by network level,"23:00-07:00 (all days), all day (weekends) (default)",0.004,1.027,0.2623159284995456,0.178159284995456,10,p/kWh
dno_data_enhanced/shepd_cdcm_v9_20221027_final.xlsx,SSEN Hydro,17.0,2022,RED,Load & loss characteristics,16:00-19:00 (weekdays) (default),1.093,1.093,1.093,1.093,1,p/kWh
dno_data_enhanced/shepd_cdcm_v9_20221027_final.xlsx,SSEN Hydro,17.0,2022,RED,Customer contributions,16:00-19:00 (weekdays) (default),0.006,0.012,0.0075,0.006,20,p/kWh
dno_data_enhanced/shepd_cdcm_v9_20221027_final.xlsx,SSEN Hydro,17.0,2022,AMBER,Customer contributions,"07:00-16:00, 19:00-23:00 (weekdays) (default)",0.004,0.008,0.005,0.004,20,p/kWh
dno_data_enhanced/shepd_cdcm_v9_20221027_final.xlsx,SSEN Hydro,17.0,2022,GREEN,Customer contributions,"23:00-07:00 (all days), all day (weekends) (default)",0.389,0.425,0.4174210526315789,0.425,19,p/kWh
dno_data_enhanced/shepd_cdcm_v9_20221027_final.xlsx,SSEN Hydro,17.0,2022,GREEN,Pseudo-load coefficients,"23:00-07:00 (all days), all day (weekends) (default)",3.251902937420179,3.251902937420179,3.251902937420179,3.251902937420179,1,p/kWh
dno_data_enhanced/shepd_cdcm_v9_20221027_final.xlsx,SSEN Hydro,17.0,2022,RED,Revenue matching,16:00-19:00 (weekdays) (default),1.0,1.0,1.0,1.0,7,p/kWh
dno_data_enhanced/shepd_schedule-of-charges-and-other-tables-embedded-networks-april-2022.xlsx,SSEN Hydro,17.0,2022,RED,"Annex 1 LV, HV & UMS charges_N",16:00-19:00 (weekdays) (default),0.019,8.501,2.916315789473684,0.962,19,p/kWh
dno_data_enhanced/shepd_schedule-of-charges-and-other-tables-embedded-networks-april-2022.xlsx,SSEN Hydro,17.0,2022,GREEN,"Annex 1 LV, HV & UMS charges_N","23:00-07:00 (all days), all day (weekends) (default)",0.019,17.87,6.765695652173912,0.962,23,p/kWh
dno_data_enhanced/shepd_schedule-of-charges-and-other-tables-embedded-networks-april-2022.xlsx,SSEN Hydro,17.0,2022,RED,Annex 4 LDNO charges_N,16:00-19:00 (weekdays) (default),0.012,5.173,1.9233333333333331,0.585,15,p/kWh
dno_data_enhanced/shepd_schedule-of-charges-and-other-tables-embedded-networks-april-2022.xlsx,SSEN Hydro,17.0,2022,GREEN,Annex 4 LDNO charges_N,"23:00-07:00 (all days), all day (weekends) (default)",0.012,10.92,4.129,0.585,23,p/kWh
dno_data_enhanced/shepd_schedule-of-charges-and-other-tables-embedded-networks-april-2022.xlsx,SSEN Hydro,17.0,2022,RED,Nodal prices_N,16:00-19:00 (weekdays) (default),2.0,3.28739163379731,2.643695816898655,3.28739163379731,2,p/kWh
dno_data_enhanced/shepd_schedule-of-charges-and-other-tables-embedded-networks-april-2022.xlsx,SSEN Hydro,17.0,2022,GREEN,Nodal prices_N,"23:00-07:00 (all days), all day (weekends) (default)",3.0,3.0,3.0,3.0,1,p/kWh
dno_data_enhanced/shepd_cdcm_v8_20211122_2023_24_pre-release_lrsp-updates_v1.1.xlsx,SSEN Hydro,17.0,2021,RED,Inputs by network level,16:00-19:00 (weekdays) (default),0.061,1.0,0.3583809523809523,0.2948333333333333,7,p/kWh
dno_data_enhanced/shepd_cdcm_v8_20211122_2023_24_pre-release_lrsp-updates_v1.1.xlsx,SSEN Hydro,17.0,2021,AMBER,Inputs by network level,"07:00-16:00, 19:00-23:00 (weekdays) (default)",0.006,1.014,0.2398560606060606,0.1134,11,p/kWh
dno_data_enhanced/shepd_cdcm_v8_20211122_2023_24_pre-release_lrsp-updates_v1.1.xlsx,SSEN Hydro,17.0,2021,GREEN,Inputs by network level,"23:00-07:00 (all days), all day (weekends) (default)",0.004,1.027,0.2573166666666667,0.17,10,p/kWh
dno_data_enhanced/shepd_cdcm_v8_20211122_2023_24_pre-release_lrsp-updates_v1.1.xlsx,SSEN Hydro,17.0,2021,RED,Load & loss characteristics,16:00-19:00 (weekdays) (default),1.093,1.093,1.093,1.093,1,p/kWh
dno_data_enhanced/shepd_cdcm_v8_20211122_2023_24_pre-release_lrsp-updates_v1.1.xlsx,SSEN Hydro,17.0,2021,RED,Customer contributions,16:00-19:00 (weekdays) (default),0.006,0.012,0.0075,0.006,20,p/kWh
dno_data_enhanced/shepd_cdcm_v8_20211122_2023_24_pre-release_lrsp-updates_v1.1.xlsx,SSEN Hydro,17.0,2021,AMBER,Customer contributions,"07:00-16:00, 19:00-23:00 (weekdays) (default)",0.004,0.008,0.005,0.004,20,p/kWh
dno_data_enhanced/shepd_cdcm_v8_20211122_2023_24_pre-release_lrsp-updates_v1.1.xlsx,SSEN Hydro,17.0,2021,GREEN,Customer contributions,"23:00-07:00 (all days), all day (weekends) (default)",0.389,0.425,0.4174210526315789,0.425,19,p/kWh
dno_data_enhanced/shepd_cdcm_v8_20211122_2023_24_pre-release_lrsp-updates_v1.1.xlsx,SSEN Hydro,17.0,2021,GREEN,Pseudo-load coefficients,"23:00-07:00 (all days), all day (weekends) (default)",4.105956923076922,4.105956923076922,4.105956923076922,4.105956923076922,1,p/kWh
dno_data_enhanced/shepd_cdcm_v8_20211122_2023_24_pre-release_lrsp-updates_v1.1.xlsx,SSEN Hydro,17.0,2021,RED,Revenue matching,16:00-19:00 (weekdays) (default),1.0,1.0,1.0,1.0,7,p/kWh
dno_data_enhanced/shepd---schedule-of-charges-and-other-tables---april-2025-v0.2.xlsx,SSEN Hydro,17.0,2025,RED,"Annex 1 LV, HV and UMS charges",16:00-19:00 (weekdays) (default),0.836,11.552,4.767631578947368,4.129,19,p/kWh
dno_data_enhanced/shepd---schedule-of-charges-and-other-tables---april-2025-v0.2.xlsx,SSEN Hydro,17.0,2025,GREEN,"Annex 1 LV, HV and UMS charges","23:00-07:00 (all days), all day (weekends) (default)",0.836,19.02,8.768260869565216,4.129,23,p/kWh
dno_data_enhanced/shepd---schedule-of-charges-and-other-tables---april-2025-v0.2.xlsx,SSEN Hydro,17.0,2025,RED,Annex 3 Preserved charges,16:00-19:00 (weekdays) (default),0.934,21.99,10.108,12.898,12,p/kWh
dno_data_enhanced/shepd---schedule-of-charges-and-other-tables---april-2025-v0.2.xlsx,SSEN Hydro,17.0,2025,GREEN,Annex 3 Preserved charges,"23:00-07:00 (all days), all day (weekends) (default)",0.836,11.552,4.62925,4.129,12,p/kWh
dno_data_enhanced/shepd---schedule-of-charges-and-other-tables---april-2025-v0.2.xlsx,SSEN Hydro,17.0,2025,RED,Annex 4 LDNO charges,16:00-19:00 (weekdays) (default),0.583,8.05,3.4499999999999997,2.877,19,p/kWh
dno_data_enhanced/shepd---schedule-of-charges-and-other-tables---april-2025-v0.2.xlsx,SSEN Hydro,17.0,2025,GREEN,Annex 4 LDNO charges,"23:00-07:00 (all days), all day (weekends) (default)",0.583,13.26,6.111739130434782,2.877,23,p/kWh
dno_data_enhanced/shepd---schedule-of-charges-and-other-tables---april-2025-v0.2.xlsx,SSEN Hydro,17.0,2025,RED,Annex 5 LLFs,16:00-19:00 (weekdays) (default),0.892,1.21,1.0066875,1.001,528,p/kWh
dno_data_enhanced/shepd---schedule-of-charges-and-other-tables---april-2025-v0.2.xlsx,SSEN Hydro,17.0,2025,AMBER,Annex 5 LLFs,"07:00-16:00, 19:00-23:00 (weekdays) (default)",0.89,1.241,1.0073219696969695,1.001,528,p/kWh
dno_data_enhanced/shepd---schedule-of-charges-and-other-tables---april-2025-v0.2.xlsx,SSEN Hydro,17.0,2025,GREEN,Annex 5 LLFs,"23:00-07:00 (all days), all day (weekends) (default)",0.889,1.347,1.0088181818181816,1.002,528,p/kWh
dno_data_enhanced/shepd---schedule-of-charges-and-other-tables---april-2025-v0.2.xlsx,SSEN Hydro,17.0,2025,GREEN,Charge Calculator,"23:00-07:00 (all days), all day (weekends) (default)",4.27,4.27,4.27,4.27,1,p/kWh
dno_data_enhanced/shepd_schedule-of-charges-and-other-tables-embedded-networks-april-2024_v0.2.xlsx,SSEN Hydro,17.0,2024,RED,"Annex 1 LV, HV & UMS charges_N",16:00-19:00 (weekdays) (default),0.017,8.3,2.860526315789474,0.953,19,p/kWh
dno_data_enhanced/shepd_schedule-of-charges-and-other-tables-embedded-networks-april-2024_v0.2.xlsx,SSEN Hydro,17.0,2024,GREEN,"Annex 1 LV, HV & UMS charges_N","23:00-07:00 (all days), all day (weekends) (default)",0.017,25.29,8.654782608695653,0.953,23,p/kWh
dno_data_enhanced/shepd_schedule-of-charges-and-other-tables-embedded-networks-april-2024_v0.2.xlsx,SSEN Hydro,17.0,2024,RED,Annex 4 LDNO charges_N,16:00-19:00 (weekdays) (default),0.01,4.928,1.834666666666667,0.566,15,p/kWh
dno_data_enhanced/shepd_schedule-of-charges-and-other-tables-embedded-networks-april-2024_v0.2.xlsx,SSEN Hydro,17.0,2024,GREEN,Annex 4 LDNO charges_N,"23:00-07:00 (all days), all day (weekends) (default)",0.01,15.21,5.189391304347827,0.566,23,p/kWh
dno_data_enhanced/shepd_schedule-of-charges-and-other-tables-embedded-networks-april-2024_v0.2.xlsx,SSEN Hydro,17.0,2024,RED,Nodal prices_N,16:00-19:00 (weekdays) (default),2.0,2.0,2.0,2.0,1,p/kWh
dno_data_enhanced/shepd_schedule-of-charges-and-other-tables-embedded-networks-april-2024_v0.2.xlsx,SSEN Hydro,17.0,2024,GREEN,Nodal prices_N,"23:00-07:00 (all days), all day (weekends) (default)",3.0,3.0,3.0,3.0,2,p/kWh
dno_data_enhanced/shepd-schedule-of-charges-and-other-tables-embedded-networks-april-2020_v1.1.xlsx,SSEN Hydro,17.0,2020,RED,Annex 1 LV and HV charges_N,16:00-19:00 (weekdays) (default),1.38,4.32,2.7723684210526316,3.235,19,p/kWh
dno_data_enhanced/shepd-schedule-of-charges-and-other-tables-embedded-networks-april-2020_v1.1.xlsx,SSEN Hydro,17.0,2020,GREEN,Annex 1 LV and HV charges_N,"23:00-07:00 (all days), all day (weekends) (default)",1.0,4.32,2.9103333333333334,2.747,15,p/kWh
dno_data_enhanced/shepd-schedule-of-charges-and-other-tables-embedded-networks-april-2020_v1.1.xlsx,SSEN Hydro,17.0,2020,RED,Annex 4 LDNO charges_N,16:00-19:00 (weekdays) (default),0.842,2.64,1.8568421052631576,1.974,19,p/kWh
dno_data_enhanced/shepd-schedule-of-charges-and-other-tables-embedded-networks-april-2020_v1.1.xlsx,SSEN Hydro,17.0,2020,GREEN,Annex 4 LDNO charges_N,"23:00-07:00 (all days), all day (weekends) (default)",1.0,2.64,1.8813333333333333,1.676,15,p/kWh
dno_data_enhanced/shepd-schedule-of-charges-and-other-tables-embedded-networks-april-2020_v1.1.xlsx,SSEN Hydro,17.0,2020,RED,Nodal prices_N,16:00-19:00 (weekdays) (default),2.0,2.0,2.0,2.0,1,p/kWh
dno_data_enhanced/shepd-schedule-of-charges-and-other-tables-embedded-networks-april-2020_v1.1.xlsx,SSEN Hydro,17.0,2020,GREEN,Nodal prices_N,"23:00-07:00 (all days), all day (weekends) (default)",3.0,3.0,3.0,3.0,1,p/kWh
dno_data_enhanced/shepd-schedule-of-charges-and-other-tables-embedded-networks-april-2020_v1.1.xlsx,SSEN Hydro,17.0,2020,RED,SSC TPR unit rate lookup,16:00-19:00 (weekdays) (default),1.0,2.0,1.4745762711864407,1.0,59,p/kWh
dno_data_enhanced/shepd-schedule-of-charges-and-other-tables-embedded-networks-april-2020_v1.1.xlsx,SSEN Hydro,17.0,2020,GREEN,SSC TPR unit rate lookup,"23:00-07:00 (all days), all day (weekends) (default)",1.0,2.0,1.4610778443113772,1.0,167,p/kWh
dno_data_enhanced/shepd_pcdm_v4_20211122_2023_24_pre-release.xlsx,SSEN Hydro,17.0,2021,RED,Fixed inputs,16:00-19:00 (weekdays) (default),1.0,1.0,1.0,1.0,7,p/kWh
dno_data_enhanced/shepd_pcdm_v4_20211122_2023_24_pre-release.xlsx,SSEN Hydro,17.0,2021,AMBER,Fixed inputs,"07:00-16:00, 19:00-23:00 (weekdays) (default)",1.0,1.0,1.0,1.0,6,p/kWh
dno_data_enhanced/shepd_pcdm_v4_20211122_2023_24_pre-release.xlsx,SSEN Hydro,17.0,2021,GREEN,Fixed inputs,"23:00-07:00 (all days), all day (weekends) (default)",1.0,1.0,1.0,1.0,5,p/kWh
dno_data_enhanced/shepd_pcdm_v4_20211122_2023_24_pre-release.xlsx,SSEN Hydro,17.0,2021,RED,MEAV,16:00-19:00 (weekdays) (default),0.6819913658890814,0.6819913658890814,0.6819913658890814,0.6819913658890814,1,p/kWh
dno_data_enhanced/shepd_pcdm_v4_20211122_2023_24_pre-release.xlsx,SSEN Hydro,17.0,2021,RED,Capitalised,16:00-19:00 (weekdays) (default),0.6819913658890814,0.6819913658890814,0.6819913658890814,0.6819913658890814,1,p/kWh
dno_data_enhanced/shepd_pcdm_v4_20211122_2023_24_pre-release.xlsx,SSEN Hydro,17.0,2021,RED,Rev allocation,16:00-19:00 (weekdays) (default),0.0108362566837464,1.0,0.3641256571685201,0.2868401109961562,29,p/kWh
dno_data_enhanced/shepd_pcdm_v4_20211122_2023_24_pre-release.xlsx,SSEN Hydro,17.0,2021,AMBER,Rev allocation,"07:00-16:00, 19:00-23:00 (weekdays) (default)",0.3518253334897676,1.0,0.5586089272163146,0.4201154248905947,11,p/kWh
dno_data_enhanced/shepd_pcdm_v4_20211122_2023_24_pre-release.xlsx,SSEN Hydro,17.0,2021,GREEN,Rev allocation,"23:00-07:00 (all days), all day (weekends) (default)",0.125105580539402,1.0,0.474747758747374,0.2840354967171939,12,p/kWh
dno_data_enhanced/shepd_pcdm_v4_20211122_2023_24_pre-release.xlsx,SSEN Hydro,17.0,2021,RED,EDCM discounts,16:00-19:00 (weekdays) (default),0.0108362566837464,1.0,0.3982567116929105,0.2868401109961562,12,p/kWh
dno_data_enhanced/shepd_pcdm_v4_20211122_2023_24_pre-release.xlsx,SSEN Hydro,17.0,2021,AMBER,EDCM discounts,"07:00-16:00, 19:00-23:00 (weekdays) (default)",0.6976427338320053,1.0,0.9107122362648202,0.9399810476408084,24,p/kWh
dno_data_enhanced/shepd_pcdm_v4_20211122_2023_24_pre-release.xlsx,SSEN Hydro,17.0,2021,GREEN,EDCM discounts,"23:00-07:00 (all days), all day (weekends) (default)",0.410802622835849,1.0,0.8082019566290807,0.9006461101704555,23,p/kWh
dno_data_enhanced/shepd_schedule-of-charges-and-other-tables-embedded-networks_-april-2023_v1.1_issued.xlsx,SSEN Hydro,17.0,2023,RED,"Annex 1 LV, HV & UMS charges_N",16:00-19:00 (weekdays) (default),0.016,7.778,2.694210526315789,0.844,19,p/kWh
dno_data_enhanced/shepd_schedule-of-charges-and-other-tables-embedded-networks_-april-2023_v1.1_issued.xlsx,SSEN Hydro,17.0,2023,GREEN,"Annex 1 LV, HV & UMS charges_N","23:00-07:00 (all days), all day (weekends) (default)",0.016,24.42,8.285652173913045,0.844,23,p/kWh
dno_data_enhanced/shepd_schedule-of-charges-and-other-tables-embedded-networks_-april-2023_v1.1_issued.xlsx,SSEN Hydro,17.0,2023,RED,Annex 4 LDNO charges_N,16:00-19:00 (weekdays) (default),0.01,4.717,1.746333333333333,0.512,15,p/kWh
dno_data_enhanced/shepd_schedule-of-charges-and-other-tables-embedded-networks_-april-2023_v1.1_issued.xlsx,SSEN Hydro,17.0,2023,GREEN,Annex 4 LDNO charges_N,"23:00-07:00 (all days), all day (weekends) (default)",0.01,15.91,5.312043478260869,0.512,23,p/kWh
dno_data_enhanced/shepd_schedule-of-charges-and-other-tables-embedded-networks_-april-2023_v1.1_issued.xlsx,SSEN Hydro,17.0,2023,RED,Annex 7 Pass-Through Costs_N,16:00-19:00 (weekdays) (default),0.1394326509726414,0.1394326509726414,0.1394326509726414,0.1394326509726414,8,p/kWh
dno_data_enhanced/shepd_schedule-of-charges-and-other-tables-embedded-networks_-april-2023_v1.1_issued.xlsx,SSEN Hydro,17.0,2023,AMBER,Annex 7 Pass-Through Costs_N,"07:00-16:00, 19:00-23:00 (weekdays) (default)",2.49,2.49,2.49,2.49,8,p/kWh
dno_data_enhanced/shepd_schedule-of-charges-and-other-tables-embedded-networks_-april-2023_v1.1_issued.xlsx,SSEN Hydro,17.0,2023,GREEN,Annex 7 Pass-Through Costs_N,"23:00-07:00 (all days), all day (weekends) (default)",0.1557507084652232,0.1557507084652232,0.1557507084652232,0.1557507084652232,158,p/kWh
dno_data_enhanced/shepd_schedule-of-charges-and-other-tables-embedded-networks_-april-2023_v1.1_issued.xlsx,SSEN Hydro,17.0,2023,RED,Nodal prices_N,16:00-19:00 (weekdays) (default),2.0,3.22677683781388,2.61338841890694,3.22677683781388,2,p/kWh
dno_data_enhanced/shepd_schedule-of-charges-and-other-tables-embedded-networks_-april-2023_v1.1_issued.xlsx,SSEN Hydro,17.0,2023,GREEN,Nodal prices_N,"23:00-07:00 (all days), all day (weekends) (default)",3.0,3.0,3.0,3.0,2,p/kWh
dno_data_enhanced/shepd-pcdm-model-2020-21.xlsx,SSEN Hydro,17.0,2020,RED,Fixed inputs,16:00-19:00 (weekdays) (default),1.0,1.0,1.0,1.0,7,p/kWh
dno_data_enhanced/shepd-pcdm-model-2020-21.xlsx,SSEN Hydro,17.0,2020,AMBER,Fixed inputs,"07:00-16:00, 19:00-23:00 (weekdays) (default)",1.0,1.0,1.0,1.0,6,p/kWh
dno_data_enhanced/shepd-pcdm-model-2020-21.xlsx,SSEN Hydro,17.0,2020,GREEN,Fixed inputs,"23:00-07:00 (all days), all day (weekends) (default)",1.0,1.0,1.0,1.0,5,p/kWh
dno_data_enhanced/shepd-pcdm-model-2020-21.xlsx,SSEN Hydro,17.0,2020,RED,MEAV,16:00-19:00 (weekdays) (default),0.6721569523623829,0.6721569523623829,0.6721569523623829,0.6721569523623829,1,p/kWh
dno_data_enhanced/shepd-pcdm-model-2020-21.xlsx,SSEN Hydro,17.0,2020,RED,Capitalised,16:00-19:00 (weekdays) (default),0.6721569523623829,0.6721569523623829,0.6721569523623829,0.6721569523623829,1,p/kWh
dno_data_enhanced/shepd-pcdm-model-2020-21.xlsx,SSEN Hydro,17.0,2020,RED,Rev allocation,16:00-19:00 (weekdays) (default),0.0108362566837464,1.0,0.3641252161773213,0.2868401109961563,29,p/kWh
dno_data_enhanced/shepd-pcdm-model-2020-21.xlsx,SSEN Hydro,17.0,2020,AMBER,Rev allocation,"07:00-16:00, 19:00-23:00 (weekdays) (default)",0.3518253334897675,1.0,0.5590317236927305,0.4201154248905947,11,p/kWh
dno_data_enhanced/shepd-pcdm-model-2020-21.xlsx,SSEN Hydro,17.0,2020,GREEN,Rev allocation,"23:00-07:00 (all days), all day (weekends) (default)",0.1240190289920665,1.0,0.4740743081555869,0.2840354967171939,12,p/kWh
dno_data_enhanced/shepd-pcdm-model-2020-21.xlsx,SSEN Hydro,17.0,2020,RED,EDCM discounts,16:00-19:00 (weekdays) (default),0.0108362566837464,1.0,0.3982567116929105,0.2868401109961563,12,p/kWh
dno_data_enhanced/shepd-pcdm-model-2020-21.xlsx,SSEN Hydro,17.0,2020,AMBER,EDCM discounts,"07:00-16:00, 19:00-23:00 (weekdays) (default)",0.6976427338320053,1.0,0.9107122362648202,0.939981047640808,24,p/kWh
dno_data_enhanced/shepd-pcdm-model-2020-21.xlsx,SSEN Hydro,17.0,2020,GREEN,EDCM discounts,"23:00-07:00 (all days), all day (weekends) (default)",0.410802622835849,1.0,0.8082019566290807,0.9006461101704555,23,p/kWh
dno_data_enhanced/shepd---arp_v7_2022-23_pre-release_20201106.xlsx,SSEN Hydro,17.0,2022,RED,ARP_Load characteristics,16:00-19:00 (weekdays) (default),0.4265539202012754,0.8668396000657262,0.6217052186543788,0.7183166235328212,8,p/kWh
dno_data_enhanced/shepd---arp_v7_2022-23_pre-release_20201106.xlsx,SSEN Hydro,17.0,2022,AMBER,ARP_Load characteristics,"07:00-16:00, 19:00-23:00 (weekdays) (default)",0.123478523085507,0.1935626446771114,0.1655793141788752,0.1796967747740071,4,p/kWh
dno_data_enhanced/shepd---arp_v7_2022-23_pre-release_20201106.xlsx,SSEN Hydro,17.0,2022,GREEN,ARP_Load characteristics,"23:00-07:00 (all days), all day (weekends) (default)",0.3981568755556073,0.7803892767695262,0.5744452845350306,0.6975467931256519,8,p/kWh
dno_data_enhanced/shepd---arp_v7_2022-23_pre-release_20201106.xlsx,SSEN Hydro,17.0,2022,RED,ARP_Peaking probabilities,16:00-19:00 (weekdays) (default),0.1515,0.4848,0.3415833333333333,0.3571,16,p/kWh
dno_data_enhanced/shepd---arp_v7_2022-23_pre-release_20201106.xlsx,SSEN Hydro,17.0,2022,AMBER,ARP_Peaking probabilities,"07:00-16:00, 19:00-23:00 (weekdays) (default)",0.05,0.533,0.3325666666666667,0.3571,16,p/kWh
dno_data_enhanced/shepd---arp_v7_2022-23_pre-release_20201106.xlsx,SSEN Hydro,17.0,2022,GREEN,ARP_Peaking probabilities,"23:00-07:00 (all days), all day (weekends) (default)",0.05,0.533,0.3325666666666667,0.3571,16,p/kWh
dno_data_enhanced/shepd---arp_v7_2022-23_pre-release_20201106.xlsx,SSEN Hydro,17.0,2022,RED,ARP_Inputs by network level,16:00-19:00 (weekdays) (default),0.0041617122473246,1.099,0.3962793282170468,0.3562,55,p/kWh
dno_data_enhanced/shepd---arp_v7_2022-23_pre-release_20201106.xlsx,SSEN Hydro,17.0,2022,AMBER,ARP_Inputs by network level,"07:00-16:00, 19:00-23:00 (weekdays) (default)",0.0041617122473246,1.096,0.3970854997406904,0.3776666666666666,55,p/kWh
dno_data_enhanced/shepd---arp_v7_2022-23_pre-release_20201106.xlsx,SSEN Hydro,17.0,2022,GREEN,ARP_Inputs by network level,"23:00-07:00 (all days), all day (weekends) (default)",0.0041617122473246,1.09,0.3988253888231074,0.33,55,p/kWh
dno_data_enhanced/shepd---arp_v7_2022-23_pre-release_20201106.xlsx,SSEN Hydro,17.0,2022,RED,Inputs by network level,16:00-19:00 (weekdays) (default),0.068,1.0,0.3734666666666666,0.3562,7,p/kWh
dno_data_enhanced/shepd---arp_v7_2022-23_pre-release_20201106.xlsx,SSEN Hydro,17.0,2022,AMBER,Inputs by network level,"07:00-16:00, 19:00-23:00 (weekdays) (default)",0.0064338235294117,1.015,0.2396421244530869,0.15,11,p/kWh
dno_data_enhanced/shepd---arp_v7_2022-23_pre-release_20201106.xlsx,SSEN Hydro,17.0,2022,GREEN,Inputs by network level,"23:00-07:00 (all days), all day (weekends) (default)",0.0041617122473246,1.028,0.256125692357583,0.18,10,p/kWh
dno_data_enhanced/shepd---arp_v7_2022-23_pre-release_20201106.xlsx,SSEN Hydro,17.0,2022,RED,Load & loss characteristics,16:00-19:00 (weekdays) (default),1.099,1.099,1.099,1.099,1,p/kWh
dno_data_enhanced/shepd---arp_v7_2022-23_pre-release_20201106.xlsx,SSEN Hydro,17.0,2022,RED,Customer contributions,16:00-19:00 (weekdays) (default),0.0064338235294117,0.0116978609625668,0.0077498328877005,0.0064338235294117,20,p/kWh
dno_data_enhanced/shepd---arp_v7_2022-23_pre-release_20201106.xlsx,SSEN Hydro,17.0,2022,AMBER,Customer contributions,"07:00-16:00, 19:00-23:00 (weekdays) (default)",0.0041617122473246,0.0075667495405902,0.005012971570641,0.0041617122473246,20,p/kWh
dno_data_enhanced/shepd---arp_v7_2022-23_pre-release_20201106.xlsx,SSEN Hydro,17.0,2022,GREEN,Customer contributions,"23:00-07:00 (all days), all day (weekends) (default)",0.388968842196157,0.42522380337704,0.4175911799705383,0.42522380337704,19,p/kWh
dno_data_enhanced/shepd---arp_v7_2022-23_pre-release_20201106.xlsx,SSEN Hydro,17.0,2022,GREEN,Pseudo-load coefficients,"23:00-07:00 (all days), all day (weekends) (default)",5.216842911877395,5.216842911877395,5.216842911877395,5.216842911877395,1,p/kWh
dno_data_enhanced/shepd---arp_v7_2022-23_pre-release_20201106.xlsx,SSEN Hydro,17.0,2022,RED,Revenue matching,16:00-19:00 (weekdays) (default),1.0,1.0,1.0,1.0,7,p/kWh
dno_data_enhanced/shepd-schedule-of-charges-and-other-tables-april-2020_v1.2.xlsx,SSEN Hydro,17.0,2020,RED,Annex 1 LV and HV charges,16:00-19:00 (weekdays) (default),2.0,6.72,3.8642105263157895,4.008,19,p/kWh
dno_data_enhanced/shepd-schedule-of-charges-and-other-tables-april-2020_v1.2.xlsx,SSEN Hydro,17.0,2020,GREEN,Annex 1 LV and HV charges,"23:00-07:00 (all days), all day (weekends) (default)",1.0,6.72,4.175666666666666,3.663,15,p/kWh
dno_data_enhanced/shepd-schedule-of-charges-and-other-tables-april-2020_v1.2.xlsx,SSEN Hydro,17.0,2020,RED,Annex 4 LDNO charges,16:00-19:00 (weekdays) (default),1.663,4.74,2.8507894736842103,2.83,19,p/kWh
dno_data_enhanced/shepd-schedule-of-charges-and-other-tables-april-2020_v1.2.xlsx,SSEN Hydro,17.0,2020,GREEN,Annex 4 LDNO charges,"23:00-07:00 (all days), all day (weekends) (default)",1.0,4.74,3.0246666666666666,2.586,15,p/kWh
dno_data_enhanced/shepd-schedule-of-charges-and-other-tables-april-2020_v1.2.xlsx,SSEN Hydro,17.0,2020,RED,Annex 5 LLFs,16:00-19:00 (weekdays) (default),0.875,1.305,1.0074327086882453,1.01,587,p/kWh
dno_data_enhanced/shepd-schedule-of-charges-and-other-tables-april-2020_v1.2.xlsx,SSEN Hydro,17.0,2020,AMBER,Annex 5 LLFs,"07:00-16:00, 19:00-23:00 (weekdays) (default)",0.878,1.263,1.0083560477001705,1.011,587,p/kWh
dno_data_enhanced/shepd-schedule-of-charges-and-other-tables-april-2020_v1.2.xlsx,SSEN Hydro,17.0,2020,GREEN,Annex 5 LLFs,"23:00-07:00 (all days), all day (weekends) (default)",0.878,1.282,1.008833049403748,1.011,587,p/kWh
dno_data_enhanced/shepd-schedule-of-charges-and-other-tables-april-2020_v1.2.xlsx,SSEN Hydro,17.0,2020,RED,SSC TPR unit rate lookup,16:00-19:00 (weekdays) (default),1.0,2.0,1.4745762711864407,1.0,59,p/kWh
dno_data_enhanced/shepd-schedule-of-charges-and-other-tables-april-2020_v1.2.xlsx,SSEN Hydro,17.0,2020,GREEN,SSC TPR unit rate lookup,"23:00-07:00 (all days), all day (weekends) (default)",1.0,2.0,1.4610778443113772,1.0,167,p/kWh
dno_data_enhanced/shepd-schedule-of-charges-and-other-tables-april-2020_v1.2.xlsx,SSEN Hydro,17.0,2020,GREEN,Charge Calculator,"23:00-07:00 (all days), all day (weekends) (default)",2.58,2.58,2.58,2.58,3,p/kWh
dno_data_enhanced/shepd_pcdm_v5_20231106_25-26_final.xlsx,SSEN Hydro,17.0,2023,RED,Fixed inputs,16:00-19:00 (weekdays) (default),1.0,1.0,1.0,1.0,7,p/kWh
dno_data_enhanced/shepd_pcdm_v5_20231106_25-26_final.xlsx,SSEN Hydro,17.0,2023,AMBER,Fixed inputs,"07:00-16:00, 19:00-23:00 (weekdays) (default)",1.0,1.0,1.0,1.0,6,p/kWh
dno_data_enhanced/shepd_pcdm_v5_20231106_25-26_final.xlsx,SSEN Hydro,17.0,2023,GREEN,Fixed inputs,"23:00-07:00 (all days), all day (weekends) (default)",1.0,1.0,1.0,1.0,5,p/kWh
dno_data_enhanced/shepd_pcdm_v5_20231106_25-26_final.xlsx,SSEN Hydro,17.0,2023,RED,MEAV,16:00-19:00 (weekdays) (default),0.652058806538461,0.652058806538461,0.652058806538461,0.652058806538461,1,p/kWh
dno_data_enhanced/shepd_pcdm_v5_20231106_25-26_final.xlsx,SSEN Hydro,17.0,2023,RED,Capitalised,16:00-19:00 (weekdays) (default),0.652058806538461,0.652058806538461,0.652058806538461,0.652058806538461,1,p/kWh
dno_data_enhanced/shepd_pcdm_v5_20231106_25-26_final.xlsx,SSEN Hydro,17.0,2023,RED,Rev allocation,16:00-19:00 (weekdays) (default),0.01079415057408,1.0,0.3641232514056706,0.2904295103384537,29,p/kWh
dno_data_enhanced/shepd_pcdm_v5_20231106_25-26_final.xlsx,SSEN Hydro,17.0,2023,AMBER,Rev allocation,"07:00-16:00, 19:00-23:00 (weekdays) (default)",0.3453115911156521,1.0,0.5579562548029355,0.4201154248905947,11,p/kWh
dno_data_enhanced/shepd_pcdm_v5_20231106_25-26_final.xlsx,SSEN Hydro,17.0,2023,GREEN,Rev allocation,"23:00-07:00 (all days), all day (weekends) (default)",0.1195314647336225,1.0,0.4719856203512912,0.2831617594975869,12,p/kWh
dno_data_enhanced/shepd_pcdm_v5_20231106_25-26_final.xlsx,SSEN Hydro,17.0,2023,RED,EDCM discounts,16:00-19:00 (weekdays) (default),0.01079415057408,1.0,0.3982433102869427,0.2904295103384537,12,p/kWh
dno_data_enhanced/shepd_pcdm_v5_20231106_25-26_final.xlsx,SSEN Hydro,17.0,2023,AMBER,EDCM discounts,"07:00-16:00, 19:00-23:00 (weekdays) (default)",0.6986170934763151,1.0,0.91092551185491,0.9400137607446766,24,p/kWh
dno_data_enhanced/shepd_pcdm_v5_20231106_25-26_final.xlsx,SSEN Hydro,17.0,2023,GREEN,EDCM discounts,"23:00-07:00 (all days), all day (weekends) (default)",0.4081875831378613,1.0,0.8071268408885642,0.9002489662962666,23,p/kWh
dno_data_enhanced/shepd_pcdm_v4_2021-22-pre-release_20191108_final.xlsx,SSEN Hydro,17.0,2021,RED,Fixed inputs,16:00-19:00 (weekdays) (default),1.0,1.0,1.0,1.0,7,p/kWh
dno_data_enhanced/shepd_pcdm_v4_2021-22-pre-release_20191108_final.xlsx,SSEN Hydro,17.0,2021,AMBER,Fixed inputs,"07:00-16:00, 19:00-23:00 (weekdays) (default)",1.0,1.0,1.0,1.0,6,p/kWh
dno_data_enhanced/shepd_pcdm_v4_2021-22-pre-release_20191108_final.xlsx,SSEN Hydro,17.0,2021,GREEN,Fixed inputs,"23:00-07:00 (all days), all day (weekends) (default)",1.0,1.0,1.0,1.0,5,p/kWh
dno_data_enhanced/shepd_pcdm_v4_2021-22-pre-release_20191108_final.xlsx,SSEN Hydro,17.0,2021,RED,MEAV,16:00-19:00 (weekdays) (default),0.6568330942988236,0.6568330942988236,0.6568330942988236,0.6568330942988236,1,p/kWh
dno_data_enhanced/shepd_pcdm_v4_2021-22-pre-release_20191108_final.xlsx,SSEN Hydro,17.0,2021,RED,Capitalised,16:00-19:00 (weekdays) (default),0.6568330942988236,0.6568330942988236,0.6568330942988236,0.6568330942988236,1,p/kWh
dno_data_enhanced/shepd_pcdm_v4_2021-22-pre-release_20191108_final.xlsx,SSEN Hydro,17.0,2021,RED,Rev allocation,16:00-19:00 (weekdays) (default),0.0108362566837464,1.0,0.364124523532685,0.2868401109961563,29,p/kWh
dno_data_enhanced/shepd_pcdm_v4_2021-22-pre-release_20191108_final.xlsx,SSEN Hydro,17.0,2021,AMBER,Rev allocation,"07:00-16:00, 19:00-23:00 (weekdays) (default)",0.3518253334897675,1.0,0.5596962896139434,0.4201154248905947,11,p/kWh
dno_data_enhanced/shepd_pcdm_v4_2021-22-pre-release_20191108_final.xlsx,SSEN Hydro,17.0,2021,GREEN,Rev allocation,"23:00-07:00 (all days), all day (weekends) (default)",0.1223181277270699,1.0,0.4730161178487613,0.2840354967171939,12,p/kWh
dno_data_enhanced/shepd_pcdm_v4_2021-22-pre-release_20191108_final.xlsx,SSEN Hydro,17.0,2021,RED,EDCM discounts,16:00-19:00 (weekdays) (default),0.0108362566837464,1.0,0.3982567116929105,0.2868401109961563,12,p/kWh
dno_data_enhanced/shepd_pcdm_v4_2021-22-pre-release_20191108_final.xlsx,SSEN Hydro,17.0,2021,AMBER,EDCM discounts,"07:00-16:00, 19:00-23:00 (weekdays) (default)",0.6976427338320053,1.0,0.9107122362648202,0.939981047640808,24,p/kWh
dno_data_enhanced/shepd_pcdm_v4_2021-22-pre-release_20191108_final.xlsx,SSEN Hydro,17.0,2021,GREEN,EDCM discounts,"23:00-07:00 (all days), all day (weekends) (default)",0.410802622835849,1.0,0.8082019566290807,0.9006461101704555,23,p/kWh
dno_data_enhanced/shepd_cdcm_v7_2022-23_pre-release_20201106_final_v1.1.xlsx,SSEN Hydro,17.0,2022,RED,Inputs by network level,16:00-19:00 (weekdays) (default),0.068,1.0,0.3734666666666666,0.3562,7,p/kWh
dno_data_enhanced/shepd_cdcm_v7_2022-23_pre-release_20201106_final_v1.1.xlsx,SSEN Hydro,17.0,2022,AMBER,Inputs by network level,"07:00-16:00, 19:00-23:00 (weekdays) (default)",0.0064338235294117,1.015,0.2396421244530869,0.15,11,p/kWh
dno_data_enhanced/shepd_cdcm_v7_2022-23_pre-release_20201106_final_v1.1.xlsx,SSEN Hydro,17.0,2022,GREEN,Inputs by network level,"23:00-07:00 (all days), all day (weekends) (default)",0.0041617122473246,1.028,0.256125692357583,0.18,10,p/kWh
dno_data_enhanced/shepd_cdcm_v7_2022-23_pre-release_20201106_final_v1.1.xlsx,SSEN Hydro,17.0,2022,RED,Load & loss characteristics,16:00-19:00 (weekdays) (default),1.099,1.099,1.099,1.099,1,p/kWh
dno_data_enhanced/shepd_cdcm_v7_2022-23_pre-release_20201106_final_v1.1.xlsx,SSEN Hydro,17.0,2022,RED,Customer contributions,16:00-19:00 (weekdays) (default),0.0064338235294117,0.0116978609625668,0.0077498328877005,0.0064338235294117,20,p/kWh
dno_data_enhanced/shepd_cdcm_v7_2022-23_pre-release_20201106_final_v1.1.xlsx,SSEN Hydro,17.0,2022,AMBER,Customer contributions,"07:00-16:00, 19:00-23:00 (weekdays) (default)",0.0041617122473246,0.0075667495405902,0.005012971570641,0.0041617122473246,20,p/kWh
dno_data_enhanced/shepd_cdcm_v7_2022-23_pre-release_20201106_final_v1.1.xlsx,SSEN Hydro,17.0,2022,GREEN,Customer contributions,"23:00-07:00 (all days), all day (weekends) (default)",0.388968842196157,0.42522380337704,0.4175911799705383,0.42522380337704,19,p/kWh
dno_data_enhanced/shepd_cdcm_v7_2022-23_pre-release_20201106_final_v1.1.xlsx,SSEN Hydro,17.0,2022,GREEN,Pseudo-load coefficients,"23:00-07:00 (all days), all day (weekends) (default)",5.216842911877395,5.216842911877395,5.216842911877395,5.216842911877395,1,p/kWh
dno_data_enhanced/shepd_cdcm_v7_2022-23_pre-release_20201106_final_v1.1.xlsx,SSEN Hydro,17.0,2022,RED,Revenue matching,16:00-19:00 (weekdays) (default),1.0,1.0,1.0,1.0,7,p/kWh
dno_data_enhanced/shepd---schedule-of-charges-and-other-tables-embedded-networks-april-2023_v1.3.xlsx,SSEN Hydro,17.0,2023,RED,"Annex 1 LV, HV & UMS charges_N",16:00-19:00 (weekdays) (default),0.016,7.778,2.694210526315789,0.844,19,p/kWh
dno_data_enhanced/shepd---schedule-of-charges-and-other-tables-embedded-networks-april-2023_v1.3.xlsx,SSEN Hydro,17.0,2023,GREEN,"Annex 1 LV, HV & UMS charges_N","23:00-07:00 (all days), all day (weekends) (default)",0.016,24.42,8.285652173913045,0.844,23,p/kWh
dno_data_enhanced/shepd---schedule-of-charges-and-other-tables-embedded-networks-april-2023_v1.3.xlsx,SSEN Hydro,17.0,2023,RED,Annex 4 LDNO charges_N,16:00-19:00 (weekdays) (default),0.01,4.717,1.746333333333333,0.512,15,p/kWh
dno_data_enhanced/shepd---schedule-of-charges-and-other-tables-embedded-networks-april-2023_v1.3.xlsx,SSEN Hydro,17.0,2023,GREEN,Annex 4 LDNO charges_N,"23:00-07:00 (all days), all day (weekends) (default)",0.01,15.91,5.312043478260869,0.512,23,p/kWh
dno_data_enhanced/shepd---schedule-of-charges-and-other-tables-embedded-networks-april-2023_v1.3.xlsx,SSEN Hydro,17.0,2023,RED,Annex 7 Pass-Through Costs_N,16:00-19:00 (weekdays) (default),0.1394326509726414,0.1394326509726414,0.1394326509726414,0.1394326509726414,8,p/kWh
dno_data_enhanced/shepd---schedule-of-charges-and-other-tables-embedded-networks-april-2023_v1.3.xlsx,SSEN Hydro,17.0,2023,AMBER,Annex 7 Pass-Through Costs_N,"07:00-16:00, 19:00-23:00 (weekdays) (default)",2.49,2.49,2.49,2.49,8,p/kWh
dno_data_enhanced/shepd---schedule-of-charges-and-other-tables-embedded-networks-april-2023_v1.3.xlsx,SSEN Hydro,17.0,2023,GREEN,Annex 7 Pass-Through Costs_N,"23:00-07:00 (all days), all day (weekends) (default)",0.1557507084652232,0.1557507084652232,0.1557507084652232,0.1557507084652232,158,p/kWh
dno_data_enhanced/shepd---schedule-of-charges-and-other-tables-embedded-networks-april-2023_v1.3.xlsx,SSEN Hydro,17.0,2023,RED,Nodal prices_N,16:00-19:00 (weekdays) (default),2.0,3.22677683781388,2.61338841890694,3.22677683781388,2,p/kWh
dno_data_enhanced/shepd---schedule-of-charges-and-other-tables-embedded-networks-april-2023_v1.3.xlsx,SSEN Hydro,17.0,2023,GREEN,Nodal prices_N,"23:00-07:00 (all days), all day (weekends) (default)",3.0,3.0,3.0,3.0,2,p/kWh
dno_data_enhanced/shepd_cdcm_v10_20231106_25-26_final.xlsx,SSEN Hydro,17.0,2023,RED,Inputs by network level,16:00-19:00 (weekdays) (default),0.069,1.0,0.339572723115457,0.2083333333333333,7,p/kWh
dno_data_enhanced/shepd_cdcm_v10_20231106_25-26_final.xlsx,SSEN Hydro,17.0,2023,AMBER,Inputs by network level,"07:00-16:00, 19:00-23:00 (weekdays) (default)",0.0973333333333333,1.037,0.4451012945440284,0.2996666666666667,7,p/kWh
dno_data_enhanced/shepd_cdcm_v10_20231106_25-26_final.xlsx,SSEN Hydro,17.0,2023,GREEN,Inputs by network level,"23:00-07:00 (all days), all day (weekends) (default)",0.0973333333333333,1.063,0.4201681769680332,0.2996666666666667,6,p/kWh
dno_data_enhanced/shepd_cdcm_v10_20231106_25-26_final.xlsx,SSEN Hydro,17.0,2023,RED,Load & loss characteristics,16:00-19:00 (weekdays) (default),1.093,1.093,1.093,1.093,1,p/kWh
dno_data_enhanced/shepd_cdcm_v10_20231106_25-26_final.xlsx,SSEN Hydro,17.0,2023,GREEN,Pseudo-load coefficients,"23:00-07:00 (all days), all day (weekends) (default)",2.3307790549169862,2.3307790549169862,2.3307790549169862,2.3307790549169862,1,p/kWh
dno_data_enhanced/shepd_cdcm_v10_20231106_25-26_final.xlsx,SSEN Hydro,17.0,2023,RED,Revenue matching,16:00-19:00 (weekdays) (default),1.0,1.0,1.0,1.0,7,p/kWh
dno_data_enhanced/shepd---schedule-of-charges-and-other-tables_april-2024_v1.2.xlsx,SSEN Hydro,17.0,2024,RED,"Annex 1 LV, HV and UMS charges",16:00-19:00 (weekdays) (default),0.71,8.908,3.7478947368421047,3.024,19,p/kWh
dno_data_enhanced/shepd---schedule-of-charges-and-other-tables_april-2024_v1.2.xlsx,SSEN Hydro,17.0,2024,GREEN,"Annex 1 LV, HV and UMS charges","23:00-07:00 (all days), all day (weekends) (default)",0.71,23.41,9.017565217391304,3.024,23,p/kWh
dno_data_enhanced/shepd---schedule-of-charges-and-other-tables_april-2024_v1.2.xlsx,SSEN Hydro,17.0,2024,RED,Annex 3 Preserved charges,16:00-19:00 (weekdays) (default),0.876,16.74,8.08375,10.988,12,p/kWh
dno_data_enhanced/shepd---schedule-of-charges-and-other-tables_april-2024_v1.2.xlsx,SSEN Hydro,17.0,2024,GREEN,Annex 3 Preserved charges,"23:00-07:00 (all days), all day (weekends) (default)",0.71,8.908,3.6605,3.024,12,p/kWh
dno_data_enhanced/shepd---schedule-of-charges-and-other-tables_april-2024_v1.2.xlsx,SSEN Hydro,17.0,2024,RED,Annex 4 LDNO charges,16:00-19:00 (weekdays) (default),0.491,6.162,2.722368421052632,2.092,19,p/kWh
dno_data_enhanced/shepd---schedule-of-charges-and-other-tables_april-2024_v1.2.xlsx,SSEN Hydro,17.0,2024,GREEN,Annex 4 LDNO charges,"23:00-07:00 (all days), all day (weekends) (default)",0.491,16.41,6.294260869565218,2.092,23,p/kWh
dno_data_enhanced/shepd---schedule-of-charges-and-other-tables_april-2024_v1.2.xlsx,SSEN Hydro,17.0,2024,RED,Annex 5 LLFs,16:00-19:00 (weekdays) (default),0.89,1.241,1.0049066147859922,1.0,514,p/kWh
dno_data_enhanced/shepd---schedule-of-charges-and-other-tables_april-2024_v1.2.xlsx,SSEN Hydro,17.0,2024,AMBER,Annex 5 LLFs,"07:00-16:00, 19:00-23:00 (weekdays) (default)",0.892,1.238,1.0062548638132296,1.001,514,p/kWh
dno_data_enhanced/shepd---schedule-of-charges-and-other-tables_april-2024_v1.2.xlsx,SSEN Hydro,17.0,2024,GREEN,Annex 5 LLFs,"23:00-07:00 (all days), all day (weekends) (default)",0.901,1.347,1.00768093385214,1.001,514,p/kWh
dno_data_enhanced/shepd---schedule-of-charges-and-other-tables_april-2024_v1.2.xlsx,SSEN Hydro,17.0,2024,GREEN,Charge Calculator,"23:00-07:00 (all days), all day (weekends) (default)",4.94,4.94,4.94,4.94,1,p/kWh
dno_data_enhanced/shepd---schedule-of-charges-and-other-tables_april-2023_v1.5.xlsx,SSEN Hydro,17.0,2023,RED,"Annex 1 LV, HV and UMS charges",16:00-19:00 (weekdays) (default),0.625,7.922,3.2492105263157893,2.2,19,p/kWh
dno_data_enhanced/shepd---schedule-of-charges-and-other-tables_april-2023_v1.5.xlsx,SSEN Hydro,17.0,2023,GREEN,"Annex 1 LV, HV and UMS charges","23:00-07:00 (all days), all day (weekends) (default)",0.625,21.92,8.177391304347827,2.2,23,p/kWh
dno_data_enhanced/shepd---schedule-of-charges-and-other-tables_april-2023_v1.5.xlsx,SSEN Hydro,17.0,2023,RED,Annex 3 Preserved charges,16:00-19:00 (weekdays) (default),0.765,13.32,6.6155,9.687,12,p/kWh
dno_data_enhanced/shepd---schedule-of-charges-and-other-tables_april-2023_v1.5.xlsx,SSEN Hydro,17.0,2023,GREEN,Annex 3 Preserved charges,"23:00-07:00 (all days), all day (weekends) (default)",0.625,7.922,3.18675,2.2,12,p/kWh
dno_data_enhanced/shepd---schedule-of-charges-and-other-tables_april-2023_v1.5.xlsx,SSEN Hydro,17.0,2023,RED,Annex 4 LDNO charges,16:00-19:00 (weekdays) (default),0.441,5.591,2.4171052631578944,1.553,19,p/kWh
dno_data_enhanced/shepd---schedule-of-charges-and-other-tables_april-2023_v1.5.xlsx,SSEN Hydro,17.0,2023,GREEN,Annex 4 LDNO charges,"23:00-07:00 (all days), all day (weekends) (default)",0.441,16.36,6.003434782608696,1.553,23,p/kWh
dno_data_enhanced/shepd---schedule-of-charges-and-other-tables_april-2023_v1.5.xlsx,SSEN Hydro,17.0,2023,RED,Annex 5 LLFs,16:00-19:00 (weekdays) (default),0.89,1.297,1.0054194831013916,1.0,503,p/kWh
dno_data_enhanced/shepd---schedule-of-charges-and-other-tables_april-2023_v1.5.xlsx,SSEN Hydro,17.0,2023,AMBER,Annex 5 LLFs,"07:00-16:00, 19:00-23:00 (weekdays) (default)",0.892,1.286,1.006383697813121,1.0,503,p/kWh
dno_data_enhanced/shepd---schedule-of-charges-and-other-tables_april-2023_v1.5.xlsx,SSEN Hydro,17.0,2023,GREEN,Annex 5 LLFs,"23:00-07:00 (all days), all day (weekends) (default)",0.901,1.347,1.0076520874751491,1.0,503,p/kWh
dno_data_enhanced/shepd---schedule-of-charges-and-other-tables_april-2023_v1.5.xlsx,SSEN Hydro,17.0,2023,RED,Annex 7 Pass-Through Costs,16:00-19:00 (weekdays) (default),0.1067401247636393,0.1067401247636393,0.1067401247636393,0.1067401247636393,8,p/kWh
dno_data_enhanced/shepd---schedule-of-charges-and-other-tables_april-2023_v1.5.xlsx,SSEN Hydro,17.0,2023,AMBER,Annex 7 Pass-Through Costs,"07:00-16:00, 19:00-23:00 (weekdays) (default)",2.666374218979843,2.666374218979843,2.666374218979843,2.666374218979843,8,p/kWh
dno_data_enhanced/shepd---schedule-of-charges-and-other-tables_april-2023_v1.5.xlsx,SSEN Hydro,17.0,2023,GREEN,Annex 7 Pass-Through Costs,"23:00-07:00 (all days), all day (weekends) (default)",0.2625482766154046,0.2625482766154046,0.2625482766154046,0.2625482766154046,158,p/kWh
dno_data_enhanced/shepd---schedule-of-charges-and-other-tables_april-2023_v1.5.xlsx,SSEN Hydro,17.0,2023,GREEN,Charge Calculator,"23:00-07:00 (all days), all day (weekends) (default)",5.88,5.88,5.88,5.88,1,p/kWh
dno_data_enhanced/shepd_cdcm_v5_2021-22-pre-release_20191108_final.xlsx,SSEN Hydro,17.0,2021,RED,Inputs by network level,16:00-19:00 (weekdays) (default),0.049,1.0,0.3771515202261438,0.33,7,p/kWh
dno_data_enhanced/shepd_cdcm_v5_2021-22-pre-release_20191108_final.xlsx,SSEN Hydro,17.0,2021,AMBER,Inputs by network level,"07:00-16:00, 19:00-23:00 (weekdays) (default)",0.0064338235294117,1.014,0.2407849100515421,0.1810606415830065,11,p/kWh
dno_data_enhanced/shepd_cdcm_v5_2021-22-pre-release_20191108_final.xlsx,SSEN Hydro,17.0,2021,GREEN,Inputs by network level,"23:00-07:00 (all days), all day (weekends) (default)",0.0041617122473246,1.026,0.2560517565158836,0.19,10,p/kWh
dno_data_enhanced/shepd_cdcm_v5_2021-22-pre-release_20191108_final.xlsx,SSEN Hydro,17.0,2021,RED,Load & loss characteristics,16:00-19:00 (weekdays) (default),1.093,1.093,1.093,1.093,1,p/kWh
dno_data_enhanced/shepd_cdcm_v5_2021-22-pre-release_20191108_final.xlsx,SSEN Hydro,17.0,2021,RED,Customer contributions,16:00-19:00 (weekdays) (default),0.0064338235294117,0.0116978609625668,0.0077498328877005,0.0064338235294117,20,p/kWh
dno_data_enhanced/shepd_cdcm_v5_2021-22-pre-release_20191108_final.xlsx,SSEN Hydro,17.0,2021,AMBER,Customer contributions,"07:00-16:00, 19:00-23:00 (weekdays) (default)",0.0041617122473246,0.0075667495405902,0.005012971570641,0.0041617122473246,20,p/kWh
dno_data_enhanced/shepd_cdcm_v5_2021-22-pre-release_20191108_final.xlsx,SSEN Hydro,17.0,2021,GREEN,Customer contributions,"23:00-07:00 (all days), all day (weekends) (default)",0.388968842196157,0.42522380337704,0.4175911799705383,0.42522380337704,19,p/kWh
dno_data_enhanced/shepd_cdcm_v5_2021-22-pre-release_20191108_final.xlsx,SSEN Hydro,17.0,2021,GREEN,Pseudo-load coefficients,"23:00-07:00 (all days), all day (weekends) (default)",5.7057471264367825,5.7057471264367825,5.7057471264367825,5.7057471264367825,1,p/kWh
dno_data_enhanced/shepd_cdcm_v5_2021-22-pre-release_20191108_final.xlsx,SSEN Hydro,17.0,2021,RED,Revenue matching,16:00-19:00 (weekdays) (default),1.3449616736720098,1.3449616736720098,1.3449616736720098,1.3449616736720098,1,p/kWh
dno_data_enhanced/shepd_pcdm_v5_20221027_final.xlsx,SSEN Hydro,17.0,2022,RED,Fixed inputs,16:00-19:00 (weekdays) (default),1.0,1.0,1.0,1.0,7,p/kWh
dno_data_enhanced/shepd_pcdm_v5_20221027_final.xlsx,SSEN Hydro,17.0,2022,AMBER,Fixed inputs,"07:00-16:00, 19:00-23:00 (weekdays) (default)",1.0,1.0,1.0,1.0,6,p/kWh
dno_data_enhanced/shepd_pcdm_v5_20221027_final.xlsx,SSEN Hydro,17.0,2022,GREEN,Fixed inputs,"23:00-07:00 (all days), all day (weekends) (default)",1.0,1.0,1.0,1.0,5,p/kWh
dno_data_enhanced/shepd_pcdm_v5_20221027_final.xlsx,SSEN Hydro,17.0,2022,RED,MEAV,16:00-19:00 (weekdays) (default),0.6488698670126777,0.6488698670126777,0.6488698670126777,0.6488698670126777,1,p/kWh
dno_data_enhanced/shepd_pcdm_v5_20221027_final.xlsx,SSEN Hydro,17.0,2022,RED,Capitalised,16:00-19:00 (weekdays) (default),0.6488698670126777,0.6488698670126777,0.6488698670126777,0.6488698670126777,1,p/kWh
dno_data_enhanced/shepd_pcdm_v5_20221027_final.xlsx,SSEN Hydro,17.0,2022,RED,Rev allocation,16:00-19:00 (weekdays) (default),0.0107463547523384,1.0,0.3641219099112104,0.2945039378380181,29,p/kWh
dno_data_enhanced/shepd_pcdm_v5_20221027_final.xlsx,SSEN Hydro,17.0,2022,AMBER,Rev allocation,"07:00-16:00, 19:00-23:00 (weekdays) (default)",0.3379090454556433,1.0,0.5558811861426098,0.4201154248905947,11,p/kWh
dno_data_enhanced/shepd_pcdm_v5_20221027_final.xlsx,SSEN Hydro,17.0,2022,GREEN,Rev allocation,"23:00-07:00 (all days), all day (weekends) (default)",0.1166273100900771,1.0,0.4709715196197193,0.2821688004133141,12,p/kWh
dno_data_enhanced/shepd_pcdm_v5_20221027_final.xlsx,SSEN Hydro,17.0,2022,RED,EDCM discounts,16:00-19:00 (weekdays) (default),0.0107463547523384,1.0,0.3982280979765252,0.2945039378380181,12,p/kWh
dno_data_enhanced/shepd_pcdm_v5_20221027_final.xlsx,SSEN Hydro,17.0,2022,AMBER,EDCM discounts,"07:00-16:00, 19:00-23:00 (weekdays) (default)",0.6997231163371487,1.0,0.9111676069372288,0.9400508943030484,24,p/kWh
dno_data_enhanced/shepd_pcdm_v5_20221027_final.xlsx,SSEN Hydro,17.0,2022,GREEN,EDCM discounts,"23:00-07:00 (all days), all day (weekends) (default)",0.4052191784991305,1.0,0.8059037521274992,0.8997932600323172,23,p/kWh
dno_data_enhanced/shepd_schedule-of-charges-and-other-tables-april-2021_v1.4.xlsx,SSEN Hydro,17.0,2021,RED,"Annex 1 LV, HV and UMS charges",16:00-19:00 (weekdays) (default),2.043,11.165,5.358,2.866,15,p/kWh
dno_data_enhanced/shepd_schedule-of-charges-and-other-tables-april-2021_v1.4.xlsx,SSEN Hydro,17.0,2021,GREEN,"Annex 1 LV, HV and UMS charges","23:00-07:00 (all days), all day (weekends) (default)",2.043,11.165,5.562565217391304,2.866,23,p/kWh
dno_data_enhanced/shepd_schedule-of-charges-and-other-tables-april-2021_v1.4.xlsx,SSEN Hydro,17.0,2021,RED,Annex 3 Preserved charges,16:00-19:00 (weekdays) (default),2.074,11.6,6.64675,9.98,12,p/kWh
dno_data_enhanced/shepd_schedule-of-charges-and-other-tables-april-2021_v1.4.xlsx,SSEN Hydro,17.0,2021,GREEN,Annex 3 Preserved charges,"23:00-07:00 (all days), all day (weekends) (default)",2.0,11.165,4.5185,2.866,12,p/kWh
dno_data_enhanced/shepd_schedule-of-charges-and-other-tables-april-2021_v1.4.xlsx,SSEN Hydro,17.0,2021,RED,Annex 4 LDNO charges,16:00-19:00 (weekdays) (default),1.441,7.874,3.7786666666666666,2.021,15,p/kWh
dno_data_enhanced/shepd_schedule-of-charges-and-other-tables-april-2021_v1.4.xlsx,SSEN Hydro,17.0,2021,GREEN,Annex 4 LDNO charges,"23:00-07:00 (all days), all day (weekends) (default)",1.441,7.874,3.9609565217391305,2.021,23,p/kWh
dno_data_enhanced/shepd_schedule-of-charges-and-other-tables-april-2021_v1.4.xlsx,SSEN Hydro,17.0,2021,RED,Annex 5 LLFs,16:00-19:00 (weekdays) (default),0.89,1.26,1.006221601489758,1.002,537,p/kWh
dno_data_enhanced/shepd_schedule-of-charges-and-other-tables-april-2021_v1.4.xlsx,SSEN Hydro,17.0,2021,AMBER,Annex 5 LLFs,"07:00-16:00, 19:00-23:00 (weekdays) (default)",0.892,1.266,1.0073240223463686,1.003,537,p/kWh
dno_data_enhanced/shepd_schedule-of-charges-and-other-tables-april-2021_v1.4.xlsx,SSEN Hydro,17.0,2021,GREEN,Annex 5 LLFs,"23:00-07:00 (all days), all day (weekends) (default)",0.901,1.347,1.008387337057728,1.003,537,p/kWh
dno_data_enhanced/shepd_schedule-of-charges-and-other-tables-april-2021_v1.4.xlsx,SSEN Hydro,17.0,2021,GREEN,Charge Calculator,"23:00-07:00 (all days), all day (weekends) (default)",0.273,30.03,8.061906976744185,5.14,43,p/kWh
dno_data_enhanced/shepd--schedule-of-charges-and-other-tables-embedded-networks-april-2021_v1.1.xlsx,SSEN Hydro,17.0,2021,RED,"Annex 1 LV, HV & UMS charges_N",16:00-19:00 (weekdays) (default),1.17,10.155,3.935526315789473,2.03,19,p/kWh
dno_data_enhanced/shepd--schedule-of-charges-and-other-tables-embedded-networks-april-2021_v1.1.xlsx,SSEN Hydro,17.0,2021,GREEN,"Annex 1 LV, HV & UMS charges_N","23:00-07:00 (all days), all day (weekends) (default)",1.17,10.155,4.284130434782608,2.03,23,p/kWh
dno_data_enhanced/shepd--schedule-of-charges-and-other-tables-embedded-networks-april-2021_v1.1.xlsx,SSEN Hydro,17.0,2021,RED,Annex 4 LDNO charges_N,16:00-19:00 (weekdays) (default),0.713,6.188,2.7126666666666663,1.237,15,p/kWh
dno_data_enhanced/shepd--schedule-of-charges-and-other-tables-embedded-networks-april-2021_v1.1.xlsx,SSEN Hydro,17.0,2021,GREEN,Annex 4 LDNO charges_N,"23:00-07:00 (all days), all day (weekends) (default)",0.713,6.188,2.6313043478260867,1.237,23,p/kWh
dno_data_enhanced/shepd--schedule-of-charges-and-other-tables-embedded-networks-april-2021_v1.1.xlsx,SSEN Hydro,17.0,2021,RED,Nodal prices_N,16:00-19:00 (weekdays) (default),2.0,2.0,2.0,2.0,1,p/kWh
dno_data_enhanced/shepd--schedule-of-charges-and-other-tables-embedded-networks-april-2021_v1.1.xlsx,SSEN Hydro,17.0,2021,GREEN,Nodal prices_N,"23:00-07:00 (all days), all day (weekends) (default)",3.0,3.0,3.0,3.0,2,p/kWh
dno_data_enhanced/shepd_pcdm_v4_2022-23_pre-release_20201106_final.xlsx,SSEN Hydro,17.0,2022,RED,Fixed inputs,16:00-19:00 (weekdays) (default),1.0,1.0,1.0,1.0,7,p/kWh
dno_data_enhanced/shepd_pcdm_v4_2022-23_pre-release_20201106_final.xlsx,SSEN Hydro,17.0,2022,AMBER,Fixed inputs,"07:00-16:00, 19:00-23:00 (weekdays) (default)",1.0,1.0,1.0,1.0,6,p/kWh
dno_data_enhanced/shepd_pcdm_v4_2022-23_pre-release_20201106_final.xlsx,SSEN Hydro,17.0,2022,GREEN,Fixed inputs,"23:00-07:00 (all days), all day (weekends) (default)",1.0,1.0,1.0,1.0,5,p/kWh
dno_data_enhanced/shepd_pcdm_v4_2022-23_pre-release_20201106_final.xlsx,SSEN Hydro,17.0,2022,RED,MEAV,16:00-19:00 (weekdays) (default),0.6996835408424757,0.6996835408424757,0.6996835408424757,0.6996835408424757,1,p/kWh
dno_data_enhanced/shepd_pcdm_v4_2022-23_pre-release_20201106_final.xlsx,SSEN Hydro,17.0,2022,RED,Capitalised,16:00-19:00 (weekdays) (default),0.6996835408424757,0.6996835408424757,0.6996835408424757,0.6996835408424757,1,p/kWh
dno_data_enhanced/shepd_pcdm_v4_2022-23_pre-release_20201106_final.xlsx,SSEN Hydro,17.0,2022,RED,Rev allocation,16:00-19:00 (weekdays) (default),0.0108362566837464,1.0,0.3641264436688392,0.2868401109961562,29,p/kWh
dno_data_enhanced/shepd_pcdm_v4_2022-23_pre-release_20201106_final.xlsx,SSEN Hydro,17.0,2022,AMBER,Rev allocation,"07:00-16:00, 19:00-23:00 (weekdays) (default)",0.3518253334897677,1.0,0.5578554908629445,0.4201154248905947,11,p/kWh
dno_data_enhanced/shepd_pcdm_v4_2022-23_pre-release_20201106_final.xlsx,SSEN Hydro,17.0,2022,GREEN,Rev allocation,"23:00-07:00 (all days), all day (weekends) (default)",0.1270504546698425,1.0,0.4759483153074147,0.2840354967171939,12,p/kWh
dno_data_enhanced/shepd_pcdm_v4_2022-23_pre-release_20201106_final.xlsx,SSEN Hydro,17.0,2022,RED,EDCM discounts,16:00-19:00 (weekdays) (default),0.0108362566837464,1.0,0.3982567116929105,0.2868401109961562,12,p/kWh
dno_data_enhanced/shepd_pcdm_v4_2022-23_pre-release_20201106_final.xlsx,SSEN Hydro,17.0,2022,AMBER,EDCM discounts,"07:00-16:00, 19:00-23:00 (weekdays) (default)",0.6976427338320053,1.0,0.9107122362648202,0.9399810476408084,24,p/kWh
dno_data_enhanced/shepd_pcdm_v4_2022-23_pre-release_20201106_final.xlsx,SSEN Hydro,17.0,2022,GREEN,EDCM discounts,"23:00-07:00 (all days), all day (weekends) (default)",0.410802622835849,1.0,0.8082019566290807,0.9006461101704555,23,p/kWh
dno_data_enhanced/shepd---schedule-of-charges-and-other-tables--embedded-networks-april-2025-v.0.2.xlsx,SSEN Hydro,17.0,2025,RED,"Annex 1 LV, HV & UMS charges_N",16:00-19:00 (weekdays) (default),0.026,11.759,4.355666666666667,1.282,15,p/kWh
dno_data_enhanced/shepd---schedule-of-charges-and-other-tables--embedded-networks-april-2025-v.0.2.xlsx,SSEN Hydro,17.0,2025,GREEN,"Annex 1 LV, HV & UMS charges_N","23:00-07:00 (all days), all day (weekends) (default)",0.026,14.83,6.766217391304347,1.282,23,p/kWh
dno_data_enhanced/shepd---schedule-of-charges-and-other-tables--embedded-networks-april-2025-v.0.2.xlsx,SSEN Hydro,17.0,2025,RED,Annex 4 LDNO charges_N,16:00-19:00 (weekdays) (default),0.016,7.051,2.612,0.769,15,p/kWh
dno_data_enhanced/shepd---schedule-of-charges-and-other-tables--embedded-networks-april-2025-v.0.2.xlsx,SSEN Hydro,17.0,2025,GREEN,Annex 4 LDNO charges_N,"23:00-07:00 (all days), all day (weekends) (default)",0.016,8.94,4.069782608695652,0.769,23,p/kWh
dno_data_enhanced/shepd---schedule-of-charges-and-other-tables--embedded-networks-april-2025-v.0.2.xlsx,SSEN Hydro,17.0,2025,RED,Nodal prices_N,16:00-19:00 (weekdays) (default),2.0,2.0,2.0,2.0,1,p/kWh
dno_data_enhanced/shepd---schedule-of-charges-and-other-tables--embedded-networks-april-2025-v.0.2.xlsx,SSEN Hydro,17.0,2025,GREEN,Nodal prices_N,"23:00-07:00 (all days), all day (weekends) (default)",3.0,3.0,3.0,3.0,1,p/kWh
dno_data_enhanced/shepd---schedule-of-charges-and-other-tables---april-2026-v1.0.xlsx,SSEN Hydro,17.0,2026,RED,"Annex 1 LV, HV and UMS charges",16:00-19:00 (weekdays) (default),0.857,11.447,4.709736842105263,3.993,19,p/kWh
dno_data_enhanced/shepd---schedule-of-charges-and-other-tables---april-2026-v1.0.xlsx,SSEN Hydro,17.0,2026,GREEN,"Annex 1 LV, HV and UMS charges","23:00-07:00 (all days), all day (weekends) (default)",0.857,11.77,6.824130434782608,3.993,23,p/kWh
dno_data_enhanced/shepd---schedule-of-charges-and-other-tables---april-2026-v1.0.xlsx,SSEN Hydro,17.0,2026,RED,Annex 3 Preserved charges,16:00-19:00 (weekdays) (default),1.037,27.65,11.8395,13.842,12,p/kWh
dno_data_enhanced/shepd---schedule-of-charges-and-other-tables---april-2026-v1.0.xlsx,SSEN Hydro,17.0,2026,GREEN,Annex 3 Preserved charges,"23:00-07:00 (all days), all day (weekends) (default)",0.857,11.447,4.57425,3.993,12,p/kWh
dno_data_enhanced/shepd---schedule-of-charges-and-other-tables---april-2026-v1.0.xlsx,SSEN Hydro,17.0,2026,RED,Annex 4 LDNO charges,16:00-19:00 (weekdays) (default),0.594,7.932,3.3928947368421056,2.767,19,p/kWh
dno_data_enhanced/shepd---schedule-of-charges-and-other-tables---april-2026-v1.0.xlsx,SSEN Hydro,17.0,2026,GREEN,Annex 4 LDNO charges,"23:00-07:00 (all days), all day (weekends) (default)",0.594,8.16,4.729826086956522,2.767,23,p/kWh
dno_data_enhanced/shepd---schedule-of-charges-and-other-tables---april-2026-v1.0.xlsx,SSEN Hydro,17.0,2026,GREEN,Charge Calculator,"23:00-07:00 (all days), all day (weekends) (default)",3.66,3.66,3.66,3.66,1,p/kWh
dno_data_enhanced/shepd_pcdm_v5_20241025_26-27_final.xlsx,SSEN Hydro,17.0,2024,RED,Fixed inputs,16:00-19:00 (weekdays) (default),1.0,1.0,1.0,1.0,7,p/kWh
dno_data_enhanced/shepd_pcdm_v5_20241025_26-27_final.xlsx,SSEN Hydro,17.0,2024,AMBER,Fixed inputs,"07:00-16:00, 19:00-23:00 (weekdays) (default)",1.0,1.0,1.0,1.0,6,p/kWh
dno_data_enhanced/shepd_pcdm_v5_20241025_26-27_final.xlsx,SSEN Hydro,17.0,2024,GREEN,Fixed inputs,"23:00-07:00 (all days), all day (weekends) (default)",1.0,1.0,1.0,1.0,5,p/kWh
dno_data_enhanced/shepd_pcdm_v5_20241025_26-27_final.xlsx,SSEN Hydro,17.0,2024,RED,MEAV,16:00-19:00 (weekdays) (default),0.6101920139035042,0.6101920139035042,0.6101920139035042,0.6101920139035042,1,p/kWh
dno_data_enhanced/shepd_pcdm_v5_20241025_26-27_final.xlsx,SSEN Hydro,17.0,2024,RED,Capitalised,16:00-19:00 (weekdays) (default),0.6101920139035042,0.6101920139035042,0.6101920139035042,0.6101920139035042,1,p/kWh
dno_data_enhanced/shepd_pcdm_v5_20241025_26-27_final.xlsx,SSEN Hydro,17.0,2024,RED,Rev allocation,16:00-19:00 (weekdays) (default),0.0107946802422365,1.0,0.3641213407126812,0.2903843579710756,29,p/kWh
dno_data_enhanced/shepd_pcdm_v5_20241025_26-27_final.xlsx,SSEN Hydro,17.0,2024,AMBER,Rev allocation,"07:00-16:00, 19:00-23:00 (weekdays) (default)",0.3453935739861448,1.0,0.559834558185046,0.4201154248905947,11,p/kWh
dno_data_enhanced/shepd_pcdm_v5_20241025_26-27_final.xlsx,SSEN Hydro,17.0,2024,GREEN,Rev allocation,"23:00-07:00 (all days), all day (weekends) (default)",0.1149410933450466,1.0,0.4690493629435512,0.2831727564761601,12,p/kWh
dno_data_enhanced/shepd_pcdm_v5_20241025_26-27_final.xlsx,SSEN Hydro,17.0,2024,RED,EDCM discounts,16:00-19:00 (weekdays) (default),0.0107946802422365,1.0,0.3982434788681309,0.2903843579710756,12,p/kWh
dno_data_enhanced/shepd_pcdm_v5_20241025_26-27_final.xlsx,SSEN Hydro,17.0,2024,AMBER,EDCM discounts,"07:00-16:00, 19:00-23:00 (weekdays) (default)",0.6986048366499154,1.0,0.9109228289832432,0.940013349234576,24,p/kWh
dno_data_enhanced/shepd_pcdm_v5_20241025_26-27_final.xlsx,SSEN Hydro,17.0,2024,GREEN,EDCM discounts,"23:00-07:00 (all days), all day (weekends) (default)",0.4082204786788396,1.0,0.8071403788935799,0.9002539870664586,23,p/kWh
