file_path,dno_name,mpan_code,year,band,sheet_name,time_period,min_rate,max_rate,mean_rate,median_rate,count,unit
dno_data_enhanced/SWEB-Schedule-of-charges-and-other-tables-v-1-0-2017.xlsx,National Grid South West,22.0,2017,RED,Annex 1 LV and HV charges,16:00-19:00 (weekdays) (default),0.155,4.66,2.667105263157895,3.72,19,p/kWh
dno_data_enhanced/SWEB-Schedule-of-charges-and-other-tables-v-1-0-2017.xlsx,National Grid South West,22.0,2017,GREEN,Annex 1 LV and HV charges,"23:00-07:00 (all days), all day (weekends) (default)",1.0,4.66,3.1633333333333336,3.098,15,p/kWh
dno_data_enhanced/SWEB-Schedule-of-charges-and-other-tables-v-1-0-2017.xlsx,National Grid South West,22.0,2017,RED,Annex 4 LDNO charges,16:00-19:00 (weekdays) (default),0.097,2.93,1.833157894736842,2.339,19,p/kWh
dno_data_enhanced/SWEB-Schedule-of-charges-and-other-tables-v-1-0-2017.xlsx,National Grid South West,22.0,2017,GREEN,Annex 4 LDNO charges,"23:00-07:00 (all days), all day (weekends) (default)",1.0,2.93,2.088,1.948,15,p/kWh
dno_data_enhanced/SWEB-Schedule-of-charges-and-other-tables-v-1-0-2017.xlsx,National Grid South West,22.0,2017,RED,Annex 5 LLFs,16:00-19:00 (weekdays) (default),1.017,1.035,1.0230555555555556,1.021,18,p/kWh
dno_data_enhanced/SWEB-Schedule-of-charges-and-other-tables-v-1-0-2017.xlsx,National Grid South West,22.0,2017,RED,Nodal prices,16:00-19:00 (weekdays) (default),0.1438790231853718,15.514575788575728,5.103095658110782,1.2947442518786632,7,p/kWh
dno_data_enhanced/SWEB-Schedule-of-charges-and-other-tables-v-1-0-2017.xlsx,National Grid South West,22.0,2017,RED,SSC TPR unit rate lookup,16:00-19:00 (weekdays) (default),1.0,2.0,1.4745762711864407,1.0,59,p/kWh
dno_data_enhanced/SWEB-Schedule-of-charges-and-other-tables-v-1-0-2017.xlsx,National Grid South West,22.0,2017,GREEN,SSC TPR unit rate lookup,"23:00-07:00 (all days), all day (weekends) (default)",1.0,2.0,1.4610778443113772,1.0,167,p/kWh
dno_data_enhanced/SWEB-Schedule-of-charges-and-other-tables-Apr-2014-Version-10-7-%c2%a35-removed.xlsx,National Grid South West,22.0,2014,RED,Annex 1 LV and HV charges,16:00-19:00 (weekdays) (default),0.23,4.32,2.43075,2.95,20,p/kWh
dno_data_enhanced/SWEB-Schedule-of-charges-and-other-tables-Apr-2014-Version-10-7-%c2%a35-removed.xlsx,National Grid South West,22.0,2014,GREEN,Annex 1 LV and HV charges,"23:00-07:00 (all days), all day (weekends) (default)",1.0,4.32,2.8094444444444444,2.95,18,p/kWh
dno_data_enhanced/SWEB-Schedule-of-charges-and-other-tables-Apr-2014-Version-10-7-%c2%a35-removed.xlsx,National Grid South West,22.0,2014,RED,Annex 4 LDNO charges,16:00-19:00 (weekdays) (default),0.146,2.75,1.650625,2.0,24,p/kWh
dno_data_enhanced/SWEB-Schedule-of-charges-and-other-tables-Apr-2014-Version-10-7-%c2%a35-removed.xlsx,National Grid South West,22.0,2014,GREEN,Annex 4 LDNO charges,"23:00-07:00 (all days), all day (weekends) (default)",1.0,2.75,1.7459090909090909,1.38,22,p/kWh
dno_data_enhanced/SWEB-Schedule-of-charges-and-other-tables-Apr-2014-Version-10-7-%c2%a35-removed.xlsx,National Grid South West,22.0,2014,RED,Annex 5 LLFs,16:00-19:00 (weekdays) (default),1.008,1.035,1.024333333333333,1.029,24,p/kWh
dno_data_enhanced/SWEB-Schedule-of-charges-and-other-tables-Apr-2014-Version-10-7-%c2%a35-removed.xlsx,National Grid South West,22.0,2014,RED,Nodal prices,16:00-19:00 (weekdays) (default),0.0567170051506642,17.744967038761594,7.32177863579335,8.369653677396888,6,p/kWh
dno_data_enhanced/SWEB-Schedule-of-charges-and-other-tables-Apr-2014-Version-10-7-%c2%a35-removed.xlsx,National Grid South West,22.0,2014,RED,SSC TPR unit rate lookup,16:00-19:00 (weekdays) (default),1.0,2.0,1.4634146341463414,1.0,41,p/kWh
dno_data_enhanced/SWEB-Schedule-of-charges-and-other-tables-Apr-2014-Version-10-7-%c2%a35-removed.xlsx,National Grid South West,22.0,2014,GREEN,SSC TPR unit rate lookup,"23:00-07:00 (all days), all day (weekends) (default)",1.0,2.0,1.4493670886075949,1.0,158,p/kWh
dno_data_enhanced/SWEB-Schedule-of-charges-and-other-tables-v-1-0-2016.xlsx,National Grid South West,22.0,2016,RED,Annex 1 LV and HV charges,16:00-19:00 (weekdays) (default),0.15,6.08,3.037894736842105,3.714,19,p/kWh
dno_data_enhanced/SWEB-Schedule-of-charges-and-other-tables-v-1-0-2016.xlsx,National Grid South West,22.0,2016,GREEN,Annex 1 LV and HV charges,"23:00-07:00 (all days), all day (weekends) (default)",1.0,6.08,3.7676666666666665,3.207,15,p/kWh
dno_data_enhanced/SWEB-Schedule-of-charges-and-other-tables-v-1-0-2016.xlsx,National Grid South West,22.0,2016,RED,Annex 4 LDNO charges,16:00-19:00 (weekdays) (default),0.094,4.36,2.2081578947368423,2.337,19,p/kWh
dno_data_enhanced/SWEB-Schedule-of-charges-and-other-tables-v-1-0-2016.xlsx,National Grid South West,22.0,2016,GREEN,Annex 4 LDNO charges,"23:00-07:00 (all days), all day (weekends) (default)",1.0,4.36,2.683333333333333,2.018,15,p/kWh
dno_data_enhanced/SWEB-Schedule-of-charges-and-other-tables-v-1-0-2016.xlsx,National Grid South West,22.0,2016,RED,Annex 5 LLFs,16:00-19:00 (weekdays) (default),1.017,1.035,1.0230555555555556,1.021,18,p/kWh
dno_data_enhanced/SWEB-Schedule-of-charges-and-other-tables-v-1-0-2016.xlsx,National Grid South West,22.0,2016,RED,Nodal prices,16:00-19:00 (weekdays) (default),0.1357395840585439,15.126992626384355,4.949203818683185,1.251936583674966,7,p/kWh
dno_data_enhanced/SWEB-Schedule-of-charges-and-other-tables-v-1-0-2016.xlsx,National Grid South West,22.0,2016,RED,SSC TPR unit rate lookup,16:00-19:00 (weekdays) (default),1.0,2.0,1.4745762711864407,1.0,59,p/kWh
dno_data_enhanced/SWEB-Schedule-of-charges-and-other-tables-v-1-0-2016.xlsx,National Grid South West,22.0,2016,GREEN,SSC TPR unit rate lookup,"23:00-07:00 (all days), all day (weekends) (default)",1.0,2.0,1.4610778443113772,1.0,167,p/kWh
dno_data_enhanced/SWEB - Schedule of charges and other tables - 2019 V.0.1 SOLR.xlsx,National Grid South West,22.0,2019,RED,Annex 1 LV and HV charges,16:00-19:00 (weekdays) (default),1.425,5.1,2.931052631578947,3.013,19,p/kWh
dno_data_enhanced/SWEB - Schedule of charges and other tables - 2019 V.0.1 SOLR.xlsx,National Grid South West,22.0,2019,GREEN,Annex 1 LV and HV charges,"23:00-07:00 (all days), all day (weekends) (default)",1.0,5.1,3.223333333333333,2.75,15,p/kWh
dno_data_enhanced/SWEB - Schedule of charges and other tables - 2019 V.0.1 SOLR.xlsx,National Grid South West,22.0,2019,RED,Annex 4 LDNO charges,16:00-19:00 (weekdays) (default),0.89,3.14,1.976842105263158,1.882,19,p/kWh
dno_data_enhanced/SWEB - Schedule of charges and other tables - 2019 V.0.1 SOLR.xlsx,National Grid South West,22.0,2019,GREEN,Annex 4 LDNO charges,"23:00-07:00 (all days), all day (weekends) (default)",1.0,3.14,2.0953333333333335,1.7180000000000002,15,p/kWh
dno_data_enhanced/SWEB - Schedule of charges and other tables - 2019 V.0.1 SOLR.xlsx,National Grid South West,22.0,2019,RED,Annex 5 LLFs,16:00-19:00 (weekdays) (default),1.012,1.035,1.0172222222222222,1.014,18,p/kWh
dno_data_enhanced/SWEB - Schedule of charges and other tables - 2019 V.0.1 SOLR.xlsx,National Grid South West,22.0,2019,RED,Nodal prices,16:00-19:00 (weekdays) (default),0.18373908,15.52259464,4.4671125279999995,1.58283102,5,p/kWh
dno_data_enhanced/SWEB - Schedule of charges and other tables - 2019 V.0.1 SOLR.xlsx,National Grid South West,22.0,2019,RED,SSC TPR unit rate lookup,16:00-19:00 (weekdays) (default),1.0,2.0,1.4745762711864407,1.0,59,p/kWh
dno_data_enhanced/SWEB - Schedule of charges and other tables - 2019 V.0.1 SOLR.xlsx,National Grid South West,22.0,2019,GREEN,SSC TPR unit rate lookup,"23:00-07:00 (all days), all day (weekends) (default)",1.0,2.0,1.4610778443113772,1.0,167,p/kWh
dno_data_enhanced/SWEB-Schedule-of-charges-and-other-tables-v-1-0-2018-SOLR3.xlsx,National Grid South West,22.0,2018,RED,Annex 1 LV and HV charges,16:00-19:00 (weekdays) (default),1.434,5.25,2.978684210526316,3.035,19,p/kWh
dno_data_enhanced/SWEB-Schedule-of-charges-and-other-tables-v-1-0-2018-SOLR3.xlsx,National Grid South West,22.0,2018,GREEN,Annex 1 LV and HV charges,"23:00-07:00 (all days), all day (weekends) (default)",1.0,5.25,3.2653333333333334,2.696,15,p/kWh
dno_data_enhanced/SWEB-Schedule-of-charges-and-other-tables-v-1-0-2018-SOLR3.xlsx,National Grid South West,22.0,2018,RED,Annex 4 LDNO charges,16:00-19:00 (weekdays) (default),0.9,3.24,2.011578947368421,1.904,19,p/kWh
dno_data_enhanced/SWEB-Schedule-of-charges-and-other-tables-v-1-0-2018-SOLR3.xlsx,National Grid South West,22.0,2018,GREEN,Annex 4 LDNO charges,"23:00-07:00 (all days), all day (weekends) (default)",1.0,3.24,2.1263333333333336,1.691,15,p/kWh
dno_data_enhanced/SWEB-Schedule-of-charges-and-other-tables-v-1-0-2018-SOLR3.xlsx,National Grid South West,22.0,2018,RED,Nodal prices,16:00-19:00 (weekdays) (default),0.1674169368513344,10.95467295251628,4.626226439374301,1.192966115045596,5,p/kWh
dno_data_enhanced/SWEB-Schedule-of-charges-and-other-tables-v-1-0-2018-SOLR3.xlsx,National Grid South West,22.0,2018,RED,SSC TPR unit rate lookup,16:00-19:00 (weekdays) (default),1.0,2.0,1.4745762711864407,1.0,59,p/kWh
dno_data_enhanced/SWEB-Schedule-of-charges-and-other-tables-v-1-0-2018-SOLR3.xlsx,National Grid South West,22.0,2018,GREEN,SSC TPR unit rate lookup,"23:00-07:00 (all days), all day (weekends) (default)",1.0,2.0,1.4610778443113772,1.0,167,p/kWh
dno_data_enhanced/SWEB-Schedule of charges and other tables-2024 V.0.1 for publishing.xlsx,National Grid South West,22.0,2024,RED,"Annex 1 LV, HV and UMS charges",16:00-19:00 (weekdays) (default),0.054,15.165,5.325666666666666,0.758,15,p/kWh
dno_data_enhanced/SWEB-Schedule of charges and other tables-2024 V.0.1 for publishing.xlsx,National Grid South West,22.0,2024,GREEN,"Annex 1 LV, HV and UMS charges","23:00-07:00 (all days), all day (weekends) (default)",0.054,29.42,11.183347826086957,0.758,23,p/kWh
dno_data_enhanced/SWEB-Schedule of charges and other tables-2024 V.0.1 for publishing.xlsx,National Grid South West,22.0,2024,RED,Annex 4 LDNO charges,16:00-19:00 (weekdays) (default),0.033,9.242,3.2456666666666667,0.462,15,p/kWh
dno_data_enhanced/SWEB-Schedule of charges and other tables-2024 V.0.1 for publishing.xlsx,National Grid South West,22.0,2024,GREEN,Annex 4 LDNO charges,"23:00-07:00 (all days), all day (weekends) (default)",0.033,18.29,6.909565217391304,0.462,23,p/kWh
dno_data_enhanced/SWEB-Schedule of charges and other tables-2024 V.0.1 for publishing.xlsx,National Grid South West,22.0,2024,RED,Nodal prices,16:00-19:00 (weekdays) (default),0.1559477559424647,16.26750579028373,7.518440865738714,5.511622417402568,5,p/kWh
dno_data_enhanced/SWEB-2014-15.xlsx,National Grid South West,22.0,2014,RED,SWEB,16:00-19:00 (weekdays) (default),1.002,1.087,1.0315692307692308,1.032,585,p/kWh
dno_data_enhanced/SWEB-2014-15.xlsx,National Grid South West,22.0,2014,GREEN,SWEB,"23:00-07:00 (all days), all day (weekends) (default)",1.0,1.077,1.0224082332761577,1.022,583,p/kWh
dno_data_enhanced/SWEB-Schedule of charges and other tables-2023 V.0.1 for publishing.xlsx,National Grid South West,22.0,2023,RED,"Annex 1 LV, HV and UMS charges",16:00-19:00 (weekdays) (default),0.044,16.367,5.706333333333333,0.708,15,p/kWh
dno_data_enhanced/SWEB-Schedule of charges and other tables-2023 V.0.1 for publishing.xlsx,National Grid South West,22.0,2023,GREEN,"Annex 1 LV, HV and UMS charges","23:00-07:00 (all days), all day (weekends) (default)",0.044,18.68,8.627260869565218,0.708,23,p/kWh
dno_data_enhanced/SWEB-Schedule of charges and other tables-2023 V.0.1 for publishing.xlsx,National Grid South West,22.0,2023,RED,Annex 4 LDNO charges,16:00-19:00 (weekdays) (default),0.027,10.179,3.548666666666667,0.44,15,p/kWh
dno_data_enhanced/SWEB-Schedule of charges and other tables-2023 V.0.1 for publishing.xlsx,National Grid South West,22.0,2023,GREEN,Annex 4 LDNO charges,"23:00-07:00 (all days), all day (weekends) (default)",0.027,11.76,5.402478260869565,0.44,23,p/kWh
dno_data_enhanced/SWEB-Schedule of charges and other tables-2023 V.0.1 for publishing.xlsx,National Grid South West,22.0,2023,RED,Nodal prices,16:00-19:00 (weekdays) (default),0.1559477559424647,16.26750579028373,7.518440865738714,5.511622417402568,5,p/kWh
dno_data_enhanced/SWEB - Schedule of charges and other tables- 2026 V.0.1 for publishing.xlsx,National Grid South West,22.0,2026,RED,"Annex 1 LV, HV and UMS charges",16:00-19:00 (weekdays) (default),0.198,22.754,8.255333333333335,1.814,15,p/kWh
dno_data_enhanced/SWEB - Schedule of charges and other tables- 2026 V.0.1 for publishing.xlsx,National Grid South West,22.0,2026,GREEN,"Annex 1 LV, HV and UMS charges","23:00-07:00 (all days), all day (weekends) (default)",0.198,22.754,8.750521739130434,1.814,23,p/kWh
dno_data_enhanced/SWEB - Schedule of charges and other tables- 2026 V.0.1 for publishing.xlsx,National Grid South West,22.0,2026,RED,Annex 4 LDNO charges,16:00-19:00 (weekdays) (default),0.122,14.031,5.0906666666666665,1.119,15,p/kWh
dno_data_enhanced/SWEB - Schedule of charges and other tables- 2026 V.0.1 for publishing.xlsx,National Grid South West,22.0,2026,GREEN,Annex 4 LDNO charges,"23:00-07:00 (all days), all day (weekends) (default)",0.122,14.031,5.395695652173913,1.119,23,p/kWh
dno_data_enhanced/SWEB - Schedule of charges and other tables- 2026 V.0.1 for publishing.xlsx,National Grid South West,22.0,2026,RED,Nodal prices,16:00-19:00 (weekdays) (default),1.8853446403923175,20.958025353829644,11.177943514642063,16.8903109207861,4,p/kWh
dno_data_enhanced/SWEB-Schedule-of-charges-and-other-tables-2015-V1-10.xlsx,National Grid South West,22.0,2015,RED,Annex 1 LV and HV charges,16:00-19:00 (weekdays) (default),0.204,4.56,2.5576315789473685,3.355,19,p/kWh
dno_data_enhanced/SWEB-Schedule-of-charges-and-other-tables-2015-V1-10.xlsx,National Grid South West,22.0,2015,GREEN,Annex 1 LV and HV charges,"23:00-07:00 (all days), all day (weekends) (default)",1.0,4.56,3.060666666666666,2.91,15,p/kWh
dno_data_enhanced/SWEB-Schedule-of-charges-and-other-tables-2015-V1-10.xlsx,National Grid South West,22.0,2015,RED,Annex 4 LDNO charges,16:00-19:00 (weekdays) (default),0.129,2.89,1.7755263157894736,2.128,19,p/kWh
dno_data_enhanced/SWEB-Schedule-of-charges-and-other-tables-2015-V1-10.xlsx,National Grid South West,22.0,2015,GREEN,Annex 4 LDNO charges,"23:00-07:00 (all days), all day (weekends) (default)",1.0,2.89,2.038,1.846,15,p/kWh
dno_data_enhanced/SWEB-Schedule-of-charges-and-other-tables-2015-V1-10.xlsx,National Grid South West,22.0,2015,RED,Annex 5 LLFs,16:00-19:00 (weekdays) (default),1.017,1.035,1.02425,1.024,12,p/kWh
dno_data_enhanced/SWEB-Schedule-of-charges-and-other-tables-2015-V1-10.xlsx,National Grid South West,22.0,2015,RED,Nodal prices,16:00-19:00 (weekdays) (default),0.0681183385342382,16.77843657900567,5.006193506896978,1.393240726612257,7,p/kWh
dno_data_enhanced/SWEB-Schedule-of-charges-and-other-tables-2015-V1-10.xlsx,National Grid South West,22.0,2015,RED,SSC TPR unit rate lookup,16:00-19:00 (weekdays) (default),1.0,2.0,1.469387755102041,1.0,49,p/kWh
dno_data_enhanced/SWEB-Schedule-of-charges-and-other-tables-2015-V1-10.xlsx,National Grid South West,22.0,2015,GREEN,SSC TPR unit rate lookup,"23:00-07:00 (all days), all day (weekends) (default)",1.0,2.0,1.4567901234567902,1.0,162,p/kWh
dno_data_enhanced/SWEB - Schedule of charges and other tables- 2025 V.0.1 for publishing.xlsx,National Grid South West,22.0,2025,RED,"Annex 1 LV, HV and UMS charges",16:00-19:00 (weekdays) (default),0.202,24.78,8.868666666666666,1.624,15,p/kWh
dno_data_enhanced/SWEB - Schedule of charges and other tables- 2025 V.0.1 for publishing.xlsx,National Grid South West,22.0,2025,GREEN,"Annex 1 LV, HV and UMS charges","23:00-07:00 (all days), all day (weekends) (default)",0.202,24.78,9.31982608695652,1.624,23,p/kWh
dno_data_enhanced/SWEB - Schedule of charges and other tables- 2025 V.0.1 for publishing.xlsx,National Grid South West,22.0,2025,RED,Annex 4 LDNO charges,16:00-19:00 (weekdays) (default),0.124,15.218,5.446333333333333,0.997,15,p/kWh
dno_data_enhanced/SWEB - Schedule of charges and other tables- 2025 V.0.1 for publishing.xlsx,National Grid South West,22.0,2025,GREEN,Annex 4 LDNO charges,"23:00-07:00 (all days), all day (weekends) (default)",0.124,15.218,5.724173913043479,0.997,23,p/kWh
dno_data_enhanced/SWEB - Schedule of charges and other tables- 2025 V.0.1 for publishing.xlsx,National Grid South West,22.0,2025,RED,Nodal prices,16:00-19:00 (weekdays) (default),0.0790647506066863,22.28315467626602,8.155641870680565,3.987529755451392,5,p/kWh
dno_data_enhanced/SWEB-Schedule of charges and other tables-2021 V.0.2.xlsx,National Grid South West,22.0,2021,RED,"Annex 1 LV, HV and UMS charges",16:00-19:00 (weekdays) (default),1.441,15.692,5.477368421052632,2.081,19,p/kWh
dno_data_enhanced/SWEB-Schedule of charges and other tables-2021 V.0.2.xlsx,National Grid South West,22.0,2021,GREEN,"Annex 1 LV, HV and UMS charges","23:00-07:00 (all days), all day (weekends) (default)",1.441,15.692,5.764869565217392,2.081,23,p/kWh
dno_data_enhanced/SWEB-Schedule of charges and other tables-2021 V.0.2.xlsx,National Grid South West,22.0,2021,RED,Annex 4 LDNO charges,16:00-19:00 (weekdays) (default),0.893,9.722,3.5536842105263156,1.289,19,p/kWh
dno_data_enhanced/SWEB-Schedule of charges and other tables-2021 V.0.2.xlsx,National Grid South West,22.0,2021,GREEN,Annex 4 LDNO charges,"23:00-07:00 (all days), all day (weekends) (default)",0.893,9.722,3.5957391304347825,1.289,23,p/kWh
dno_data_enhanced/SWEB-Schedule of charges and other tables-2021 V.0.2.xlsx,National Grid South West,22.0,2021,RED,Nodal prices,16:00-19:00 (weekdays) (default),0.3269372544973533,15.66322499414792,5.893159698829482,1.1880621658522486,5,p/kWh
dno_data_enhanced/SWEB-Schedule of charges and other tables-2020 v2.xlsx,National Grid South West,22.0,2020,RED,Annex 1 LV and HV charges,16:00-19:00 (weekdays) (default),1.433,4.92,2.8928947368421056,3.04,19,p/kWh
dno_data_enhanced/SWEB-Schedule of charges and other tables-2020 v2.xlsx,National Grid South West,22.0,2020,GREEN,Annex 1 LV and HV charges,"23:00-07:00 (all days), all day (weekends) (default)",1.0,4.92,3.161666666666666,2.781,15,p/kWh
dno_data_enhanced/SWEB-Schedule of charges and other tables-2020 v2.xlsx,National Grid South West,22.0,2020,RED,Annex 4 LDNO charges,16:00-19:00 (weekdays) (default),0.888,3.05,1.952894736842105,1.883,19,p/kWh
dno_data_enhanced/SWEB-Schedule of charges and other tables-2020 v2.xlsx,National Grid South West,22.0,2020,GREEN,Annex 4 LDNO charges,"23:00-07:00 (all days), all day (weekends) (default)",1.0,3.05,2.061,1.723,15,p/kWh
dno_data_enhanced/SWEB-Schedule of charges and other tables-2020 v2.xlsx,National Grid South West,22.0,2020,RED,Nodal prices,16:00-19:00 (weekdays) (default),0.2036288464709518,13.92879223996246,5.236860228931443,1.3867182474637116,5,p/kWh
dno_data_enhanced/SWEB-Schedule of charges and other tables-2020 v2.xlsx,National Grid South West,22.0,2020,RED,SSC TPR unit rate lookup,16:00-19:00 (weekdays) (default),1.0,2.0,1.4745762711864407,1.0,59,p/kWh
dno_data_enhanced/SWEB-Schedule of charges and other tables-2020 v2.xlsx,National Grid South West,22.0,2020,GREEN,SSC TPR unit rate lookup,"23:00-07:00 (all days), all day (weekends) (default)",1.0,2.0,1.4610778443113772,1.0,167,p/kWh
dno_data_enhanced/SWEB-Schedule of charges and other tables-2022 V.0.1.xlsx,National Grid South West,22.0,2022,RED,"Annex 1 LV, HV and UMS charges",16:00-19:00 (weekdays) (default),0.069,14.405,5.066,0.724,15,p/kWh
dno_data_enhanced/SWEB-Schedule of charges and other tables-2022 V.0.1.xlsx,National Grid South West,22.0,2022,GREEN,"Annex 1 LV, HV and UMS charges","23:00-07:00 (all days), all day (weekends) (default)",0.069,19.44,8.409695652173912,0.724,23,p/kWh
dno_data_enhanced/SWEB-Schedule of charges and other tables-2022 V.0.1.xlsx,National Grid South West,22.0,2022,RED,Annex 4 LDNO charges,16:00-19:00 (weekdays) (default),0.043,8.918,3.136333333333333,0.448,15,p/kWh
dno_data_enhanced/SWEB-Schedule of charges and other tables-2022 V.0.1.xlsx,National Grid South West,22.0,2022,GREEN,Annex 4 LDNO charges,"23:00-07:00 (all days), all day (weekends) (default)",0.043,12.08,5.218086956521739,0.448,23,p/kWh
dno_data_enhanced/SWEB-Schedule of charges and other tables-2022 V.0.1.xlsx,National Grid South West,22.0,2022,RED,Nodal prices,16:00-19:00 (weekdays) (default),0.3489256997509984,19.170008252728213,7.156858510060408,1.1867893752347696,5,p/kWh
