datetime_utc,gas_generation_gw,wind_generation_gw,nuclear_generation_gw,coal_generation_gw,hydro_generation_gw,biomass_generation_gw,oil_generation_gw,ocgt_generation_gw,other_generation_gw,pumped_storage_gw,total_domestic_generation_gw,market_index_price_gbp_per_mwh,system_buy_price_gbp_per_mwh,system_sell_price_gbp_per_mwh,humr1_generation_mw,net_imbalance_volume_mwh
2025-09-01 00:00:00+00:00,,,,,,,,,,,,0.0,-965.3464162525544,1513.3101286173655,45.0,0.0
2025-09-01 00:30:00+00:00,,,,,,,,,,,,0.0,-965.2518569343081,1482.0062102189775,0.0,0.0
2025-09-01 01:00:00+00:00,,,,,,,,,,,,0.0,-961.6263938246432,1480.0604864549937,45.0,0.0
2025-09-01 01:30:00+00:00,,,,,,,,,,,,0.0,-961.9818811881197,1479.778878858475,0.0,0.0
2025-09-01 02:00:00+00:00,,,,,,,,,,,,0.0,-1000.2269058686802,1473.825842533412,45.0,0.0
2025-09-01 02:30:00+00:00,,,,,,,,,,,,0.0,-967.678329944814,1504.6829712460064,0.0,0.0
2025-09-01 03:00:00+00:00,,,,,,,,,,,,0.0,-1012.4956864456129,1503.999348458397,45.0,0.0
2025-09-01 03:30:00+00:00,,,,,,,,,,,,0.0,-1010.5506026200835,1508.1704774381385,0.0,0.0
2025-09-01 04:00:00+00:00,,,,,,,,,,,,0.0,-966.531050334594,1511.5018242653455,45.0,0.0
2025-09-01 04:30:00+00:00,,,,,,,,,,,,0.0,-880.1700174774267,1368.376760850569,0.0,0.0
2025-09-01 05:00:00+00:00,,,,,,,,,,,,0.0,-1024.490596797671,1543.7208093158627,45.0,0.0
2025-09-01 05:30:00+00:00,,,,,,,,,,,,0.0,-1023.2454389034692,1548.6212860892406,0.0,0.0
2025-09-01 06:00:00+00:00,,,,,,,,,,,,0.0,-1023.0910032079329,1530.1201079031775,45.0,0.0
2025-09-01 06:30:00+00:00,,,,,,,,,,,,0.0,-1021.6224963460992,1531.693279742761,0.0,0.0
2025-09-01 07:00:00+00:00,,,,,,,,,,,,0.0,-1032.1614972165244,1569.9297450922948,45.0,0.0
2025-09-01 07:30:00+00:00,,,,,,,,,,,,0.0,-1080.1896373208522,1638.0422433460076,0.0,0.0
2025-09-01 08:00:00+00:00,,,,,,,,,,,,0.0,-1079.3634570426684,1632.2580420806594,45.0,0.0
2025-09-01 08:30:00+00:00,,,,,,,,,,,,0.0,-1075.0313597899035,1627.3261015465418,0.0,0.0
2025-09-01 09:00:00+00:00,,,,,,,,,,,,0.0,-1082.1857446808501,1586.9044418536926,45.0,0.0
2025-09-01 09:30:00+00:00,,,,,,,,,,,,0.0,-1116.8706832116802,1646.9174686131396,0.0,0.0
2025-09-01 10:00:00+00:00,,,,,,,,,,,,0.0,-1114.2502241630293,1613.3966783114997,45.0,0.0
2025-09-01 10:30:00+00:00,,,,,,,,,,,,0.0,-1104.7994577259515,1602.9314985422734,0.0,0.0
2025-09-01 11:00:00+00:00,,,,,,,,,,,,0.0,-1075.373990090352,1599.4151559312163,86.25,0.0
2025-09-01 11:30:00+00:00,,,,,,,,,,,,0.0,-1063.6004645048183,1562.243467718381,0.0,0.0
2025-09-01 12:00:00+00:00,,,,,,,,,,,,0.0,-1057.9369708454785,1619.6861953352804,85.0,0.0
2025-09-01 12:30:00+00:00,,,,,,,,,,,,0.0,-1085.8938898601411,1590.2736975524435,0.0,0.0
2025-09-01 13:00:00+00:00,,,,,,,,,,,,0.0,-1057.5393403385865,1545.768561004084,85.0,0.0
2025-09-01 13:30:00+00:00,,,,,,,,,,,,0.0,-1086.504040816327,1541.0634897959178,0.0,0.0
2025-09-01 14:00:00+00:00,,,,,,,,,,,,0.0,-1086.6303962704023,1545.2767628205183,85.0,0.0
2025-09-01 14:30:00+00:00,,,,,,,,,,,,0.0,-1076.710448326055,1581.9791965065501,0.0,0.0
2025-09-01 15:00:00+00:00,,,,,,,,,,,,0.0,-1078.3403317811403,1580.3888707799795,85.0,0.0
2025-09-01 15:30:00+00:00,,,,,,,,,,,,0.0,-1050.276853310003,1544.1962583843683,0.0,0.0
2025-09-01 16:00:00+00:00,,,,,,,,,,,,0.0,-1032.0623663453107,1549.5439643587513,85.0,0.0
2025-09-01 16:30:00+00:00,,,,,,,,,,,,0.0,-1017.1069956204365,1560.907024817519,0.0,0.0
2025-09-01 17:00:00+00:00,,,,,,,,,,,,0.0,-1005.2351502772113,1569.7086081120585,167.25,0.0
2025-09-01 17:30:00+00:00,,,,,,,,,,,,0.0,-1000.8556271878633,1574.987587514584,0.0,0.0
2025-09-01 18:00:00+00:00,,,,,,,,,,,,0.0,-1014.3293539900627,1630.4549809997063,400.25,0.0
2025-09-01 18:30:00+00:00,,,,,,,,,,,,0.0,-983.614437627811,1601.7986123283633,0.0,0.0
2025-09-01 19:00:00+00:00,,,,,,,,,,,,0.0,-937.846138353766,1597.2999357851722,447.0,0.0
2025-09-01 19:30:00+00:00,,,,,,,,,,,,0.0,-947.8370895304753,1585.2354418197713,0.0,0.0
2025-09-01 20:00:00+00:00,,,,,,,,,,,,0.0,-958.6147851505399,1579.9906460099448,314.3333333333333,0.0
2025-09-01 20:30:00+00:00,,,,,,,,,,,,0.0,-991.5666851473575,1542.793119346367,0.0,0.0
2025-09-01 21:00:00+00:00,,,,,,,,,,,,0.0,-963.4769541069888,1533.484817304883,265.0,0.0
2025-09-01 21:30:00+00:00,,,,,,,,,,,,0.0,-973.8583323615164,1514.458148688048,0.0,0.0
2025-09-01 22:00:00+00:00,,,,,,,,,,,,0.0,-985.6858931698758,1502.7532136602515,260.25,0.0
2025-09-01 22:30:00+00:00,,,,,,,,,,,,0.0,-986.4513203147754,1529.1853162343357,0.0,0.0
2025-09-01 23:00:00+00:00,,,,,,,,,,,,0.0,-1037.4803744880037,1513.9057021650144,260.0,0.0
2025-09-01 23:30:00+00:00,,,,,,,,,,,,0.0,-1034.6218859649132,1521.9003040935656,0.0,0.0
2025-09-02 00:00:00+00:00,,,,,,,,,,,,0.0,-1035.7851737226267,1528.24578686131,271.6,0.0
2025-09-02 00:30:00+00:00,,,,,,,,,,,,0.0,-1071.4605609114856,1524.1612153082103,0.0,0.0
2025-09-02 01:00:00+00:00,,,,,,,,,,,,0.0,-1075.071338789829,1551.7379333528188,298.2,0.0
2025-09-02 01:30:00+00:00,,,,,,,,,,,,0.0,-1080.9554909409712,1542.9514552893027,0.0,0.0
2025-09-02 02:00:00+00:00,,,,,,,,,,,,0.0,-1047.4030212890075,1512.2639049285522,307.25,0.0
2025-09-02 02:30:00+00:00,,,,,,,,,,,,0.0,-1042.0225863077806,1583.2069514335888,0.0,0.0
2025-09-02 03:00:00+00:00,,,,,,,,,,,,0.0,-1053.150313048564,1583.8370801638364,329.0,0.0
2025-09-02 03:30:00+00:00,,,,,,,,,,,,0.0,-1049.724139140603,1585.3953434668217,0.0,0.0
2025-09-02 04:00:00+00:00,,,,,,,,,,,,0.0,-1071.1204717257563,1562.6225402871423,329.6666666666667,0.0
2025-09-02 04:30:00+00:00,,,,,,,,,,,,0.0,-917.6273309920992,1443.7221275973102,0.0,0.0
2025-09-02 05:00:00+00:00,,,,,,,,,,,,0.0,-1088.2139252336428,1617.7294363317747,330.0,0.0
2025-09-02 05:30:00+00:00,,,,,,,,,,,,0.0,-1082.5177306002906,1621.3548169838925,0.0,0.0
2025-09-02 06:00:00+00:00,,,,,,,,,,,,0.0,-1084.5799999999954,1612.5706434630029,330.6666666666667,0.0
2025-09-02 06:30:00+00:00,,,,,,,,,,,,0.0,-1075.36310870202,1609.4288719601523,0.0,0.0
2025-09-02 07:00:00+00:00,,,,,,,,,,,,0.0,-1034.157709611451,1555.6397721297094,328.75,0.0
2025-09-02 07:30:00+00:00,,,,,,,,,,,,0.0,-1017.0654937372565,1594.5904718904721,0.0,0.0
2025-09-02 08:00:00+00:00,,,,,,,,,,,,0.0,-998.8496340749451,1560.9277927400492,325.75,0.0
2025-09-02 08:30:00+00:00,,,,,,,,,,,,0.0,-1009.3816627771267,1541.6731913652293,0.0,0.0
2025-09-02 09:00:00+00:00,,,,,,,,,,,,0.0,-1006.7220717829011,1573.6606302888813,322.75,0.0
2025-09-02 09:30:00+00:00,,,,,,,,,,,,0.0,-1009.8989203384892,1541.4897782316955,0.0,0.0
2025-09-02 10:00:00+00:00,,,,,,,,,,,,32.055,-1042.9005969714628,1532.1952504368044,318.25,0.0
2025-09-02 10:30:00+00:00,,,,,,,,,,,,35.88,-1049.803994186045,1532.3944389534893,0.0,0.0
2025-09-02 11:00:00+00:00,,,,,,,,,,,,33.42,-999.7168102444722,1518.839481955762,322.25,0.0
2025-09-02 11:30:00+00:00,,,,,,,,,,,,34.715,-1010.6560325770823,1517.9901890634112,0.0,0.0
2025-09-02 12:00:00+00:00,,,,,,,,,,,,34.135,-1035.6034379540856,1519.5201394943347,341.3333333333333,0.0
2025-09-02 12:30:00+00:00,,,,,,,,,,,,33.495,-1005.2178143189752,1524.219901047734,0.0,0.0
2025-09-02 13:00:00+00:00,,,,,,,,,,,,34.395,-1000.2092983988334,1518.889863173213,357.3333333333333,0.0
2025-09-02 13:30:00+00:00,,,,,,,,,,,,33.555,-1021.5167113311974,1516.7613137197786,0.0,0.0
2025-09-02 14:00:00+00:00,,,,,,,,,,,,33.255,-998.3456189921351,1514.2193009029997,375.3333333333333,0.0
2025-09-02 14:30:00+00:00,,,,,,,,,,,,36.08,-992.605508425336,1513.3059616502032,0.0,0.0
2025-09-02 15:00:00+00:00,,,,,,,,,,,,42.415,-1060.5537605592797,1510.524916982229,381.0,0.0
2025-09-02 15:30:00+00:00,,,,,,,,,,,,40.54,-1002.2192229038858,1517.477379491674,0.0,0.0
2025-09-02 16:00:00+00:00,,,,,,,,,,,,40.885,-1095.5224197314665,1543.9050700525372,646.8333333333334,0.0
2025-09-02 16:30:00+00:00,,,,,,,,,,,,41.865,-1060.8745176333423,1575.6634829495795,0.0,0.0
2025-09-02 17:00:00+00:00,,,,,,,,,,,,52.285,-1018.5111814469112,1579.6784684947493,702.0,0.0
2025-09-02 17:30:00+00:00,,,,,,,,,,,,51.005,-979.3770415576847,1583.0865184539382,0.0,0.0
2025-09-02 18:00:00+00:00,,,,,,,,,,,,53.53,-973.8260646664702,1595.4922021555485,705.0,0.0
2025-09-02 18:30:00+00:00,,,,,,,,,,,,53.3,-954.9656364695584,1555.0856976405453,0.0,0.0
2025-09-02 19:00:00+00:00,,,,,,,,,,,,50.89,-915.807419260986,1561.875274949089,506.6875,0.0
2025-09-02 19:30:00+00:00,,,,,,,,,,,,48.625,-929.7230081300843,1570.9746196283375,0.0,0.0
2025-09-02 20:00:00+00:00,,,,,,,,,,,,42.71,-945.0135504507133,1530.1405495783647,324.2,0.0
2025-09-02 20:30:00+00:00,,,,,,,,,,,,41.205,-961.835212456346,1513.538928987195,0.0,0.0
2025-09-02 21:00:00+00:00,,,,,,,,,,,,42.305,-976.0802012248437,1497.0284135316394,330.0,0.0
2025-09-02 21:30:00+00:00,,,,,,,,,,,,41.005,-975.7399533527688,1496.4901428571388,0.0,0.0
2025-09-02 22:00:00+00:00,,,,,,,,,,,,40.065,-972.4801808634736,1498.4369194865849,312.79999999999995,0.0
2025-09-02 22:30:00+00:00,,,,,,,,,,,,39.565,-974.8024744674649,1505.8338838634327,0.0,0.0
2025-09-02 23:00:00+00:00,,,,,,,,,,,,37.67,-984.3217772581114,1571.6381905875535,328.0,0.0
2025-09-02 23:30:00+00:00,,,,,,,,,,,,43.74,-994.6450524170068,1560.8221723937077,0.0,0.0
2025-09-03 00:00:00+00:00,,,,,,,,,,,,44.87,-1005.8597468722703,1568.9308059354084,331.0,0.0
2025-09-03 00:30:00+00:00,,,,,,,,,,,,45.965,-1001.0751772225447,1575.4400406740215,0.0,0.0
2025-09-03 01:00:00+00:00,,,,,,,,,,,,44.64,-1001.2510543131006,1575.2558263142578,330.25,0.0
2025-09-03 01:30:00+00:00,,,,,,,,,,,,42.575,-1038.0491818973012,1564.9404728749626,0.0,0.0
2025-09-03 02:00:00+00:00,,,,,,,,,,,,41.725,-1042.766074548634,1570.418019801982,311.25,0.0
2025-09-03 02:30:00+00:00,,,,,,,,,,,,40.325,-1037.3188490676014,1576.481220862466,0.0,0.0
2025-09-03 03:00:00+00:00,,,,,,,,,,,,40.69,-1023.5356472303223,1545.7988279883393,305.0,0.0
2025-09-03 03:30:00+00:00,,,,,,,,,,,,40.29,-1021.6888207822549,1550.5471424401653,0.0,0.0
2025-09-03 04:00:00+00:00,,,,,,,,,,,,40.085,-1018.8427503649627,1583.0693693430667,326.5,0.0
2025-09-03 04:30:00+00:00,,,,,,,,,,,,40.77,-897.1465005827503,1466.1482954545402,0.0,0.0
2025-09-03 05:00:00+00:00,,,,,,,,,,,,45.255,-1068.8890040768842,1641.9632003494462,330.0,0.0
2025-09-03 05:30:00+00:00,,,,,,,,,,,,47.38,-1064.6864426992418,1640.7967393833574,0.0,0.0
2025-09-03 06:00:00+00:00,,,,,,,,,,,,46.635,-1083.4970084474196,1678.5614943198418,330.0,0.0
2025-09-03 06:30:00+00:00,,,,,,,,,,,,47.525,-1068.1264902587927,1690.2391131142756,0.0,0.0
2025-09-03 07:00:00+00:00,,,,,,,,,,,,50.53,-1092.5867423580758,1694.7109868995635,330.0,0.0
2025-09-03 07:30:00+00:00,,,,,,,,,,,,52.69,-1087.6624197314632,1701.9675831873903,0.0,0.0
2025-09-03 08:00:00+00:00,,,,,,,,,,,,52.885,-1079.0368534107404,1702.0200058055161,330.0,0.0
2025-09-03 08:30:00+00:00,,,,,,,,,,,,52.9,-1080.6281264501088,1697.6726537122981,0.0,0.0
2025-09-03 09:00:00+00:00,,,,,,,,,,,,54.345,-1084.2413489991304,1695.213359442991,333.3333333333333,0.0
2025-09-03 09:30:00+00:00,,,,,,,,,,,,56.75,-1084.7840983129736,1701.7576527050642,0.0,0.0
2025-09-03 10:00:00+00:00,,,,,,,,,,,,57.57,-1059.052597553873,1692.4589312754779,331.25,0.0
2025-09-03 10:30:00+00:00,,,,,,,,,,,,53.95,-1081.0366366016885,1703.8248647075936,0.0,0.0
2025-09-03 11:00:00+00:00,,,,,,,,,,,,47.115,-1070.4745195107764,1628.7634187536398,317.75,0.0
2025-09-03 11:30:00+00:00,,,,,,,,,,,,43.07,-1115.1618046647227,1655.4897230320694,0.0,0.0
2025-09-03 12:00:00+00:00,,,,,,,,,,,,40.595,-1156.5445605839393,1646.7786218978106,305.0,0.0
2025-09-03 12:30:00+00:00,,,,,,,,,,,,38.65,-1173.578760210034,1628.2766627771268,0.0,0.0
2025-09-03 13:00:00+00:00,,,,,,,,,,,,38.98,-1115.9017303764235,1611.3256492559124,326.5,0.0
2025-09-03 13:30:00+00:00,,,,,,,,,,,,38.42,-1117.571168755466,1595.7690731565126,0.0,0.0
2025-09-03 14:00:00+00:00,,,,,,,,,,,,38.29,-1103.942781495493,1573.2771719522864,330.0,0.0
2025-09-03 14:30:00+00:00,,,,,,,,,,,,38.14,-1133.300192251678,1582.1133119720334,0.0,0.0
2025-09-03 15:00:00+00:00,,,,,,,,,,,,36.855,-1155.6156626856969,1584.1671540926302,315.2,0.0
2025-09-03 15:30:00+00:00,,,,,,,,,,,,36.695,-1155.0245657856512,1576.9512460063897,0.0,0.0
2025-09-03 16:00:00+00:00,,,,,,,,,,,,37.01,-1194.568286213928,1620.7413960944355,330.0,0.0
2025-09-03 16:30:00+00:00,,,,,,,,,,,,39.72,-1123.2143090378984,1634.3488104956243,0.0,0.0
2025-09-03 17:00:00+00:00,,,,,,,,,,,,45.39,-1109.3596720351431,1661.6917803806778,330.0,0.0
2025-09-03 17:30:00+00:00,,,,,,,,,,,,47.3,-1064.9211788736477,1653.0339072074732,0.0,0.0
2025-09-03 18:00:00+00:00,,,,,,,,,,,,49.04,-1061.0864004663342,1654.9759953366345,320.25,0.0
2025-09-03 18:30:00+00:00,,,,,,,,,,,,50.325,-1037.5760005817333,1614.7026178010487,0.0,0.0
2025-09-03 19:00:00+00:00,,,,,,,,,,,,54.55,-901.0396625945291,1664.3659453170442,310.0,0.0
2025-09-03 19:30:00+00:00,,,,,,,,,,,,56.475,-879.8897436644329,1686.2974453830436,0.0,0.0
2025-09-03 20:00:00+00:00,,,,,,,,,,,,56.38,-876.4809167636803,1659.597467986028,299.5,0.0
2025-09-03 20:30:00+00:00,,,,,,,,,,,,53.915,-897.977456191588,1643.919468457942,0.0,0.0
2025-09-03 21:00:00+00:00,,,,,,,,,,,,45.72,-922.6127105800061,1606.3472457009645,296.0,0.0
2025-09-03 21:30:00+00:00,,,,,,,,,,,,42.705,-950.312425482172,1589.5722764465243,0.0,0.0
2025-09-03 22:00:00+00:00,,,,,,,,,,,,39.35,-969.4365410458643,1574.1551037101926,302.5,0.0
2025-09-03 22:30:00+00:00,,,,,,,,,,,,38.73,-964.184814706743,1631.4672833381962,0.0,0.0
2025-09-03 23:00:00+00:00,,,,,,,,,,,,38.16,-948.5508023426056,1516.9817071742264,305.0,0.0
2025-09-03 23:30:00+00:00,,,,,,,,,,,,32.925,-946.8209186351721,1480.3348877223693,0.0,0.0
2025-09-04 00:00:00+00:00,,,,,,,,,,,,32.665,-978.3365065502165,1456.2673682678305,305.0,0.0
2025-09-04 00:30:00+00:00,,,,,,,,,,,,31.235,-977.8084006978801,1457.529456237283,0.0,0.0
2025-09-04 01:00:00+00:00,,,,,,,,,,,,30.58,-984.7469653767835,1453.1017427989502,305.0,0.0
2025-09-04 01:30:00+00:00,,,,,,,,,,,,31.715,-951.2793025283331,1454.0941470502705,0.0,0.0
2025-09-04 02:00:00+00:00,,,,,,,,,,,,32.22,-979.5190092969198,1454.0208832074366,305.0,0.0
2025-09-04 02:30:00+00:00,,,,,,,,,,,,33.355,-970.9848925043569,1456.8634689134255,0.0,0.0
2025-09-04 03:00:00+00:00,,,,,,,,,,,,33.96,-1037.6980697674471,1518.5974389534877,305.0,0.0
2025-09-04 03:30:00+00:00,,,,,,,,,,,,35.105,-1061.5233381670532,1518.7683613689132,0.0,0.0
2025-09-04 04:00:00+00:00,,,,,,,,,,,,32.755,-1039.729962132247,1521.3261811826326,325.8,0.0
2025-09-04 04:30:00+00:00,,,,,,,,,,,,31.55,-917.8904838239604,1408.6349081900341,0.0,0.0
2025-09-04 05:00:00+00:00,,,,,,,,,,,,42.48,-1089.4518210955696,1579.4626835664365,330.0,0.0
2025-09-04 05:30:00+00:00,,,,,,,,,,,,44.145,-1079.4225298398808,1580.934416302766,0.0,0.0
2025-09-04 06:00:00+00:00,,,,,,,,,,,,48.46,-1063.474168120997,1590.2676701570667,310.4,0.0
2025-09-04 06:30:00+00:00,,,,,,,,,,,,48.395,-1056.8922474526944,1600.1191179039272,0.0,0.0
2025-09-04 07:00:00+00:00,,,,,,,,,,,,44.32,-1112.093173216883,1705.5349490538545,306.0,0.0
2025-09-04 07:30:00+00:00,,,,,,,,,,,,46.055,-1113.8957580174927,1710.539454810496,0.0,0.0
2025-09-04 08:00:00+00:00,,,,,,,,,,,,48.41,-1189.6879831199071,1771.5350931315525,306.0,0.0
2025-09-04 08:30:00+00:00,,,,,,,,,,,,50.49,-1196.1818187100548,1760.3984689134231,0.0,0.0
2025-09-04 09:00:00+00:00,,,,,,,,,,,,51.58,-1187.0116550724633,1762.4748579710154,306.0,0.0
2025-09-04 09:30:00+00:00,,,,,,,,,,,,51.365,-1196.8040208877278,1754.941827676238,0.0,0.0
2025-09-04 10:00:00+00:00,,,,,,,,,,,,51.01,-1193.9277144518699,1764.6964262867102,306.6666666666667,0.0
2025-09-04 10:30:00+00:00,,,,,,,,,,,,49.37,-1195.3747569141206,1766.9986055312968,0.0,0.0
2025-09-04 11:00:00+00:00,,,,,,,,,,,,46.165,-1206.0443278784346,1702.1770309760375,307.0,0.0
2025-09-04 11:30:00+00:00,,,,,,,,,,,,47.025,-1189.770942071388,1707.1012317144541,0.0,0.0
2025-09-04 12:00:00+00:00,,,,,,,,,,,,43.64,-1162.8286461988318,1697.552192982456,306.25,0.0
2025-09-04 12:30:00+00:00,,,,,,,,,,,,40.615,-1166.5205633391643,1689.03883829539,0.0,0.0
2025-09-04 13:00:00+00:00,,,,,,,,,,,,35.46,-1228.5739154519,1670.6825014577325,306.0,0.0
2025-09-04 13:30:00+00:00,,,,,,,,,,,,33.7,-1140.5474432149135,1599.4306057076317,0.0,0.0
2025-09-04 14:00:00+00:00,,,,,,,,,,,,33.535,-1148.9057292271948,1588.3181057524694,305.25,0.0
2025-09-04 14:30:00+00:00,,,,,,,,,,,,32.55,-1194.7467500727357,1639.328702356707,0.0,0.0
2025-09-04 15:00:00+00:00,,,,,,,,,,,,34.365,-1160.3861455604076,1588.476681222707,307.6666666666667,0.0
2025-09-04 15:30:00+00:00,,,,,,,,,,,,33.305,-1131.9213428488185,1592.4945965627746,0.0,0.0
2025-09-04 16:00:00+00:00,,,,,,,,,,,,32.395,-1166.9796739446833,1632.1232256186297,313.6666666666667,0.0
2025-09-04 16:30:00+00:00,,,,,,,,,,,,31.95,-1120.5192888370739,1652.4597406004093,0.0,0.0
2025-09-04 17:00:00+00:00,,,,,,,,,,,,36.385,-1124.3855833575788,1638.135248763448,310.25,0.0
2025-09-04 17:30:00+00:00,,,,,,,,,,,,36.65,-1126.5517405247829,1643.7937959183712,0.0,0.0
2025-09-04 18:00:00+00:00,,,,,,,,,,,,40.785,-1082.325263004936,1650.506692821861,309.6666666666667,0.0
2025-09-04 18:30:00+00:00,,,,,,,,,,,,41.08,-1077.273020893789,1619.3123563551926,0.0,0.0
2025-09-04 19:00:00+00:00,,,,,,,,,,,,41.37,-987.888494779581,1662.57685324826,311.3333333333333,0.0
2025-09-04 19:30:00+00:00,,,,,,,,,,,,45.34,-1004.2522840579685,1643.7161072463787,0.0,0.0
2025-09-04 20:00:00+00:00,,,,,,,,,,,,42.34,-1011.0783546140424,1611.1548955310498,312.6666666666667,0.0
2025-09-04 20:30:00+00:00,,,,,,,,,,,,42.35,-1015.6064370822451,1611.6064109270505,0.0,0.0
2025-09-04 21:00:00+00:00,,,,,,,,,,,,42.095,-1023.9711485897076,1593.935673160803,314.3333333333333,0.0
2025-09-04 21:30:00+00:00,,,,,,,,,,,,40.66,-1040.2626566125289,1591.4248346867726,0.0,0.0
2025-09-04 22:00:00+00:00,,,,,,,,,,,,41.46,-1039.8722167056067,1593.1877599299066,307.5,0.0
2025-09-04 22:30:00+00:00,,,,,,,,,,,,41.29,-1040.445472578763,1587.4849737456298,0.0,0.0
2025-09-04 23:00:00+00:00,,,,,,,,,,,,39.02,-993.5961392219975,1514.1068002339844,305.0,0.0
2025-09-04 23:30:00+00:00,,,,,,,,,,,,34.49,-994.8001489921135,1509.957955010224,0.0,0.0
2025-09-05 00:00:00+00:00,,,,,,,,,,,,35.275,-1004.0176628688274,1513.083756938361,305.0,0.0
2025-09-05 00:30:00+00:00,,,,,,,,,,,,34.715,-1000.8414477133701,1509.0856160792346,0.0,0.0
2025-09-05 01:00:00+00:00,,,,,,,,,,,,35.63,-1030.6744667832143,1509.5980652680632,305.0,0.0
2025-09-05 01:30:00+00:00,,,,,,,,,,,,34.425,-1024.2282178217808,1514.0441758881773,0.0,0.0
2025-09-05 02:00:00+00:00,,,,,,,,,,,,34.19,-1025.4001744186078,1508.9254476744193,305.0,0.0
2025-09-05 02:30:00+00:00,,,,,,,,,,,,34.27,-1021.6731600348548,1510.0340981701975,0.0,0.0
2025-09-05 03:00:00+00:00,,,,,,,,,,,,33.95,-1124.3610374891057,1508.717413542577,305.0,0.0
2025-09-05 03:30:00+00:00,,,,,,,,,,,,33.485,-1119.7526680244407,1519.002967704392,0.0,0.0
2025-09-05 04:00:00+00:00,,,,,,,,,,,,33.215,-1089.5138911525044,1520.5217054714758,309.6666666666667,0.0
2025-09-05 04:30:00+00:00,,,,,,,,,,,,32.825,-967.9510104834023,1410.1687216074563,0.0,0.0
2025-09-05 05:00:00+00:00,,,,,,,,,,,,35.285,-1139.0450174621626,1585.7776396973247,320.3333333333333,0.0
2025-09-05 05:30:00+00:00,,,,,,,,,,,,36.73,-1133.0872489082992,1580.5132867540024,0.0,0.0
2025-09-05 06:00:00+00:00,,,,,,,,,,,,42.955,-1113.7873110465089,1590.6105232558184,321.6666666666667,0.0
2025-09-05 06:30:00+00:00,,,,,,,,,,,,45.305,-1106.5647603833859,1600.554986930002,0.0,0.0
2025-09-05 07:00:00+00:00,,,,,,,,,,,,46.29,-1045.9111795467782,1700.1437507263265,319.75,0.0
2025-09-05 07:30:00+00:00,,,,,,,,,,,,47.09,-1040.5464422518876,1686.7186999419655,0.0,0.0
2025-09-05 08:00:00+00:00,,,,,,,,,,,,39.71,-1053.1709265175666,1679.1835288992154,316.75,0.0
2025-09-05 08:30:00+00:00,,,,,,,,,,,,37.84,-1066.5343437862925,1664.4317566782813,0.0,0.0
2025-09-05 09:00:00+00:00,,,,,,,,,,,,36.355,-1084.88368482377,1655.7867288086156,307.75,0.0
2025-09-05 09:30:00+00:00,,,,,,,,,,,,33.705,-1083.2639994182684,1652.9690808609607,0.0,0.0
2025-09-05 10:00:00+00:00,,,,,,,,,,,,33.885,-1112.7943804284885,1639.9653155761464,305.0,0.0
2025-09-05 10:30:00+00:00,,,,,,,,,,,,32.83,-1084.0513697040026,1646.003322692976,0.0,0.0
2025-09-05 11:00:00+00:00,,,,,,,,,,,,33.69,-1125.7809210142823,1528.8783007869442,305.0,0.0
2025-09-05 11:30:00+00:00,,,,,,,,,,,,36.095,-1124.9054315605918,1533.3561639058441,0.0,0.0
2025-09-05 12:00:00+00:00,,,,,,,,,,,,37.345,-1156.596758881771,1536.0225975538722,305.0,0.0
2025-09-05 12:30:00+00:00,,,,,,,,,,,,36.32,-1154.5668819403838,1546.908760958503,0.0,0.0
2025-09-05 13:00:00+00:00,,,,,,,,,,,,35.615,-1154.8560140268828,1535.107124488603,305.0,0.0
2025-09-05 13:30:00+00:00,,,,,,,,,,,,35.01,-1120.3737646028073,1528.2441238317751,0.0,0.0
2025-09-05 14:00:00+00:00,,,,,,,,,,,,34.72,-1109.0042778262111,1529.98646323743,306.2,0.0
2025-09-05 14:30:00+00:00,,,,,,,,,,,,34.69,-1141.0432452062753,1527.1643404997087,0.0,0.0
2025-09-05 15:00:00+00:00,,,,,,,,,,,,35.055,-1118.0381298927275,1515.5512641345274,306.0,0.0
2025-09-05 15:30:00+00:00,,,,,,,,,,,,35.565,-1118.4228089560906,1520.519968013956,0.0,0.0
2025-09-05 16:00:00+00:00,,,,,,,,,,,,36.61,-1200.1084941860447,1530.1655988372079,306.0,0.0
2025-09-05 16:30:00+00:00,,,,,,,,,,,,38.845,-1123.1711082024397,1551.2662623618369,0.0,0.0
2025-09-05 17:00:00+00:00,,,,,,,,,,,,45.485,-1070.297650655023,1555.692081513829,306.0,0.0
2025-09-05 17:30:00+00:00,,,,,,,,,,,,46.095,-1069.159903958086,1558.5089318975556,0.0,0.0
2025-09-05 18:00:00+00:00,,,,,,,,,,,,57.355,-1037.077563731175,1588.2802867902737,308.0,0.0
2025-09-05 18:30:00+00:00,,,,,,,,,,,,58.725,-976.1403622138511,1593.800281077948,0.0,0.0
2025-09-05 19:00:00+00:00,,,,,,,,,,,,62.295,-850.8842166232233,1689.0771039675687,311.0,0.0
2025-09-05 19:30:00+00:00,,,,,,,,,,,,61.99,-852.1020335551038,1684.6534046861411,0.0,0.0
2025-09-05 20:00:00+00:00,,,,,,,,,,,,52.385,-886.541866859626,1638.0891085383562,312.33333333333337,0.0
2025-09-05 20:30:00+00:00,,,,,,,,,,,,50.48,-932.7071685523659,1600.6979692486213,0.0,0.0
2025-09-05 21:00:00+00:00,,,,,,,,,,,,49.54,-927.2544717800262,1589.2322141823427,310.3333333333333,0.0
2025-09-05 21:30:00+00:00,,,,,,,,,,,,46.115,-929.9664501160098,1591.6427117169346,0.0,0.0
2025-09-05 22:00:00+00:00,,,,,,,,,,,,45.18,-948.2611259819605,1577.4158102996842,311.6666666666667,0.0
2025-09-05 22:30:00+00:00,,,,,,,,,,,,42.645,-967.401461493581,1585.7485705950974,0.0,0.0
2025-09-05 23:00:00+00:00,,,,,,,,,,,,40.525,-976.6816608289524,1558.9544279042586,315.25,0.0
2025-09-05 23:30:00+00:00,,,,,,,,,,,,40.955,-974.5457971436904,1556.7780034975242,0.0,0.0
2025-09-06 00:00:00+00:00,7.416000000,2.980000000,3.304000000,0E-9,0.208000000,3.165000000,0E-9,0.035000000,0.303000000,0.091000000,17.501000000,39.71,-1010.9653311934635,1567.2220396848493,323.59999999999997,0.0
2025-09-06 00:30:00+00:00,6.445000000,2.968000000,3.299000000,0E-9,0.208000000,3.153000000,0E-9,0.034000000,0.248000000,0.090000000,16.445000000,41.25,-1016.8367610154642,1564.3681995914756,0.0,0.0
2025-09-06 01:00:00+00:00,5.688000000,2.850000000,3.296000000,0E-9,0.206000000,3.167000000,0E-9,0.032000000,0.268000000,0.090000000,15.597000000,41.155,-993.3401283547245,1561.6618582263748,324.0,0.0
2025-09-06 01:30:00+00:00,5.018000000,2.862000000,3.285000000,0E-9,0.207000000,3.166000000,0E-9,0.032000000,0.322000000,0.092000000,14.984000000,42.32,-994.8792717739606,1559.5768919312527,0.0,0.0
2025-09-06 02:00:00+00:00,4.666000000,2.915000000,3.275000000,0E-9,0.205000000,3.159000000,0E-9,0.030000000,0.311000000,0.093000000,14.653000000,42.495,-1023.3653508005817,1558.967967976714,324.0,0.0
2025-09-06 02:30:00+00:00,4.440000000,2.883000000,3.264000000,0E-9,0.205000000,3.154000000,0E-9,0.030000000,0.278000000,0.092000000,14.345000000,40.63,-1020.2867726874827,1567.7495097753142,0.0,0.0
2025-09-06 03:00:00+00:00,4.527000000,3.001000000,3.264000000,0E-9,0.205000000,3.139000000,0E-9,0.030000000,0.245000000,0.071000000,14.481000000,42.855,-1028.1463208649943,1520.0427556984248,324.0,0.0
2025-09-06 03:30:00+00:00,4.407000000,3.223000000,3.268000000,0E-9,0.205000000,3.127000000,0E-9,0.030000000,0.277000000,0E-9,14.538000000,42.535,-999.3169862613224,1549.996489330607,0.0,0.0
2025-09-06 04:00:00+00:00,4.369000000,3.296000000,3.269000000,0E-9,0.205000000,3.110000000,0E-9,0.030000000,0.273000000,0E-9,14.552000000,40.895,-1000.0266949897464,1553.679021388803,324.0,0.0
2025-09-06 04:30:00+00:00,4.258000000,3.352000000,3.273000000,0E-9,0.217000000,3.118000000,0E-9,0.030000000,0.161000000,0E-9,14.409000000,40.295,-881.7777069318512,1404.8566861655465,0.0,0.0
2025-09-06 05:00:00+00:00,4.231000000,3.391000000,3.271000000,0E-9,0.248000000,3.144000000,0E-9,0.030000000,0.249000000,0E-9,14.563000000,40.62,-1051.7750277048704,1577.6854447360743,324.0,0.0
2025-09-06 05:30:00+00:00,3.996000000,3.762000000,3.272000000,0E-9,0.252000000,3.150000000,0E-9,0.030000000,0.209000000,0E-9,14.670000000,39.78,-1053.29197898424,1579.030321074143,0.0,0.0
2025-09-06 06:00:00+00:00,4.395000000,4.081000000,3.274000000,0E-9,0.281000000,3.147000000,0E-9,0.030000000,0.243000000,0E-9,15.452000000,40.275,-1059.9746744525544,1572.0749197080345,324.0,0.0
2025-09-06 06:30:00+00:00,3.910000000,4.591000000,3.274000000,0E-9,0.430000000,3.072000000,0E-9,0.030000000,0.515000000,0.076000000,15.898000000,40.635,-1055.12597201982,1567.157577965609,0.0,0.0
2025-09-06 07:00:00+00:00,3.312000000,5.058000000,3.277000000,0E-9,0.312000000,2.796000000,0E-9,0.030000000,0.283000000,0E-9,15.066000000,37.055,-1046.9846320093495,1668.6252745327095,321.75,0.0
2025-09-06 07:30:00+00:00,3.052000000,5.697000000,3.275000000,0E-9,0.265000000,2.418000000,0E-9,0.030000000,0.625000000,0.053000000,15.414000000,38.065,-1052.157057619187,1667.6585434337508,0.0,0.0
2025-09-06 08:00:00+00:00,2.875000000,6.285000000,3.278000000,0E-9,0.267000000,1.963000000,0E-9,0.030000000,0.253000000,0E-9,14.951000000,36.655,-1056.1280514921,1635.3091574019895,313.66666666666663,0.0
2025-09-06 08:30:00+00:00,3.036000000,6.583000000,3.278000000,0E-9,0.269000000,1.471000000,0E-9,0.030000000,0.361000000,0E-9,15.028000000,36.94,-1056.6226271186429,1659.6561279953276,0.0,0.0
2025-09-06 09:00:00+00:00,2.904000000,6.953000000,3.279000000,0E-9,0.269000000,1.152000000,0E-9,0.030000000,0.415000000,0E-9,15.000000000,32.915,-1046.1237248028092,1619.3782763657641,305.0,0.0
2025-09-06 09:30:00+00:00,2.697000000,7.377000000,3.281000000,0E-9,0.266000000,0.866000000,0E-9,0.030000000,0.400000000,0E-9,14.917000000,14.744999999999997,-1054.6013463785039,1614.1535747663536,0.0,0.0
2025-09-06 10:00:00+00:00,2.716000000,7.179000000,3.279000000,0E-9,0.222000000,0.860000000,0E-9,0.030000000,0.418000000,0E-9,14.704000000,3.0299999999999994,-1059.5862314194055,1604.1230836490777,305.0,0.0
2025-09-06 10:30:00+00:00,2.632000000,6.429000000,3.287000000,0E-9,0.219000000,0.876000000,0E-9,0.030000000,0.478000000,0E-9,13.950000000,-1.645,-1087.3622413290582,1606.9768842902945,0.0,0.0
2025-09-06 11:00:00+00:00,2.657000000,6.952000000,3.282000000,0E-9,0.164000000,0.876000000,0E-9,0.030000000,0.762000000,0E-9,14.723000000,-9.34,-1096.2342444574106,1578.4238798133008,305.0,0.0
2025-09-06 11:30:00+00:00,2.655000000,7.035000000,3.282000000,0E-9,0.158000000,0.875000000,0E-9,0.030000000,0.442000000,0E-9,14.477000000,-11.4,-1097.0411040092986,1576.5086083672286,0.0,0.0
2025-09-06 12:00:00+00:00,2.747000000,5.991000000,3.276000000,0E-9,0.149000000,0.878000000,0E-9,0.030000000,1.042000000,0E-9,14.112000000,-9.785,-1056.7504052098416,1565.1363560057914,305.0,0.0
2025-09-06 12:30:00+00:00,2.753000000,5.413000000,3.278000000,0E-9,0.147000000,0.878000000,0E-9,0.030000000,0.608000000,0E-9,13.105000000,-29.705000000000002,-1065.6993379790943,1570.4351045296155,0.0,0.0
2025-09-06 13:00:00+00:00,2.682000000,5.745000000,3.278000000,0E-9,0.146000000,0.877000000,0E-9,0.030000000,0.499000000,0E-9,13.255000000,-19.61,-1093.8121925754103,1562.6085759860796,305.0,0.0
2025-09-06 13:30:00+00:00,2.646000000,6.008000000,3.280000000,0E-9,0.146000000,0.877000000,0E-9,0.030000000,0.342000000,0E-9,13.329000000,-77.435,-1128.40177461516,1551.3752309032789,0.0,0.0
2025-09-06 14:00:00+00:00,2.855000000,6.381000000,3.276000000,0E-9,0.146000000,0.822000000,0E-9,0.030000000,0.346000000,0E-9,13.856000000,-80.555,-1158.6186178861813,1623.6987166085974,305.0,0.0
2025-09-06 14:30:00+00:00,2.885000000,6.614000000,3.278000000,0E-9,0.144000000,0.792000000,0E-9,0.030000000,0.533000000,0E-9,14.276000000,-48.64,-1134.8037994186068,1565.478215116279,0.0,0.0
2025-09-06 15:00:00+00:00,3.289000000,8.538000000,3.276000000,0E-9,0.142000000,0.872000000,0E-9,0.030000000,1.449000000,0E-9,17.595000000,-20.44,-1115.3307327711543,1505.014204710666,305.0,0.0
2025-09-06 15:30:00+00:00,3.148000000,9.615000000,3.277000000,0E-9,0.142000000,0.835000000,0E-9,0.030000000,1.546000000,0E-9,18.592000000,-16.685,-1088.3134877622424,1480.0031730769206,0.0,0.0
2025-09-06 16:00:00+00:00,2.986000000,10.647000000,3.278000000,0E-9,0.140000000,0.789000000,0E-9,0.030000000,0.592000000,0E-9,18.461000000,-16.955,-1114.3674818049503,1507.8811237263494,305.0,0.0
2025-09-06 16:30:00+00:00,2.754000000,11.947000000,3.276000000,0E-9,0.140000000,0.874000000,0E-9,0.030000000,0.490000000,0E-9,19.511000000,-10.46,-1112.2973806752027,1507.9988125727577,0.0,0.0
2025-09-06 17:00:00+00:00,3.027000000,12.875000000,3.276000000,0E-9,0.143000000,0.875000000,0E-9,0.030000000,0.473000000,0E-9,20.699000000,-3.65,-1084.5164579085342,1509.7668249344588,305.0,0.0
2025-09-06 17:30:00+00:00,2.861000000,13.889000000,3.276000000,0E-9,0.160000000,1.017000000,0E-9,0.030000000,0.502000000,0E-9,21.734000000,-3.13,-1083.8025727590216,1508.1364610011633,0.0,0.0
2025-09-06 18:00:00+00:00,2.833000000,14.020000000,3.274000000,0E-9,0.176000000,1.134000000,0E-9,0.030000000,0.874000000,0E-9,22.341000000,-5.785,-1077.6021368512595,1507.6314496955645,305.0,0.0
2025-09-06 18:30:00+00:00,2.787000000,13.862000000,3.275000000,0E-9,0.183000000,1.133000000,0E-9,0.030000000,1.193000000,0E-9,22.462000000,-0.505,-1081.6628119558907,1476.097391178177,0.0,0.0
2025-09-06 19:00:00+00:00,2.995000000,14.177000000,3.277000000,0E-9,0.221000000,1.130000000,0E-9,0.030000000,1.674000000,0E-9,23.503000000,-0.025,-1019.2388283062616,1578.732732018561,305.0,0.0
2025-09-06 19:30:00+00:00,2.828000000,14.724000000,3.279000000,0E-9,0.236000000,1.129000000,0E-9,0.030000000,1.488000000,0.137000000,23.851000000,7.055,-1019.2246401625083,1550.3236128845047,0.0,0.0
2025-09-06 20:00:00+00:00,3.150000000,14.967000000,3.278000000,0E-9,0.251000000,1.048000000,0E-9,0.043000000,1.210000000,0.141000000,24.087000000,7.95,-1029.2096074440244,1543.0618842686827,305.0,0.0
2025-09-06 20:30:00+00:00,2.988000000,15.328000000,3.280000000,0E-9,0.249000000,1.043000000,0E-9,0.059000000,0.748000000,0E-9,23.694000000,5.1,-1026.765180863481,1582.6982934655766,0.0,0.0
2025-09-06 21:00:00+00:00,2.957000000,15.722000000,3.281000000,0E-9,0.235000000,0.998000000,0E-9,0.030000000,0.425000000,0.080000000,23.727000000,5.52,-1019.6085256410263,1592.9730011655013,305.0,0.0
2025-09-06 21:30:00+00:00,2.865000000,15.668000000,3.280000000,0E-9,0.236000000,0.883000000,0E-9,0.030000000,0.346000000,0E-9,23.307000000,-0.9,-1022.8104646405613,1537.1209205143189,0.0,0.0
2025-09-06 22:00:00+00:00,2.873000000,15.757000000,3.281000000,0E-9,0.221000000,0.828000000,0E-9,0.030000000,0.232000000,0.072000000,23.292000000,0.14,-1023.3668932322062,1529.6375320886834,305.0,0.0
2025-09-06 22:30:00+00:00,3.237000000,15.858000000,3.279000000,0E-9,0.221000000,0.789000000,0E-9,0.030000000,0.217000000,0E-9,23.630000000,-1.8649999999999998,-1047.4771749926972,1543.2353812445242,0.0,0.0
2025-09-06 23:00:00+00:00,3.676000000,15.735000000,3.275000000,0E-9,0.222000000,0.772000000,0E-9,0.030000000,0.245000000,0E-9,23.955000000,-1.34,-974.2465662474402,1505.9758145656642,305.0,0.0
2025-09-06 23:30:00+00:00,3.622000000,15.546000000,3.269000000,0E-9,0.205000000,0.771000000,0E-9,0.030000000,0.296000000,0E-9,23.738000000,-0.375,-972.9874642126782,1504.9720245398778,0.0,0.0
2025-09-07 00:00:00+00:00,3.657000000,15.227000000,3.272000000,0E-9,0.120000000,0.786000000,0E-9,0.030000000,0.979000000,0E-9,24.071000000,3.155,-971.8927039627048,1507.89562937063,305.0,3087.8333333333335
2025-09-07 00:30:00+00:00,3.638000000,15.139000000,3.271000000,0E-9,0.110000000,0.839000000,0E-9,0.030000000,0.745000000,0.085000000,23.857000000,4.02,-979.9037405026291,1510.4555552308605,0.0,2979.722222222222
2025-09-07 01:00:00+00:00,3.552000000,14.065000000,3.266000000,0E-9,0.096000000,0.803000000,0E-9,0.030000000,0.523000000,0.143000000,22.477000000,3.19,-977.09906204486,1505.9820710748609,305.0,2677.3333333333335
2025-09-07 01:30:00+00:00,3.967000000,13.165000000,3.267000000,0E-9,0.095000000,0.882000000,0E-9,0.030000000,0.527000000,0.121000000,22.054000000,7.1899999999999995,-974.3112305475506,1469.7310086455327,0.0,2723.0
2025-09-07 02:00:00+00:00,3.819000000,13.003000000,3.271000000,0E-9,0.094000000,0.960000000,0E-9,0.030000000,0.424000000,0.134000000,21.735000000,4.29,-970.4431507639081,1473.878181031998,305.0,2846.722222222222
2025-09-07 02:30:00+00:00,3.627000000,13.288000000,3.267000000,0E-9,0.082000000,0.902000000,0E-9,0.030000000,0.270000000,0.071000000,21.536000000,4.895,-964.9161434331805,1534.5699855990788,0.0,2971.5555555555557
2025-09-07 03:00:00+00:00,3.591000000,13.521000000,3.257000000,0E-9,0.071000000,0.785000000,0E-9,0.030000000,0.322000000,0E-9,21.576000000,3.63,-999.3870823732716,1539.728885368662,305.0,2921.5555555555557
2025-09-07 03:30:00+00:00,3.561000000,13.721000000,3.255000000,0E-9,0.066000000,0.805000000,0E-9,0.030000000,0.249000000,0E-9,21.687000000,3.72,-999.0024122049505,1538.8034484743812,0.0,2942.4999999999995
2025-09-07 04:00:00+00:00,3.594000000,13.689000000,3.254000000,0E-9,0.066000000,0.809000000,0E-9,0.030000000,0.328000000,0E-9,21.770000000,5.55,-1002.2355093795096,1485.242268398268,305.0,2879.444444444445
2025-09-07 04:30:00+00:00,3.639000000,13.386000000,3.252000000,0E-9,0.066000000,0.802000000,0E-9,0.030000000,0.393000000,0E-9,21.568000000,4.215,-912.442614322692,1365.498682772506,0.0,2843.5000000000005
2025-09-07 05:00:00+00:00,3.508000000,13.206000000,3.253000000,0E-9,0.066000000,0.815000000,0E-9,0.030000000,0.164000000,0E-9,21.041000000,-0.11499999999999999,-1080.3806982758626,1539.1759195402294,305.0,2993.0555555555547
2025-09-07 05:30:00+00:00,3.513000000,12.989000000,3.253000000,0E-9,0.066000000,0.793000000,0E-9,0.030000000,0.327000000,0E-9,20.971000000,-0.44,-1051.2755399195864,1566.6324468696153,0.0,2986.444444444444
2025-09-07 06:00:00+00:00,3.527000000,12.843000000,3.251000000,0E-9,0.065000000,0.786000000,0E-9,0.030000000,0.774000000,0E-9,21.277000000,0.185,-1053.0463060989641,1586.4643469505177,305.0,2897.5
2025-09-07 06:30:00+00:00,3.537000000,13.178000000,3.253000000,0E-9,0.065000000,0.836000000,0E-9,0.030000000,0.582000000,0E-9,21.481000000,4.325,-1051.7132027649768,1585.2233381336405,0.0,3005.8333333333326
2025-09-07 07:00:00+00:00,3.544000000,13.417000000,3.251000000,0E-9,0.081000000,0.909000000,0E-9,0.030000000,0.451000000,0E-9,21.684000000,10.18,-1032.8760157159488,1559.6592345750869,305.0,3001.0000000000005
2025-09-07 07:30:00+00:00,3.646000000,13.201000000,3.251000000,0E-9,0.084000000,0.981000000,0E-9,0.030000000,0.886000000,0E-9,22.079000000,19.825,-1032.186406750072,1560.035996508584,0.0,2838.333333333334
2025-09-07 08:00:00+00:00,3.322000000,12.952000000,3.256000000,0E-9,0.084000000,0.888000000,0E-9,0.030000000,0.433000000,0E-9,20.966000000,7.89,-1050.1648991935476,1527.2254349078341,305.0,2466.722222222222
2025-09-07 08:30:00+00:00,3.081000000,12.439000000,3.255000000,0E-9,0.084000000,0.933000000,0E-9,0.030000000,0.726000000,0E-9,20.548000000,15.564999999999998,-1019.7912816091947,1552.3226609195406,0.0,1998.3888888888891
2025-09-07 09:00:00+00:00,2.960000000,11.794000000,3.256000000,0E-9,0.084000000,0.924000000,0E-9,0.030000000,0.407000000,0E-9,19.455000000,2.23,-1045.1865416547382,1546.281611795019,305.0,1978.9444444444446
2025-09-07 09:30:00+00:00,2.845000000,11.904000000,3.252000000,0E-9,0.073000000,0.884000000,0E-9,0.030000000,0.723000000,0E-9,19.710000000,2.18,-1023.3542196033349,1520.6858465076175,0.0,1871.611111111111
2025-09-07 10:00:00+00:00,2.741000000,12.106000000,3.255000000,0E-9,0.065000000,0.777000000,0E-9,0.030000000,0.428000000,0E-9,19.401000000,1.6099999999999999,-1019.6521827556578,1516.4147894586065,305.0,2005.7222222222222
2025-09-07 10:30:00+00:00,2.778000000,12.036000000,3.252000000,0E-9,0.065000000,0.783000000,0E-9,0.030000000,0.368000000,0E-9,19.311000000,2.2,-1049.8942766934554,1530.2597933409882,0.0,2025.4444444444446
2025-09-07 11:00:00+00:00,2.619000000,12.229000000,3.252000000,0E-9,0.065000000,0.785000000,0E-9,0.030000000,0.540000000,0E-9,19.519000000,0.74,-1060.9646271235242,1461.1291592283342,305.0,2131.4999999999995
2025-09-07 11:30:00+00:00,2.487000000,12.739000000,3.253000000,0E-9,0.065000000,0.785000000,0E-9,0.030000000,0.515000000,0E-9,19.874000000,2.24,-1067.189195633438,1461.5378799195628,0.0,2094.7222222222226
2025-09-07 12:00:00+00:00,2.525000000,13.186000000,3.252000000,0E-9,0.074000000,0.781000000,0E-9,0.030000000,0.425000000,0E-9,20.273000000,-0.675,-1074.2732652474108,1458.162399309551,305.0,2137.3888888888887
2025-09-07 12:30:00+00:00,2.524000000,13.430000000,3.256000000,0E-9,0.075000000,0.779000000,0E-9,0.030000000,0.452000000,0E-9,20.546000000,3.12,-1071.8815901262913,1454.7389925373122,0.0,2209.9999999999995
2025-09-07 13:00:00+00:00,2.495000000,13.572000000,3.257000000,0E-9,0.066000000,0.781000000,0E-9,0.030000000,0.562000000,0E-9,20.762000000,6.574999999999999,-1043.5312137733156,1449.4489583931133,305.0,2173.0555555555557
2025-09-07 13:30:00+00:00,2.506000000,13.466000000,3.257000000,0E-9,0.066000000,0.793000000,0E-9,0.030000000,0.505000000,0E-9,20.623000000,8.665,-1038.160617283951,1445.950531151306,0.0,2151.7222222222226
2025-09-07 14:00:00+00:00,2.483000000,13.083000000,3.258000000,0E-9,0.066000000,0.805000000,0E-9,0.030000000,0.412000000,0E-9,20.136000000,8.855,-1060.2133907056807,1455.1259036144584,305.0,2005.7222222222224
2025-09-07 14:30:00+00:00,2.498000000,13.224000000,3.259000000,0E-9,0.068000000,0.813000000,0E-9,0.030000000,0.506000000,0E-9,20.398000000,7.4,-1019.454000574382,1468.5029236071225,0.0,2233.8888888888887
2025-09-07 15:00:00+00:00,2.837000000,13.896000000,3.259000000,0E-9,0.081000000,0.890000000,0E-9,0.031000000,0.533000000,0E-9,21.527000000,11.04,-1036.7325028702649,1449.3237227324905,305.0,2397.333333333333
2025-09-07 15:30:00+00:00,3.140000000,14.185000000,3.260000000,0E-9,0.089000000,1.113000000,0E-9,0.032000000,0.328000000,0E-9,22.146000000,13.64,-1030.3062195471489,1448.8019289194617,0.0,2380.9444444444443
2025-09-07 16:00:00+00:00,3.326000000,14.977000000,3.257000000,0E-9,0.166000000,1.128000000,0E-9,0.032000000,0.279000000,0E-9,23.166000000,9.475,-1043.0418604651168,1487.8325494186058,305.0,2950.166666666667
2025-09-07 16:30:00+00:00,3.590000000,14.996000000,3.257000000,0E-9,0.201000000,1.229000000,0E-9,0.033000000,0.299000000,0E-9,23.604000000,15.725,-1020.3232074375361,1500.0605113306212,0.0,2890.3888888888896
2025-09-07 17:00:00+00:00,3.670000000,14.717000000,3.254000000,0E-9,0.281000000,1.294000000,0E-9,0.032000000,0.491000000,0E-9,23.739000000,30.85,-1020.2328612968884,1475.5419802268098,305.6666666666667,3004.277777777778
2025-09-07 17:30:00+00:00,3.933000000,14.333000000,3.253000000,0E-9,0.386000000,1.503000000,0E-9,0.033000000,0.538000000,0.201000000,24.180000000,32.25,-1032.0791333527864,1485.8052815873948,0.0,3029.0555555555557
2025-09-07 18:00:00+00:00,4.126000000,13.515000000,3.255000000,0E-9,0.286000000,1.778000000,0E-9,0.032000000,0.668000000,0.345000000,24.005000000,34.28,-1013.2930090563827,1529.7803184341226,306.0,3057.7777777777783
2025-09-07 18:30:00+00:00,4.126000000,13.426000000,3.254000000,0E-9,0.315000000,2.158000000,0E-9,0.032000000,0.735000000,0E-9,24.046000000,36.405,-978.9399212598425,1559.0329396325467,0.0,2888.666666666667
2025-09-07 19:00:00+00:00,3.905000000,12.987000000,3.254000000,0E-9,0.379000000,2.336000000,0E-9,0.032000000,0.774000000,0E-9,23.665000000,39.325,-927.5592573099411,1609.3561315789475,306.0,3115.3333333333335
2025-09-07 19:30:00+00:00,3.924000000,12.396000000,3.255000000,0E-9,0.469000000,2.438000000,0E-9,0.032000000,0.992000000,0E-9,23.506000000,40.305,-905.0888120256866,1660.223149445418,0.0,2815.888888888889
2025-09-07 20:00:00+00:00,4.704000000,11.103000000,3.250000000,0E-9,0.370000000,2.405000000,0E-9,0.035000000,0.721000000,0.243000000,22.830000000,41.205,-939.0498278377589,1592.8209016632613,306.0,2815.055555555555
2025-09-07 20:30:00+00:00,4.645000000,10.630000000,3.250000000,0E-9,0.343000000,2.361000000,0E-9,0.110000000,0.515000000,0E-9,21.852000000,41.63,-958.7365705128205,1564.7694930069933,0.0,2639.222222222222
2025-09-07 21:00:00+00:00,4.333000000,10.298000000,3.251000000,0E-9,0.316000000,2.337000000,0E-9,0.034000000,0.492000000,0E-9,21.060000000,41.865,-953.8128396501454,1606.269466472304,305.0,2593.888888888889
2025-09-07 21:30:00+00:00,4.015000000,10.002000000,3.250000000,0E-9,0.299000000,2.421000000,0E-9,0.003000000,0.258000000,0E-9,20.248000000,40.32,-955.8369392523366,1521.2425525700937,0.0,2517.3888888888887
2025-09-07 22:00:00+00:00,3.717000000,9.951000000,3.253000000,0E-9,0.253000000,2.470000000,0E-9,0.004000000,0.276000000,0E-9,19.922000000,37.445,-954.2842410974897,1515.9546643315834,305.0,2359.2222222222217
2025-09-07 22:30:00+00:00,3.428000000,10.224000000,3.251000000,0E-9,0.230000000,2.251000000,0E-9,0.004000000,0.183000000,0E-9,19.571000000,33.15,-956.3681330221702,1515.9901837806306,0.0,2286.444444444445
2025-09-07 23:00:00+00:00,3.092000000,9.724000000,3.246000000,0E-9,0.207000000,1.823000000,0E-9,0.003000000,0.291000000,0E-9,18.386000000,23.655,-990.3889481351973,1551.8870687645694,305.0,1566.5
2025-09-07 23:30:00+00:00,2.806000000,9.850000000,3.253000000,0E-9,0.187000000,1.803000000,0E-9,0.001000000,0.171000000,0E-9,18.071000000,22.355,-990.5494554455447,1521.2372655794995,0.0,1576.1111111111109
2025-09-08 00:00:00+00:00,2.743000000,10.320000000,3.256000000,0E-9,0.187000000,1.804000000,0E-9,0E-9,0.183000000,0E-9,18.492000000,26.64,-1038.3002471648736,1468.9833556266349,305.0,2095.972222222222
2025-09-08 00:30:00+00:00,2.789000000,9.623000000,3.258000000,0E-9,0.184000000,1.651000000,0E-9,0E-9,0.246000000,0E-9,17.750000000,27.83,-1019.2914924506384,1482.8250174216037,0.0,2001.8055555555552
2025-09-08 01:00:00+00:00,2.868000000,8.255000000,3.256000000,0E-9,0.171000000,1.501000000,0E-9,0.001000000,0.238000000,0E-9,16.289000000,27.119999999999997,-1021.4164924506389,1482.4791056910567,305.0,1812.3055555555557
2025-09-08 01:30:00+00:00,2.868000000,7.571000000,3.261000000,0E-9,0.169000000,1.617000000,0E-9,0E-9,0.217000000,0E-9,15.702000000,27.98,-1020.9364246296836,1482.5908132442644,0.0,1681.888888888889
2025-09-08 02:00:00+00:00,2.894000000,7.508000000,3.259000000,0E-9,0.169000000,1.891000000,0E-9,0E-9,0.319000000,0E-9,16.039000000,27.465,-1016.5726945412313,1487.7866724738674,305.0,1513.7499999999998
2025-09-08 02:30:00+00:00,2.946000000,6.831000000,3.258000000,0E-9,0.169000000,2.140000000,0E-9,0E-9,0.217000000,0E-9,15.561000000,28.745,-1017.3444576566126,1483.628056844548,0.0,1451.4722222222224
2025-09-08 03:00:00+00:00,3.159000000,6.614000000,3.251000000,0E-9,0.161000000,2.164000000,0E-9,0E-9,0.185000000,0E-9,15.534000000,33.565,-1027.6943143521212,1518.4191603718764,305.0,1454.6666666666667
2025-09-08 03:30:00+00:00,3.360000000,6.014000000,3.241000000,0E-9,0.180000000,2.360000000,0E-9,0E-9,0.321000000,0E-9,15.476000000,32.51,-1030.4702040816328,1524.2898746355688,0.0,1448.0277777777776
2025-09-08 04:00:00+00:00,3.598000000,5.318000000,3.239000000,0E-9,0.184000000,2.364000000,0E-9,0E-9,0.219000000,0E-9,14.922000000,32.46,-999.5700700320979,1526.823790487307,318.66666666666663,1400.0833333333335
2025-09-08 04:30:00+00:00,3.957000000,4.729000000,3.240000000,0E-9,0.201000000,2.495000000,0E-9,0E-9,0.259000000,0E-9,14.881000000,32.62,-880.6464144353902,1404.7912223515712,0.0,1389.611111111111
2025-09-08 05:00:00+00:00,4.506000000,4.817000000,3.246000000,0E-9,0.273000000,2.447000000,0E-9,0E-9,0.282000000,0E-9,15.570000000,43.785,-1045.5255071200227,1612.7257047369953,323.0,1282.1666666666667
2025-09-08 05:30:00+00:00,5.204000000,4.953000000,3.246000000,0E-9,0.300000000,2.484000000,0E-9,0E-9,0.299000000,0.073000000,16.558000000,45.085,-1024.1543243243248,1599.416413833188,0.0,1234.3888888888887
2025-09-08 06:00:00+00:00,5.738000000,5.036000000,3.246000000,0E-9,0.482000000,2.452000000,0E-9,0.001000000,0.810000000,0.141000000,17.906000000,50.769999999999996,-1006.8738142235122,1631.4960609579102,328.25,1177.9444444444443
2025-09-08 06:30:00+00:00,6.937000000,4.930000000,3.243000000,0E-9,0.486000000,2.458000000,0E-9,0.003000000,1.300000000,0.139000000,19.495000000,52.435,-1004.8603742384687,1629.1831911807374,0.0,1089.6111111111113
2025-09-08 07:00:00+00:00,8.095000000,5.104000000,3.241000000,0E-9,0.486000000,2.450000000,0E-9,0.049000000,1.531000000,0.139000000,21.094000000,56.02499999999999,-951.8988592162553,1649.7045805515238,327.0,919.6111111111111
2025-09-08 07:30:00+00:00,8.668000000,5.032000000,3.239000000,0E-9,0.488000000,2.424000000,0E-9,0.053000000,1.631000000,0.139000000,21.674000000,58.285,-946.4574005228003,1652.9934301481264,0.0,717.5555555555557
2025-09-08 08:00:00+00:00,8.361000000,5.039000000,3.239000000,0E-9,0.520000000,2.443000000,0E-9,0.006000000,0.942000000,0.141000000,20.691000000,55.129999999999995,-956.8364103308189,1643.007742309925,321.5,538.9999999999999
2025-09-08 08:30:00+00:00,7.938000000,4.760000000,3.237000000,0E-9,0.525000000,2.471000000,0E-9,0.004000000,0.801000000,0.141000000,19.877000000,51.81,-967.8687888469356,1604.147551553878,0.0,526.5
2025-09-08 09:00:00+00:00,7.513000000,4.603000000,3.238000000,0E-9,0.443000000,2.433000000,0E-9,0.001000000,0.688000000,0.141000000,19.060000000,48.135,-972.7176211198146,1596.107505076878,321.6666666666667,388.7777777777778
2025-09-08 09:30:00+00:00,6.831000000,4.755000000,3.236000000,0E-9,0.269000000,2.423000000,0E-9,0E-9,0.800000000,0.141000000,18.456000000,46.0,-975.0960440835263,1592.2424245939678,0.0,352.9999999999999
2025-09-08 10:00:00+00:00,5.664000000,4.707000000,3.240000000,0E-9,0.212000000,2.461000000,0E-9,0E-9,0.597000000,0.141000000,17.021000000,42.515,-982.1095037724904,1587.2259605339523,320.5,399.2777777777777
2025-09-08 10:30:00+00:00,4.770000000,4.641000000,3.241000000,0E-9,0.217000000,2.489000000,0E-9,0.001000000,0.612000000,0.140000000,16.110000000,41.04,-990.7461440185838,1582.158879210221,0.0,580.1111111111111
2025-09-08 11:00:00+00:00,4.595000000,4.831000000,3.247000000,0E-9,0.202000000,2.482000000,0E-9,0.001000000,0.587000000,0E-9,15.944000000,35.695,-1014.6468944460598,1508.0094155277698,314.0,579.8888888888891
2025-09-08 11:30:00+00:00,4.598000000,5.207000000,3.249000000,0E-9,0.233000000,2.255000000,0E-9,0.004000000,0.621000000,0E-9,16.167000000,35.58,-1023.3075000000011,1511.0170784883717,0.0,669.7222222222223
2025-09-08 12:00:00+00:00,4.749000000,5.566000000,3.248000000,0E-9,0.192000000,1.964000000,0E-9,0.004000000,0.654000000,0E-9,16.376000000,35.725,-1021.0880098636494,1508.5725210327819,305.0,715.7777777777778
2025-09-08 12:30:00+00:00,4.585000000,5.852000000,3.243000000,0E-9,0.191000000,1.965000000,0E-9,0.004000000,0.487000000,0E-9,16.329000000,34.695,-1032.9770412311263,1552.108745644599,0.0,755.8055555555555
2025-09-08 13:00:00+00:00,4.226000000,5.856000000,3.245000000,0E-9,0.188000000,1.968000000,0E-9,0.004000000,0.503000000,0E-9,15.990000000,33.07,-1028.4070185614846,1491.923726798143,305.0,880.5833333333333
2025-09-08 13:30:00+00:00,4.102000000,5.722000000,3.244000000,0E-9,0.181000000,1.944000000,0E-9,0.004000000,0.527000000,0E-9,15.723000000,31.025,-1054.415273833672,1483.0595392639814,0.0,934.2777777777777
2025-09-08 14:00:00+00:00,4.322000000,5.698000000,3.245000000,0E-9,0.190000000,2.028000000,0E-9,0.003000000,0.542000000,0E-9,16.028000000,31.64,-1090.4835490423675,1483.0218049912946,305.0,945.3888888888888
2025-09-08 14:30:00+00:00,4.273000000,6.073000000,3.244000000,0E-9,0.184000000,2.081000000,0E-9,0.004000000,0.554000000,0E-9,16.413000000,31.12,-1080.8497320908564,1499.482853814793,0.0,1086.5277777777778
2025-09-08 15:00:00+00:00,5.896000000,5.727000000,3.243000000,0E-9,0.184000000,2.333000000,0E-9,0.003000000,0.859000000,0E-9,18.245000000,37.895,-1048.4319405594397,1529.6190909090908,311.6666666666667,1211.4722222222224
2025-09-08 15:30:00+00:00,7.360000000,5.701000000,3.243000000,0E-9,0.187000000,2.491000000,0E-9,0.004000000,0.756000000,0E-9,19.742000000,40.115,-1075.6863009313151,1535.58638242142,0.0,1312.4166666666665
2025-09-08 16:00:00+00:00,9.341000000,5.471000000,3.249000000,0E-9,0.231000000,2.493000000,0E-9,0.001000000,0.974000000,0.127000000,21.887000000,47.47,-935.2109716953612,1501.2353837175374,324.3333333333333,1269.3611111111109
2025-09-08 16:30:00+00:00,11.230000000,5.590000000,3.258000000,0E-9,0.272000000,2.498000000,0E-9,0.004000000,0.584000000,0.136000000,23.570000000,52.42,-986.6507652173909,1609.3363101449265,0.0,1251.3888888888887
2025-09-08 17:00:00+00:00,11.801000000,5.583000000,3.263000000,0E-9,0.482000000,2.484000000,0E-9,0.032000000,0.739000000,0.448000000,24.832000000,77.695,-974.6635459553489,1608.179501304726,329.0,1134.361111111111
2025-09-08 17:30:00+00:00,12.212000000,5.271000000,3.263000000,0E-9,0.589000000,2.489000000,0E-9,0.040000000,1.074000000,0.800000000,25.738000000,88.34,-945.8374912689175,1651.500552968568,0.0,931.3888888888889
2025-09-08 18:00:00+00:00,12.640000000,4.983000000,3.259000000,0E-9,0.706000000,2.478000000,0E-9,0.091000000,1.826000000,0.785000000,26.767000000,112.555,-906.0796056828065,1683.6039170774134,330.3333333333333,1075.388888888889
2025-09-08 18:30:00+00:00,13.212000000,4.658000000,3.255000000,0E-9,0.709000000,2.488000000,0E-9,0.091000000,2.162000000,0.675000000,27.250000000,124.75,-910.5423707147007,1679.7505403834975,0.0,938.8611111111113
2025-09-08 19:00:00+00:00,13.270000000,4.802000000,3.255000000,0E-9,0.710000000,2.492000000,0E-9,0.091000000,2.285000000,0.659000000,27.564000000,120.565,-815.705033381712,1691.2624876632801,333.0,824.1666666666667
2025-09-08 19:30:00+00:00,13.232000000,4.854000000,3.254000000,0E-9,0.709000000,2.495000000,0E-9,0.092000000,2.399000000,0.849000000,27.884000000,119.475,-821.2645539087471,1687.4873118279568,0.0,883.1666666666665
2025-09-08 20:00:00+00:00,13.577000000,5.204000000,3.254000000,0E-9,0.697000000,2.493000000,0E-9,0.089000000,1.833000000,0.849000000,27.995000000,79.835,-828.9179028504943,1643.7444269924367,326.5,830.0277777777775
2025-09-08 20:30:00+00:00,13.523000000,5.664000000,3.259000000,0E-9,0.599000000,2.493000000,0E-9,0.078000000,1.170000000,0.419000000,27.204000000,74.065,-829.9363318777293,1615.1669053857345,0.0,851.3055555555553
2025-09-08 21:00:00+00:00,13.244000000,5.816000000,3.257000000,0E-9,0.507000000,2.491000000,0E-9,0.012000000,0.775000000,0.239000000,26.340000000,62.56,-855.7342699243748,1603.9597091332168,325.3333333333333,982.6111111111113
2025-09-08 21:30:00+00:00,13.323000000,5.639000000,3.259000000,0E-9,0.417000000,2.469000000,0E-9,0.001000000,0.376000000,0.123000000,25.606000000,55.88499999999999,-917.1882659295902,1591.7849316264187,0.0,1134.0277777777778
2025-09-08 22:00:00+00:00,11.779000000,5.275000000,3.262000000,0E-9,0.389000000,2.485000000,0E-9,0.001000000,0.289000000,0.111000000,23.591000000,53.05,-939.7299825682741,1533.1761882626386,330.0,1116.1944444444448
2025-09-08 22:30:00+00:00,10.704000000,4.758000000,3.266000000,0E-9,0.378000000,2.483000000,0E-9,0.001000000,0.234000000,0E-9,21.824000000,52.485,-951.0575392670155,1522.357047702152,0.0,1123.111111111111
2025-09-08 23:00:00+00:00,9.599000000,4.513000000,3.270000000,0E-9,0.326000000,2.478000000,0E-9,0.002000000,0.338000000,0E-9,20.525000000,43.12,-906.8967259994166,1533.1463524948938,332.6666666666667,493.0000000000001
2025-09-08 23:30:00+00:00,9.171000000,4.619000000,3.267000000,0E-9,0.328000000,2.474000000,0E-9,0.001000000,0.331000000,0E-9,20.190000000,39.7,-904.7122083212108,1502.3954931626417,0.0,392.30555555555566
2025-09-09 00:00:00+00:00,9.005000000,4.387000000,3.267000000,0E-9,0.328000000,2.471000000,0E-9,0.002000000,0.368000000,0.270000000,20.097000000,39.51,-908.6950801048647,1541.556897757064,333.6,522.6944444444443
2025-09-09 00:30:00+00:00,8.999000000,3.924000000,3.273000000,0E-9,0.328000000,2.472000000,0E-9,0.002000000,0.210000000,0.162000000,19.369000000,39.54,-923.6069696969697,1524.5588315850816,0.0,536.8055555555555
2025-09-09 01:00:00+00:00,8.729000000,3.880000000,3.268000000,0E-9,0.315000000,2.481000000,0E-9,0.001000000,0.353000000,0.268000000,19.294000000,39.93,-953.7695860058305,1525.1444839650144,334.6666666666667,533.9166666666667
2025-09-09 01:30:00+00:00,9.201000000,3.465000000,3.270000000,0E-9,0.315000000,2.483000000,0E-9,0.002000000,0.150000000,0.157000000,19.043000000,40.02499999999999,-951.8155164387549,1522.463500145476,0.0,533.0
2025-09-09 02:00:00+00:00,9.270000000,3.271000000,3.270000000,0E-9,0.315000000,2.482000000,0E-9,0.002000000,0.156000000,0E-9,18.765000000,41.17,-986.8850058038304,1510.5814799767852,335.0,606.2500000000001
2025-09-09 02:30:00+00:00,9.129000000,3.229000000,3.270000000,0E-9,0.316000000,2.493000000,0E-9,0.002000000,0.136000000,0E-9,18.574000000,39.355,-948.7550594720049,1518.344624310995,0.0,642.7222222222222
2025-09-09 03:00:00+00:00,8.591000000,3.201000000,3.268000000,0E-9,0.317000000,2.498000000,0E-9,0.002000000,0.263000000,0E-9,18.138000000,38.125,-1045.5776194613384,1515.9177584708953,335.6666666666667,652.0000000000001
2025-09-09 03:30:00+00:00,8.632000000,3.164000000,3.269000000,0E-9,0.317000000,2.500000000,0E-9,0.002000000,0.153000000,0E-9,18.035000000,37.56,-1058.6155030443604,1507.0488924325891,0.0,646.5277777777779
2025-09-09 04:00:00+00:00,8.947000000,3.320000000,3.274000000,0E-9,0.316000000,2.478000000,0E-9,0.002000000,0.134000000,0E-9,18.470000000,38.53,-1025.2305587892897,1521.113242142025,336.6666666666667,632.5833333333331
2025-09-09 04:30:00+00:00,8.274000000,3.441000000,3.266000000,0E-9,0.324000000,2.501000000,0E-9,0.001000000,0.279000000,0E-9,18.086000000,37.64,-905.0952268760909,1406.912981384526,0.0,617.1388888888889
2025-09-09 05:00:00+00:00,8.846000000,3.537000000,3.266000000,0E-9,0.339000000,2.505000000,0E-9,0.002000000,0.241000000,0E-9,18.735000000,40.09,-1069.066583381755,1588.7036868099947,343.0,1723.666666666667
2025-09-09 05:30:00+00:00,9.682000000,3.594000000,3.262000000,0E-9,0.344000000,2.508000000,0E-9,0.002000000,0.221000000,0.134000000,19.746000000,42.025,-1070.8219121071018,1591.1998515715945,0.0,1711.6111111111109
2025-09-09 06:00:00+00:00,10.781000000,3.750000000,3.260000000,0E-9,0.387000000,2.506000000,0E-9,0.002000000,0.376000000,0.140000000,21.202000000,44.715,-1063.7388514102945,1606.1871474265768,346.0,1647.3333333333333
2025-09-09 06:30:00+00:00,11.807000000,3.849000000,3.259000000,0E-9,0.510000000,2.504000000,0E-9,0.006000000,0.586000000,0.200000000,22.720000000,46.46,-1036.5527085747385,1616.7239339513321,0.0,1522.5555555555554
2025-09-09 07:00:00+00:00,12.268000000,3.991000000,3.260000000,0E-9,0.539000000,2.502000000,0E-9,0.052000000,1.094000000,0.139000000,23.843000000,54.48499999999999,-971.5558675534998,1642.7395459803354,343.75,1336.2777777777778
2025-09-09 07:30:00+00:00,12.496000000,4.309000000,3.260000000,0E-9,0.525000000,2.502000000,0E-9,0.052000000,1.647000000,0.139000000,24.929000000,54.65,-986.1608521739124,1632.3207507246377,0.0,1241.0
2025-09-09 08:00:00+00:00,12.281000000,4.345000000,3.261000000,0E-9,0.526000000,2.501000000,0E-9,0.004000000,1.324000000,0.139000000,24.381000000,53.045,-988.0618853171153,1627.5473935708073,338.0,1177.6666666666667
2025-09-09 08:30:00+00:00,11.774000000,4.676000000,3.263000000,0E-9,0.384000000,2.498000000,0E-9,0.001000000,0.915000000,0.138000000,23.649000000,49.38,-987.6590885416665,1626.0805497685185,0.0,1167.222222222222
2025-09-09 09:00:00+00:00,11.193000000,4.931000000,3.260000000,0E-9,0.377000000,2.500000000,0E-9,0.004000000,0.476000000,0.190000000,22.930000000,42.15,-1006.4968555652425,1620.3521970357456,312.75,1147.0
2025-09-09 09:30:00+00:00,10.663000000,4.879000000,3.264000000,0E-9,0.388000000,2.497000000,0E-9,0.001000000,0.532000000,0.024000000,22.249000000,38.785,-1032.3675072632186,1617.280334108077,0.0,1144.4444444444443
2025-09-09 10:00:00+00:00,10.001000000,5.018000000,3.263000000,0E-9,0.368000000,2.496000000,0E-9,0.004000000,0.463000000,0E-9,21.612000000,39.04,-1027.2763011314187,1594.2401972729906,310.5,1250.9166666666663
2025-09-09 10:30:00+00:00,,,,,,,,,,,,0.0,-1052.5933478260863,1601.7701391304352,0.0,1392.1388888888891
2025-09-09 11:00:00+00:00,,,,,,,,,,,,0.0,-1027.4595789779328,1541.7773315911725,318.66666666666663,1419.8333333333333
2025-09-09 11:30:00+00:00,,,,,,,,,,,,0.0,-1063.4712645348839,1558.0433808139544,0.0,1543.9722222222217
2025-09-09 12:00:00+00:00,,,,,,,,,,,,0.0,-1041.9229997098926,1519.8120974760664,305.0,1505.166666666667
2025-09-09 12:30:00+00:00,,,,,,,,,,,,0.0,-1046.939959207459,1537.7397115384608,0.0,1610.2777777777778
2025-09-09 13:00:00+00:00,,,,,,,,,,,,0.0,-1063.9544598899504,1522.730738488271,305.0,1660.5555555555557
2025-09-09 13:30:00+00:00,,,,,,,,,,,,0.0,-1048.918940665702,1525.1264746743864,0.0,1826.861111111111
2025-09-09 14:00:00+00:00,,,,,,,,,,,,0.0,-1040.8075996533798,1530.5313460427499,311.16666666666663,1940.0833333333337
2025-09-09 14:30:00+00:00,,,,,,,,,,,,0.0,-1043.7272466705274,1530.668225246091,0.0,2081.2777777777783
2025-09-09 15:00:00+00:00,,,,,,,,,,,,0.0,-1074.1286637681162,1532.83332173913,316.5,2143.8611111111113
2025-09-09 15:30:00+00:00,,,,,,,,,,,,0.0,-1040.222272199652,1540.3980789320954,0.0,2056.527777777778
2025-09-09 16:00:00+00:00,,,,,,,,,,,,0.0,-1055.036751018034,1560.4173211169286,322.2,2076.5
2025-09-09 16:30:00+00:00,,,,,,,,,,,,0.0,-1035.3433158660846,1583.5917874818049,0.0,2161.3888888888887
2025-09-09 17:00:00+00:00,,,,,,,,,,,,0.0,-1028.3162609202088,1582.300643564356,323.2,2437.638888888889
2025-09-09 17:30:00+00:00,,,,,,,,,,,,0.0,-1012.5040827023878,1595.9365579499124,0.0,2336.166666666666
2025-09-09 18:00:00+00:00,,,,,,,,,,,,0.0,-1003.916032577079,1632.1310907504358,310.25,2518.6944444444443
2025-09-09 18:30:00+00:00,,,,,,,,,,,,0.0,-985.4171960442112,1594.2563234438621,0.0,2610.777777777778
2025-09-09 19:00:00+00:00,,,,,,,,,,,,0.0,-872.99109624891,1591.0045420180286,306.0,2860.3055555555557
2025-09-09 19:30:00+00:00,,,,,,,,,,,,0.0,-869.2165173116088,1572.9501396566768,0.0,2934.8611111111118
2025-09-09 20:00:00+00:00,,,,,,,,,,,,0.0,-918.0578733294601,1565.7230999418946,309.0,2839.499999999999
2025-09-09 20:30:00+00:00,,,,,,,,,,,,0.0,-894.0507674418608,1548.420069767442,0.0,2972.861111111111
2025-09-09 21:00:00+00:00,,,,,,,,,,,,0.0,-907.3864627039628,1500.4535839160837,316.3333333333333,3027.194444444444
2025-09-09 21:30:00+00:00,,,,,,,,,,,,0.0,-929.3005208030261,1521.2128425952862,0.0,3039.3611111111118
2025-09-09 22:00:00+00:00,,,,,,,,,,,,0.0,-924.994579575211,1521.9556124527205,311.75,2985.388888888889
2025-09-09 22:30:00+00:00,,,,,,,,,,,,0.0,-925.0345894428149,1537.1968680351908,0.0,3094.3333333333335
2025-09-09 23:00:00+00:00,,,,,,,,,,,,0.0,-1001.6635737320435,1511.8793374377015,306.25,2162.7777777777783
2025-09-09 23:30:00+00:00,,,,,,,,,,,,0.0,-1014.9796830055772,1507.2970912826536,0.0,1907.6666666666667
2025-09-10 00:00:00+00:00,,,,,,,,,,,,0.0,-1027.7479472913622,1524.5242313323572,305.0,1958.4444444444443
2025-09-10 00:30:00+00:00,,,,,,,,,,,,0.0,-1030.1392599118944,1530.2302143906027,0.0,2071.666666666667
2025-09-10 01:00:00+00:00,,,,,,,,,,,,0.0,-1034.1580152671754,1538.9657604227832,305.0,2176.277777777778
2025-09-10 01:30:00+00:00,,,,,,,,,,,,0.0,-1031.203918879484,1526.1499007878604,0.0,2265.1388888888896
2025-09-10 02:00:00+00:00,,,,,,,,,,,,0.0,-1058.1852648428387,1521.6895285215355,305.0,2432.4444444444453
2025-09-10 02:30:00+00:00,,,,,,,,,,,,0.0,-1048.9321520093188,1531.4214472917881,0.0,2520.777777777778
2025-09-10 03:00:00+00:00,,,,,,,,,,,,0.0,-1102.0475203725227,1501.5883643771808,305.0,2558.861111111111
2025-09-10 03:30:00+00:00,,,,,,,,,,,,0.0,-1101.9617175239728,1497.7505405405386,0.0,2614.027777777778
2025-09-10 04:00:00+00:00,,,,,,,,,,,,0.0,-1105.474436989496,1504.2543203033829,305.0,2634.3611111111104
2025-09-10 04:30:00+00:00,,,,,,,,,,,,0.0,-976.116337412589,1397.3570716783204,0.0,2644.305555555556
2025-09-10 05:00:00+00:00,,,,,,,,,,,,0.0,-1114.251927990709,1572.261419860623,315.0,0.0
2025-09-10 05:30:00+00:00,,,,,,,,,,,,0.0,-1113.6188223320705,1573.2398168072127,0.0,0.0
2025-09-10 06:00:00+00:00,,,,,,,,,,,,0.0,-1144.918044871802,1563.0805652680701,320.0,0.0
2025-09-10 06:30:00+00:00,,,,,,,,,,,,0.0,-1139.5396568769988,1557.5962808956065,0.0,0.0
2025-09-10 07:00:00+00:00,,,,,,,,,,,,0.0,-1062.9384804630988,1621.3541794500773,318.5,0.0
2025-09-10 07:30:00+00:00,,,,,,,,,,,,0.0,-1049.6403278212958,1642.684563388459,0.0,0.0
2025-09-10 08:00:00+00:00,,,,,,,,,,,,0.0,-1051.7566724637716,1637.966997101449,315.0,0.0
2025-09-10 08:30:00+00:00,,,,,,,,,,,,0.0,-1068.9732733604203,1622.3215409170054,0.0,0.0
2025-09-10 09:00:00+00:00,,,,,,,,,,,,0.0,-1079.9097301218826,1697.162478235628,307.25,0.0
2025-09-10 09:30:00+00:00,,,,,,,,,,,,0.0,-1082.1283265661282,1629.5517981438486,0.0,0.0
2025-09-10 10:00:00+00:00,,,,,,,,,,,,0.0,-1096.6206135504556,1621.101645827278,305.0,0.0
2025-09-10 10:30:00+00:00,,,,,,,,,,,,0.0,-1110.0134465737524,1607.7737804878025,0.0,0.0
2025-09-10 11:00:00+00:00,,,,,,,,,,,,0.0,-1028.1586699650793,1548.7283381839356,305.0,0.0
2025-09-10 11:30:00+00:00,,,,,,,,,,,,0.0,-1041.3446935811778,1547.9970781295358,0.0,0.0
2025-09-10 12:00:00+00:00,,,,,,,,,,,,0.0,-1062.630133371989,1552.373055958249,305.0,0.0
2025-09-10 12:30:00+00:00,,,,,,,,,,,,0.0,-1045.6158555684449,1530.7197737819038,0.0,0.0
2025-09-10 13:00:00+00:00,,,,,,,,,,,,0.0,-1024.4193880510438,1518.3076421113635,305.0,0.0
2025-09-10 13:30:00+00:00,,,,,,,,,,,,0.0,-1051.3343704775677,1504.176503617941,0.0,0.0
2025-09-10 14:00:00+00:00,,,,,,,,,,,,0.0,-1023.3724332946629,1510.635475638048,305.0,0.0
2025-09-10 14:30:00+00:00,,,,,,,,,,,,0.0,-1025.1907848247884,1522.5076020851404,0.0,0.0
2025-09-10 15:00:00+00:00,,,,,,,,,,,,0.0,-1095.339057424592,1514.5083062645042,306.25,0.0
2025-09-10 15:30:00+00:00,,,,,,,,,,,,0.0,-1059.5051942028967,1519.13648115942,0.0,0.0
2025-09-10 16:00:00+00:00,,,,,,,,,,,,0.0,-1073.2455465352302,1534.8822876196027,309.0,0.0
2025-09-10 16:30:00+00:00,,,,,,,,,,,,0.0,-1042.6320725689413,1568.7855181422374,0.0,0.0
2025-09-10 17:00:00+00:00,,,,,,,,,,,,0.0,-1043.253780168657,1576.104568188425,311.1666666666667,0.0
2025-09-10 17:30:00+00:00,,,,,,,,,,,,0.0,-1046.4537027341496,1576.2728126817885,0.0,0.0
2025-09-10 18:00:00+00:00,,,,,,,,,,,,0.0,-1060.0178384660112,1594.2356304474115,313.1666666666667,0.0
2025-09-10 18:30:00+00:00,,,,,,,,,,,,0.0,-1488.4357304347798,2012.489220289854,0.0,0.0
2025-09-10 19:00:00+00:00,,,,,,,,,,,,0.0,-1455.680525246669,2098.8594312246096,313.4,0.0
2025-09-10 19:30:00+00:00,,,,,,,,,,,,0.0,-1447.885129473375,2089.8137299970917,0.0,0.0
2025-09-10 20:00:00+00:00,,,,,,,,,,,,0.0,-985.0703199534619,1576.241596858637,306.6666666666667,0.0
2025-09-10 20:30:00+00:00,,,,,,,,,,,,0.0,-994.3636997084562,1545.4166822157413,0.0,0.0
2025-09-10 21:00:00+00:00,,,,,,,,,,,,0.0,-1001.6899153531803,1558.3354670169253,305.0,0.0
2025-09-10 21:30:00+00:00,,,,,,,,,,,,0.0,-1009.9456470931945,1557.0795267309347,0.0,0.0
2025-09-10 22:00:00+00:00,,,,,,,,,,,,0.0,-999.8559906895597,1526.2007826592976,297.5,0.0
2025-09-10 22:30:00+00:00,,,,,,,,,,,,0.0,-1001.2640507436575,1543.3081918926825,0.0,0.0
2025-09-10 23:00:00+00:00,,,,,,,,,,,,0.0,-1033.6691843868339,1564.521590445676,295.0,0.0
2025-09-10 23:30:00+00:00,,,,,,,,,,,,0.0,-1030.3086345148174,1561.1572748402068,0.0,0.0
2025-09-11 00:00:00+00:00,,,,,,,,,,,,0.0,-1063.9656246368393,1512.178312027889,295.0,0.0
2025-09-11 00:30:00+00:00,,,,,,,,,,,,0.0,-1066.5796282311935,1510.041969212894,0.0,0.0
2025-09-11 01:00:00+00:00,,,,,,,,,,,,0.0,-1060.740978229318,1513.4773846153853,295.0,0.0
2025-09-11 01:30:00+00:00,,,,,,,,,,,,0.0,-1064.7754637681169,1507.4970724637678,0.0,0.0
2025-09-11 02:00:00+00:00,,,,,,,,,,,,0.0,-1036.155445832121,1510.5538367702648,295.0,0.0
2025-09-11 02:30:00+00:00,,,,,,,,,,,,0.0,-1061.8588588850193,1512.990853658537,0.0,0.0
2025-09-11 03:00:00+00:00,,,,,,,,,,,,0.0,-1076.082116110303,1418.3520348330878,295.0,0.0
2025-09-11 03:30:00+00:00,,,,,,,,,,,,0.0,-1075.9083657474575,1418.5481770682147,0.0,0.0
2025-09-11 04:00:00+00:00,,,,,,,,,,,,0.0,-1079.6456128093196,1424.5535953420658,295.0,0.0
2025-09-11 04:30:00+00:00,,,,,,,,,,,,0.0,-927.0839463713213,1317.7744068784598,0.0,0.0
2025-09-11 05:00:00+00:00,,,,,,,,,,,,0.0,-1097.7509157188715,1499.8297258675896,303.25,0.0
2025-09-11 05:30:00+00:00,,,,,,,,,,,,0.0,-1150.954274898079,1499.2742778101338,0.0,0.0
2025-09-11 06:00:00+00:00,,,,,,,,,,,,0.0,-1130.838037383175,1496.1906483644873,312.0,0.0
2025-09-11 06:30:00+00:00,,,,,,,,,,,,0.0,-1098.3810309579424,1493.497608060748,0.0,0.0
2025-09-11 07:00:00+00:00,,,,,,,,,,,,0.0,-1081.0776640420024,1628.3222193059196,306.75,0.0
2025-09-11 07:30:00+00:00,,,,,,,,,,,,0.0,-1092.114385198135,1638.3787733100226,0.0,0.0
2025-09-11 08:00:00+00:00,,,,,,,,,,,,0.0,-1098.056666666667,1633.7763324614928,297.5,0.0
2025-09-11 08:30:00+00:00,,,,,,,,,,,,0.0,-1113.177941944848,1614.572731494919,0.0,0.0
2025-09-11 09:00:00+00:00,,,,,,,,,,,,0.0,-1115.2430997382971,1646.1125734225066,295.0,0.0
2025-09-11 09:30:00+00:00,,,,,,,,,,,,0.0,-1114.8940547625978,1617.6927119137779,0.0,0.0
2025-09-11 10:00:00+00:00,,,,,,,,,,,,0.0,-1134.3493600930801,1572.3196509598604,295.0,0.0
2025-09-11 10:30:00+00:00,,,,,,,,,,,,0.0,-1104.52079545455,1605.1261217948754,0.0,0.0
2025-09-11 11:00:00+00:00,,,,,,,,,,,,0.0,-1103.7037412790712,1536.9733401162785,295.0,0.0
2025-09-11 11:30:00+00:00,,,,,,,,,,,,0.0,-1078.8247510917051,1551.1364395924265,0.0,0.0
2025-09-11 12:00:00+00:00,,,,,,,,,,,,0.0,-1152.0155574963576,1537.5350800582225,295.0,0.0
2025-09-11 12:30:00+00:00,,,,,,,,,,,,0.0,-1121.3077965116313,1535.6145784883672,0.0,0.0
2025-09-11 13:00:00+00:00,,,,,,,,,,,,0.0,-1094.6214928841155,1526.743752541384,295.0,0.0
2025-09-11 13:30:00+00:00,,,,,,,,,,,,0.0,-1106.0029741504516,1532.9595817600905,0.0,0.0
2025-09-11 14:00:00+00:00,,,,,,,,,,,,0.0,-1090.5554701102753,1521.0239930353994,295.0,0.0
2025-09-11 14:30:00+00:00,,,,,,,,,,,,0.0,-1112.1798779424632,1559.623237430978,0.0,0.0
2025-09-11 15:00:00+00:00,,,,,,,,,,,,0.0,-1089.075045045047,1497.5696134844482,295.0,0.0
2025-09-11 15:30:00+00:00,,,,,,,,,,,,0.0,-1116.445081632653,1504.4691807580211,0.0,0.0
2025-09-11 16:00:00+00:00,,,,,,,,,,,,0.0,-1105.7458401400238,1512.306301050169,298.6666666666667,0.0
2025-09-11 16:30:00+00:00,,,,,,,,,,,,0.0,-1109.4815301661347,1517.6938939084837,0.0,0.0
2025-09-11 17:00:00+00:00,,,,,,,,,,,,0.0,-1108.4559503649657,1529.2506802919686,306.0,0.0
2025-09-11 17:30:00+00:00,,,,,,,,,,,,0.0,-1074.2289238845099,1555.150046660832,0.0,0.0
2025-09-11 18:00:00+00:00,,,,,,,,,,,,0.0,-1072.0449415887826,1593.9812032710308,306.6666666666667,0.0
2025-09-11 18:30:00+00:00,,,,,,,,,,,,0.0,-1047.9557854852842,1553.5142436607352,0.0,0.0
2025-09-11 19:00:00+00:00,,,,,,,,,,,,0.0,-998.0649752114316,1611.397107028289,307.0,0.0
2025-09-11 19:30:00+00:00,,,,,,,,,,,,0.0,-1008.8975247813403,1599.4960728862984,0.0,0.0
2025-09-11 20:00:00+00:00,,,,,,,,,,,,0.0,-1029.8813664233555,1581.632429197081,305.0,0.0
2025-09-11 20:30:00+00:00,,,,,,,,,,,,0.0,-1049.3603132318494,1538.3361797423868,0.0,0.0
2025-09-11 21:00:00+00:00,,,,,,,,,,,,0.0,-1039.0214871194364,1503.1635304449667,297.5,0.0
2025-09-11 21:30:00+00:00,,,,,,,,,,,,0.0,-1038.9089350497363,1499.4249912229345,0.0,0.0
2025-09-11 22:00:00+00:00,,,,,,,,,,,,0.0,-1033.9359831051547,1492.1140576755045,295.0,0.0
2025-09-11 22:30:00+00:00,,,,,,,,,,,,0.0,-1031.452580268533,1526.346882662001,0.0,0.0
2025-09-11 23:00:00+00:00,,,,,,,,,,,,0.0,-1004.6574077303119,1521.3221418192393,295.0,0.0
2025-09-11 23:30:00+00:00,,,,,,,,,,,,0.0,-1014.6464456079121,1513.9494037230984,0.0,0.0
2025-09-12 00:00:00+00:00,,,,,,,,,,,,0.0,-1023.6998108815861,1518.1371224905438,295.0,0.0
2025-09-12 00:30:00+00:00,,,,,,,,,,,,0.0,-1016.2907779720292,1527.488653846158,0.0,0.0
2025-09-12 01:00:00+00:00,,,,,,,,,,,,0.0,-1015.3131695260224,1547.503486478628,295.0,0.0
2025-09-12 01:30:00+00:00,,,,,,,,,,,,0.0,-1015.1998457957529,1525.500357870234,0.0,0.0
2025-09-12 02:00:00+00:00,,,,,,,,,,,,0.0,-1047.0692417199325,1520.2229169087716,295.0,0.0
2025-09-12 02:30:00+00:00,,,,,,,,,,,,0.0,-1011.5900319396031,1552.825484901274,0.0,0.0
2025-09-12 03:00:00+00:00,,,,,,,,,,,,0.0,-1061.177609642756,1482.8229363926816,295.0,0.0
2025-09-12 03:30:00+00:00,,,,,,,,,,,,0.0,-1050.1834957934454,1490.9775805047877,0.0,0.0
2025-09-12 04:00:00+00:00,,,,,,,,,,,,0.0,-1058.1816109334143,1490.779540564118,295.0,0.0
2025-09-12 04:30:00+00:00,,,,,,,,,,,,0.0,-938.651366676358,1377.7036493166636,0.0,0.0
2025-09-12 05:00:00+00:00,,,,,,,,,,,,0.0,-1124.7365418118468,1571.9017305458785,295.0,0.0
2025-09-12 05:30:00+00:00,,,,,,,,,,,,0.0,-1124.2147516700506,1572.2483009003777,0.0,0.0
2025-09-12 06:00:00+00:00,,,,,,,,,,,,0.0,-1123.5869239731985,1578.8579230993296,298.3333333333333,0.0
2025-09-12 06:30:00+00:00,,,,,,,,,,,,0.0,-1120.993531989478,1671.0651796669613,0.0,0.0
2025-09-12 07:00:00+00:00,,,,,,,,,,,,0.0,-1080.3081264568755,1733.5781759906665,297.5,0.0
2025-09-12 07:30:00+00:00,,,,,,,,,,,,0.0,-1075.3023575581408,1646.9489215116291,0.0,0.0
2025-09-12 08:00:00+00:00,,,,,,,,,,,,0.0,-1081.0114019236403,1647.0444156222698,295.0,0.0
2025-09-12 08:30:00+00:00,,,,,,,,,,,,0.0,-1091.0346491994164,1662.3954788937422,0.0,0.0
2025-09-12 09:00:00+00:00,,,,,,,,,,,,0.0,-1100.6805856643398,1655.0856031468525,295.0,0.0
2025-09-12 09:30:00+00:00,,,,,,,,,,,,0.0,-1097.6645648364506,1603.5799737149493,0.0,0.0
2025-09-12 10:00:00+00:00,,,,,,,,,,,,0.0,-1606.0929428904406,2080.202610722622,295.0,0.0
2025-09-12 10:30:00+00:00,,,,,,,,,,,,0.0,-1124.4638376168198,1663.7233265186903,0.0,0.0
2025-09-12 11:00:00+00:00,,,,,,,,,,,,0.0,-1094.2843966269284,1535.9967141610898,295.0,0.0
2025-09-12 11:30:00+00:00,,,,,,,,,,,,0.0,-1101.4974840209172,1537.9819901220242,0.0,0.0
2025-09-12 12:00:00+00:00,,,,,,,,,,,,0.0,-1131.2708430232556,1539.149909883722,295.0,0.0
2025-09-12 12:30:00+00:00,,,,,,,,,,,,0.0,-1135.6517653890787,1532.2275058072012,0.0,0.0
2025-09-12 13:00:00+00:00,,,,,,,,,,,,0.0,-1122.0404865334558,1529.8235157833747,295.0,0.0
2025-09-12 13:30:00+00:00,,,,,,,,,,,,0.0,-1121.6989233894346,1727.144448636104,0.0,0.0
2025-09-12 14:00:00+00:00,,,,,,,,,,,,0.0,-1123.9681309765308,1695.2400434656606,295.0,0.0
2025-09-12 15:00:00+00:00,,,,,,,,,,,,0.0,-1088.2445562990986,1760.3458132091969,0.0,0.0
2025-09-12 16:00:00+00:00,,,,,,,,,,,,0.0,-1115.299105171414,1536.9119959325978,0.0,0.0
2025-09-12 17:00:00+00:00,,,,,,,,,,,,0.0,-1055.6219353899896,1605.9959313154854,0.0,0.0
2025-09-12 18:00:00+00:00,,,,,,,,,,,,0.0,-1039.7525239616587,1618.960618646528,0.0,0.0
2025-09-12 19:00:00+00:00,,,,,,,,,,,,0.0,-951.5479424585889,1596.0171519907005,0.0,0.0
2025-09-12 20:00:00+00:00,,,,,,,,,,,,0.0,-966.4462257035086,1547.2556048738068,0.0,0.0
2025-09-12 21:00:00+00:00,,,,,,,,,,,,0.0,-981.0027537074736,1526.517185228265,0.0,0.0
2025-09-12 22:00:00+00:00,,,,,,,,,,,,0.0,-972.9640377358514,1536.320705370104,0.0,0.0
2025-09-12 23:00:00+00:00,,,,,,,,,,,,0.0,-953.6071016603577,1558.2501456452064,0.0,0.0
2025-09-13 00:00:00+00:00,,,,,,,,,,,,0.0,-966.333978431943,1550.737347712035,295.0,0.0
2025-09-13 01:00:00+00:00,,,,,,,,,,,,0.0,-966.133117561685,1540.558960812774,0.0,0.0
2025-09-13 02:00:00+00:00,,,,,,,,,,,,0.0,-965.8850480069821,1545.9400581902844,0.0,0.0
2025-09-13 03:00:00+00:00,,,,,,,,,,,,0.0,-1060.5346321605098,1547.3231084617628,0.0,0.0
