publishTime,gsp_id,import_export_mw,wind_generation_mw
2025-11-10 09:16:00+00:00,B1,-93.1,0.0
2025-11-10 09:16:00+00:00,B10,-1471.7,0.0
2025-11-10 09:16:00+00:00,B11,-3326.7,0.0
2025-11-10 09:16:00+00:00,B12,-2972.4,0.0
2025-11-10 09:16:00+00:00,B13,-611.6,0.0
2025-11-10 09:16:00+00:00,B14,-2176.9,0.0
2025-11-10 09:16:00+00:00,B15,-680.9,0.0
2025-11-10 09:16:00+00:00,B16,-3967.3,0.0
2025-11-10 09:16:00+00:00,B17,-1348.6,0.0
2025-11-10 09:16:00+00:00,B2,-210.5,0.0
2025-11-10 09:16:00+00:00,B3,-122.7,0.0
2025-11-10 09:16:00+00:00,B4,-343.1,0.0
2025-11-10 09:16:00+00:00,B5,-620.1,0.0
2025-11-10 09:16:00+00:00,B6,-1588.9,0.0
2025-11-10 09:16:00+00:00,B7,-2191.8,0.0
2025-11-10 09:16:00+00:00,B8,-5565.5,0.0
2025-11-10 09:16:00+00:00,B9,-7554.7,0.0
2025-11-10 09:16:00+00:00,N,-19147.8,0.0
2025-11-10 08:16:00+00:00,B1,-94.5,0.0
2025-11-10 08:16:00+00:00,B10,-1484.7,0.0
2025-11-10 08:16:00+00:00,B11,-3359.9,0.0
2025-11-10 08:16:00+00:00,B12,-3013.6,0.0
2025-11-10 08:16:00+00:00,B13,-617.3,0.0
2025-11-10 08:16:00+00:00,B14,-2195.6,0.0
2025-11-10 08:16:00+00:00,B15,-722.6,0.0
2025-11-10 08:16:00+00:00,B16,-4026.2,0.0
2025-11-10 08:16:00+00:00,B17,-1361.2,0.0
2025-11-10 08:16:00+00:00,B2,-213.3,0.0
2025-11-10 08:16:00+00:00,B3,-123.9,0.0
2025-11-10 08:16:00+00:00,B4,-347.0,0.0
2025-11-10 08:16:00+00:00,B5,-625.9,0.0
2025-11-10 08:16:00+00:00,B6,-1606.7,0.0
2025-11-10 08:16:00+00:00,B7,-2215.5,0.0
2025-11-10 08:16:00+00:00,B8,-5618.4,0.0
2025-11-10 08:16:00+00:00,B9,-7645.8,0.0
2025-11-10 08:16:00+00:00,N,-19362.6,0.0
2025-11-10 07:46:00+00:00,B1,-94.7,0.0
2025-11-10 07:46:00+00:00,B10,-1489.7,0.0
2025-11-10 07:46:00+00:00,B11,-3370.7,0.0
2025-11-10 07:46:00+00:00,B12,-3025.6,0.0
2025-11-10 07:46:00+00:00,B13,-619.7,0.0
2025-11-10 07:46:00+00:00,B14,-2202.0,0.0
2025-11-10 07:46:00+00:00,B15,-734.4,0.0
2025-11-10 07:46:00+00:00,B16,-4050.6,0.0
2025-11-10 07:46:00+00:00,B17,-1366.3,0.0
2025-11-10 07:46:00+00:00,B2,-214.0,0.0
2025-11-10 07:46:00+00:00,B3,-124.4,0.0
2025-11-10 07:46:00+00:00,B4,-348.0,0.0
2025-11-10 07:46:00+00:00,B5,-627.4,0.0
2025-11-10 07:46:00+00:00,B6,-1613.1,0.0
2025-11-10 07:46:00+00:00,B7,-2223.5,0.0
2025-11-10 07:46:00+00:00,B8,-5635.5,0.0
2025-11-10 07:46:00+00:00,B9,-7681.6,0.0
2025-11-10 07:46:00+00:00,N,-19435.0,0.0
2025-11-10 07:16:00+00:00,B1,-94.6,0.0
2025-11-10 07:16:00+00:00,B10,-1493.2,0.0
2025-11-10 07:16:00+00:00,B11,-3380.7,0.0
2025-11-10 07:16:00+00:00,B12,-3034.5,0.0
2025-11-10 07:16:00+00:00,B13,-621.3,0.0
2025-11-10 07:16:00+00:00,B14,-2205.5,0.0
2025-11-10 07:16:00+00:00,B15,-745.7,0.0
2025-11-10 07:16:00+00:00,B16,-4076.0,0.0
2025-11-10 07:16:00+00:00,B17,-1369.4,0.0
2025-11-10 07:16:00+00:00,B2,-214.2,0.0
2025-11-10 07:16:00+00:00,B3,-124.6,0.0
2025-11-10 07:16:00+00:00,B4,-348.6,0.0
2025-11-10 07:16:00+00:00,B5,-628.2,0.0
2025-11-10 07:16:00+00:00,B6,-1619.1,0.0
2025-11-10 07:16:00+00:00,B7,-2230.2,0.0
2025-11-10 07:16:00+00:00,B8,-5646.4,0.0
2025-11-10 07:16:00+00:00,B9,-7711.1,0.0
2025-11-10 07:16:00+00:00,N,-19492.7,0.0
2025-11-10 06:46:00+00:00,B1,-94.7,0.0
2025-11-10 06:46:00+00:00,B10,-1495.0,0.0
2025-11-10 06:46:00+00:00,B11,-3380.0,0.0
2025-11-10 06:46:00+00:00,B12,-3041.0,0.0
2025-11-10 06:46:00+00:00,B13,-622.4,0.0
2025-11-10 06:46:00+00:00,B14,-2206.5,0.0
2025-11-10 06:46:00+00:00,B15,-756.3,0.0
2025-11-10 06:46:00+00:00,B16,-4089.8,0.0
2025-11-10 06:46:00+00:00,B17,-1370.5,0.0
2025-11-10 06:46:00+00:00,B2,-214.4,0.0
2025-11-10 06:46:00+00:00,B3,-124.7,0.0
2025-11-10 06:46:00+00:00,B4,-348.9,0.0
2025-11-10 06:46:00+00:00,B5,-626.8,0.0
2025-11-10 06:46:00+00:00,B6,-1615.5,0.0
2025-11-10 06:46:00+00:00,B7,-2227.6,0.0
2025-11-10 06:46:00+00:00,B8,-5641.6,0.0
2025-11-10 06:46:00+00:00,B9,-7721.8,0.0
2025-11-10 06:46:00+00:00,N,-19521.2,0.0
2025-11-10 06:16:00+00:00,B1,-94.6,0.0
2025-11-10 06:16:00+00:00,B10,-1494.5,0.0
2025-11-10 06:16:00+00:00,B11,-3379.6,0.0
2025-11-10 06:16:00+00:00,B12,-3043.1,0.0
2025-11-10 06:16:00+00:00,B13,-622.3,0.0
2025-11-10 06:16:00+00:00,B14,-2203.5,0.0
2025-11-10 06:16:00+00:00,B15,-767.0,0.0
2025-11-10 06:16:00+00:00,B16,-4103.8,0.0
2025-11-10 06:16:00+00:00,B17,-1368.7,0.0
2025-11-10 06:16:00+00:00,B2,-214.2,0.0
2025-11-10 06:16:00+00:00,B3,-124.6,0.0
2025-11-10 06:16:00+00:00,B4,-348.5,0.0
2025-11-10 06:16:00+00:00,B5,-626.1,0.0
2025-11-10 06:16:00+00:00,B6,-1617.1,0.0
2025-11-10 06:16:00+00:00,B7,-2228.4,0.0
2025-11-10 06:16:00+00:00,B8,-5631.1,0.0
2025-11-10 06:16:00+00:00,B9,-7724.0,0.0
2025-11-10 06:16:00+00:00,N,-19519.6,0.0
2025-11-10 05:46:00+00:00,B1,-94.3,0.0
2025-11-10 05:46:00+00:00,B10,-1491.1,0.0
2025-11-10 05:46:00+00:00,B11,-3373.6,0.0
2025-11-10 05:46:00+00:00,B12,-3042.5,0.0
2025-11-10 05:46:00+00:00,B13,-621.0,0.0
2025-11-10 05:46:00+00:00,B14,-2197.4,0.0
2025-11-10 05:46:00+00:00,B15,-786.7,0.0
2025-11-10 05:46:00+00:00,B16,-4111.4,0.0
2025-11-10 05:46:00+00:00,B17,-1364.5,0.0
2025-11-10 05:46:00+00:00,B2,-213.5,0.0
2025-11-10 05:46:00+00:00,B3,-124.3,0.0
2025-11-10 05:46:00+00:00,B4,-347.5,0.0
2025-11-10 05:46:00+00:00,B5,-624.5,0.0
2025-11-10 05:46:00+00:00,B6,-1616.0,0.0
2025-11-10 05:46:00+00:00,B7,-2225.6,0.0
2025-11-10 05:46:00+00:00,B8,-5616.1,0.0
2025-11-10 05:46:00+00:00,B9,-7718.3,0.0
2025-11-10 05:46:00+00:00,N,-19503.0,0.0
2025-11-10 05:16:00+00:00,B1,-93.9,0.0
2025-11-10 05:16:00+00:00,B10,-1485.6,0.0
2025-11-10 05:16:00+00:00,B11,-3363.5,0.0
2025-11-10 05:16:00+00:00,B12,-3036.7,0.0
2025-11-10 05:16:00+00:00,B13,-618.7,0.0
2025-11-10 05:16:00+00:00,B14,-2187.7,0.0
2025-11-10 05:16:00+00:00,B15,-804.7,0.0
2025-11-10 05:16:00+00:00,B16,-4109.8,0.0
2025-11-10 05:16:00+00:00,B17,-1357.9,0.0
2025-11-10 05:16:00+00:00,B2,-213.1,0.0
2025-11-10 05:16:00+00:00,B3,-123.9,0.0
2025-11-10 05:16:00+00:00,B4,-347.0,0.0
2025-11-10 05:16:00+00:00,B5,-622.9,0.0
2025-11-10 05:16:00+00:00,B6,-1614.5,0.0
2025-11-10 05:16:00+00:00,B7,-2221.5,0.0
2025-11-10 05:16:00+00:00,B8,-5609.5,0.0
2025-11-10 05:16:00+00:00,B9,-7713.6,0.0
2025-11-10 05:16:00+00:00,N,-19470.0,0.0
2025-11-10 04:46:00+00:00,B1,-96.5,0.0
2025-11-10 04:46:00+00:00,B10,-1478.5,0.0
2025-11-10 04:46:00+00:00,B11,-3353.5,0.0
2025-11-10 04:46:00+00:00,B12,-3028.4,0.0
2025-11-10 04:46:00+00:00,B13,-615.8,0.0
2025-11-10 04:46:00+00:00,B14,-2176.2,0.0
2025-11-10 04:46:00+00:00,B15,-825.2,0.0
2025-11-10 04:46:00+00:00,B16,-4107.9,0.0
2025-11-10 04:46:00+00:00,B17,-1350.2,0.0
2025-11-10 04:46:00+00:00,B2,-215.3,0.0
2025-11-10 04:46:00+00:00,B3,-123.3,0.0
2025-11-10 04:46:00+00:00,B4,-348.4,0.0
2025-11-10 04:46:00+00:00,B5,-623.2,0.0
2025-11-10 04:46:00+00:00,B6,-1613.5,0.0
2025-11-10 04:46:00+00:00,B7,-2217.5,0.0
2025-11-10 04:46:00+00:00,B8,-5604.8,0.0
2025-11-10 04:46:00+00:00,B9,-7709.3,0.0
2025-11-10 04:46:00+00:00,N,-19433.2,0.0
2025-11-10 04:16:00+00:00,B1,-99.7,0.0
2025-11-10 04:16:00+00:00,B10,-1471.0,0.0
2025-11-10 04:16:00+00:00,B11,-3343.7,0.0
2025-11-10 04:16:00+00:00,B12,-3021.8,0.0
2025-11-10 04:16:00+00:00,B13,-612.9,0.0
2025-11-10 04:16:00+00:00,B14,-2162.3,0.0
2025-11-10 04:16:00+00:00,B15,-832.3,0.0
2025-11-10 04:16:00+00:00,B16,-4105.8,0.0
2025-11-10 04:16:00+00:00,B17,-1342.1,0.0
2025-11-10 04:16:00+00:00,B2,-217.7,0.0
2025-11-10 04:16:00+00:00,B3,-122.7,0.0
2025-11-10 04:16:00+00:00,B4,-350.6,0.0
2025-11-10 04:16:00+00:00,B5,-624.0,0.0
2025-11-10 04:16:00+00:00,B6,-1613.4,0.0
2025-11-10 04:16:00+00:00,B7,-2213.4,0.0
2025-11-10 04:16:00+00:00,B8,-5599.5,0.0
2025-11-10 04:16:00+00:00,B9,-7703.4,0.0
2025-11-10 04:16:00+00:00,N,-19374.4,0.0
2025-11-10 03:47:00+00:00,B1,-100.2,0.0
2025-11-10 03:47:00+00:00,B10,-1463.5,0.0
2025-11-10 03:47:00+00:00,B11,-3331.8,0.0
2025-11-10 03:47:00+00:00,B12,-3014.8,0.0
2025-11-10 03:47:00+00:00,B13,-610.0,0.0
2025-11-10 03:47:00+00:00,B14,-2149.3,0.0
2025-11-10 03:47:00+00:00,B15,-828.4,0.0
2025-11-10 03:47:00+00:00,B16,-4101.2,0.0
2025-11-10 03:47:00+00:00,B17,-1334.3,0.0
2025-11-10 03:47:00+00:00,B2,-217.5,0.0
2025-11-10 03:47:00+00:00,B3,-122.1,0.0
2025-11-10 03:47:00+00:00,B4,-350.3,0.0
2025-11-10 03:47:00+00:00,B5,-623.0,0.0
2025-11-10 03:47:00+00:00,B6,-1610.6,0.0
2025-11-10 03:47:00+00:00,B7,-2206.9,0.0
2025-11-10 03:47:00+00:00,B8,-5593.6,0.0
2025-11-10 03:47:00+00:00,B9,-7697.4,0.0
2025-11-10 03:47:00+00:00,N,-19301.3,0.0
2025-11-10 03:16:00+00:00,B1,-95.8,0.0
2025-11-10 03:16:00+00:00,B10,-1456.2,0.0
2025-11-10 03:16:00+00:00,B11,-3318.4,0.0
2025-11-10 03:16:00+00:00,B12,-3008.2,0.0
2025-11-10 03:16:00+00:00,B13,-607.0,0.0
2025-11-10 03:16:00+00:00,B14,-2136.1,0.0
2025-11-10 03:16:00+00:00,B15,-836.5,0.0
2025-11-10 03:16:00+00:00,B16,-4095.0,0.0
2025-11-10 03:16:00+00:00,B17,-1326.4,0.0
2025-11-10 03:16:00+00:00,B2,-212.7,0.0
2025-11-10 03:16:00+00:00,B3,-121.6,0.0
2025-11-10 03:16:00+00:00,B4,-346.7,0.0
2025-11-10 03:16:00+00:00,B5,-618.8,0.0
2025-11-10 03:16:00+00:00,B6,-1604.9,0.0
2025-11-10 03:16:00+00:00,B7,-2198.2,0.0
2025-11-10 03:16:00+00:00,B8,-5586.3,0.0
2025-11-10 03:16:00+00:00,B9,-7689.3,0.0
2025-11-10 03:16:00+00:00,N,-19245.4,0.0
2025-11-10 02:46:00+00:00,B1,-96.5,0.0
2025-11-10 02:46:00+00:00,B10,-1449.0,0.0
2025-11-10 02:46:00+00:00,B11,-3308.7,0.0
2025-11-10 02:46:00+00:00,B12,-2999.4,0.0
2025-11-10 02:46:00+00:00,B13,-604.2,0.0
2025-11-10 02:46:00+00:00,B14,-2123.1,0.0
2025-11-10 02:46:00+00:00,B15,-844.8,0.0
2025-11-10 02:46:00+00:00,B16,-4092.0,0.0
2025-11-10 02:46:00+00:00,B17,-1318.8,0.0
2025-11-10 02:46:00+00:00,B2,-213.0,0.0
2025-11-10 02:46:00+00:00,B3,-121.1,0.0
2025-11-10 02:46:00+00:00,B4,-347.8,0.0
2025-11-10 02:46:00+00:00,B5,-619.3,0.0
2025-11-10 02:46:00+00:00,B6,-1603.2,0.0
2025-11-10 02:46:00+00:00,B7,-2193.2,0.0
2025-11-10 02:46:00+00:00,B8,-5580.7,0.0
2025-11-10 02:46:00+00:00,B9,-7682.9,0.0
2025-11-10 02:46:00+00:00,N,-19192.2,0.0
2025-11-10 02:17:00+00:00,B1,-96.3,0.0
2025-11-10 02:17:00+00:00,B10,-1443.0,0.0
2025-11-10 02:17:00+00:00,B11,-3300.9,0.0
2025-11-10 02:17:00+00:00,B12,-2991.8,0.0
2025-11-10 02:17:00+00:00,B13,-601.8,0.0
2025-11-10 02:17:00+00:00,B14,-2110.1,0.0
2025-11-10 02:17:00+00:00,B15,-848.7,0.0
2025-11-10 02:17:00+00:00,B16,-4090.8,0.0
2025-11-10 02:17:00+00:00,B17,-1312.7,0.0
2025-11-10 02:17:00+00:00,B2,-212.3,0.0
2025-11-10 02:17:00+00:00,B3,-120.6,0.0
2025-11-10 02:17:00+00:00,B4,-346.6,0.0
2025-11-10 02:17:00+00:00,B5,-617.5,0.0
2025-11-10 02:17:00+00:00,B6,-1599.3,0.0
2025-11-10 02:17:00+00:00,B7,-2187.0,0.0
2025-11-10 02:17:00+00:00,B8,-5569.5,0.0
2025-11-10 02:17:00+00:00,B9,-7672.0,0.0
2025-11-10 02:17:00+00:00,N,-19134.6,0.0
2025-11-10 01:47:00+00:00,B1,-96.0,0.0
2025-11-10 01:47:00+00:00,B10,-1437.5,0.0
2025-11-10 01:47:00+00:00,B11,-3288.0,0.0
2025-11-10 01:47:00+00:00,B12,-2984.3,0.0
2025-11-10 01:47:00+00:00,B13,-599.5,0.0
2025-11-10 01:47:00+00:00,B14,-2098.5,0.0
2025-11-10 01:47:00+00:00,B15,-848.3,0.0
2025-11-10 01:47:00+00:00,B16,-4083.9,0.0
2025-11-10 01:47:00+00:00,B17,-1307.0,0.0
2025-11-10 01:47:00+00:00,B2,-211.6,0.0
2025-11-10 01:47:00+00:00,B3,-120.1,0.0
2025-11-10 01:47:00+00:00,B4,-345.4,0.0
2025-11-10 01:47:00+00:00,B5,-615.1,0.0
2025-11-10 01:47:00+00:00,B6,-1593.0,0.0
2025-11-10 01:47:00+00:00,B7,-2177.9,0.0
2025-11-10 01:47:00+00:00,B8,-5560.3,0.0
2025-11-10 01:47:00+00:00,B9,-7663.2,0.0
2025-11-10 01:47:00+00:00,N,-19080.1,0.0
2025-11-10 01:16:00+00:00,B1,-95.4,0.0
2025-11-10 01:16:00+00:00,B10,-1431.5,0.0
2025-11-10 01:16:00+00:00,B11,-3274.0,0.0
2025-11-10 01:16:00+00:00,B12,-2976.5,0.0
2025-11-10 01:16:00+00:00,B13,-597.5,0.0
2025-11-10 01:16:00+00:00,B14,-2087.5,0.0
2025-11-10 01:16:00+00:00,B15,-840.3,0.0
2025-11-10 01:16:00+00:00,B16,-4074.8,0.0
2025-11-10 01:16:00+00:00,B17,-1300.8,0.0
2025-11-10 01:16:00+00:00,B2,-210.3,0.0
2025-11-10 01:16:00+00:00,B3,-119.7,0.0
2025-11-10 01:16:00+00:00,B4,-343.6,0.0
2025-11-10 01:16:00+00:00,B5,-612.2,0.0
2025-11-10 01:16:00+00:00,B6,-1585.5,0.0
2025-11-10 01:16:00+00:00,B7,-2167.8,0.0
2025-11-10 01:16:00+00:00,B8,-5540.3,0.0
2025-11-10 01:16:00+00:00,B9,-7642.0,0.0
2025-11-10 01:16:00+00:00,N,-19008.8,0.0
2025-11-10 00:46:00+00:00,B1,-94.9,0.0
2025-11-10 00:46:00+00:00,B10,-1425.7,0.0
2025-11-10 00:46:00+00:00,B11,-3264.7,0.0
2025-11-10 00:46:00+00:00,B12,-2968.4,0.0
2025-11-10 00:46:00+00:00,B13,-595.2,0.0
2025-11-10 00:46:00+00:00,B14,-2076.5,0.0
2025-11-10 00:46:00+00:00,B15,-828.3,0.0
2025-11-10 00:46:00+00:00,B16,-4070.0,0.0
2025-11-10 00:46:00+00:00,B17,-1294.1,0.0
2025-11-10 00:46:00+00:00,B2,-209.3,0.0
2025-11-10 00:46:00+00:00,B3,-119.3,0.0
2025-11-10 00:46:00+00:00,B4,-341.9,0.0
2025-11-10 00:46:00+00:00,B5,-609.4,0.0
2025-11-10 00:46:00+00:00,B6,-1581.0,0.0
2025-11-10 00:46:00+00:00,B7,-2161.1,0.0
2025-11-10 00:46:00+00:00,B8,-5515.7,0.0
2025-11-10 00:46:00+00:00,B9,-7615.1,0.0
2025-11-10 00:46:00+00:00,N,-18931.2,0.0
2025-11-10 00:16:00+00:00,B1,-93.9,0.0
2025-11-10 00:16:00+00:00,B10,-1420.3,0.0
2025-11-10 00:16:00+00:00,B11,-3253.0,0.0
2025-11-10 00:16:00+00:00,B12,-2960.8,0.0
2025-11-10 00:16:00+00:00,B13,-593.2,0.0
2025-11-10 00:16:00+00:00,B14,-2065.5,0.0
2025-11-10 00:16:00+00:00,B15,-830.8,0.0
2025-11-10 00:16:00+00:00,B16,-4061.7,0.0
2025-11-10 00:16:00+00:00,B17,-1288.3,0.0
2025-11-10 00:16:00+00:00,B2,-207.7,0.0
2025-11-10 00:16:00+00:00,B3,-118.9,0.0
2025-11-10 00:16:00+00:00,B4,-339.9,0.0
2025-11-10 00:16:00+00:00,B5,-606.4,0.0
2025-11-10 00:16:00+00:00,B6,-1575.0,0.0
2025-11-10 00:16:00+00:00,B7,-2152.6,0.0
2025-11-10 00:16:00+00:00,B8,-5490.4,0.0
2025-11-10 00:16:00+00:00,B9,-7587.3,0.0
2025-11-10 00:16:00+00:00,N,-18869.5,0.0
2025-11-09 23:47:00+00:00,B1,-93.0,0.0
2025-11-09 23:47:00+00:00,B10,-1415.7,0.0
2025-11-09 23:47:00+00:00,B11,-3242.7,0.0
2025-11-09 23:47:00+00:00,B12,-2955.7,0.0
2025-11-09 23:47:00+00:00,B13,-591.4,0.0
2025-11-09 23:47:00+00:00,B14,-2057.1,0.0
2025-11-09 23:47:00+00:00,B15,-821.0,0.0
2025-11-09 23:47:00+00:00,B16,-4054.8,0.0
2025-11-09 23:47:00+00:00,B17,-1283.9,0.0
2025-11-09 23:47:00+00:00,B2,-206.3,0.0
2025-11-09 23:47:00+00:00,B3,-118.5,0.0
2025-11-09 23:47:00+00:00,B4,-338.0,0.0
2025-11-09 23:47:00+00:00,B5,-603.5,0.0
2025-11-09 23:47:00+00:00,B6,-1570.6,0.0
2025-11-09 23:47:00+00:00,B7,-2146.2,0.0
2025-11-09 23:47:00+00:00,B8,-5467.1,0.0
2025-11-09 23:47:00+00:00,B9,-7563.1,0.0
2025-11-09 23:47:00+00:00,N,-18802.7,0.0
2025-11-09 23:17:00+00:00,B1,-92.9,0.0
2025-11-09 23:17:00+00:00,B10,-1408.7,0.0
2025-11-09 23:17:00+00:00,B11,-3233.1,0.0
2025-11-09 23:17:00+00:00,B12,-2946.3,0.0
2025-11-09 23:17:00+00:00,B13,-589.7,0.0
2025-11-09 23:17:00+00:00,B14,-2049.3,0.0
2025-11-09 23:17:00+00:00,B15,-811.2,0.0
2025-11-09 23:17:00+00:00,B16,-4044.0,0.0
2025-11-09 23:17:00+00:00,B17,-1279.5,0.0
2025-11-09 23:17:00+00:00,B2,-205.8,0.0
2025-11-09 23:17:00+00:00,B3,-118.3,0.0
2025-11-09 23:17:00+00:00,B4,-337.2,0.0
2025-11-09 23:17:00+00:00,B5,-602.3,0.0
2025-11-09 23:17:00+00:00,B6,-1566.2,0.0
2025-11-09 23:17:00+00:00,B7,-2140.2,0.0
2025-11-09 23:17:00+00:00,B8,-5447.7,0.0
2025-11-09 23:17:00+00:00,B9,-7538.1,0.0
2025-11-09 23:17:00+00:00,N,-18730.8,0.0
2025-11-09 22:46:00+00:00,B1,-92.5,0.0
2025-11-09 22:46:00+00:00,B10,-1405.5,0.0
2025-11-09 22:46:00+00:00,B11,-3225.8,0.0
2025-11-09 22:46:00+00:00,B12,-2940.6,0.0
2025-11-09 22:46:00+00:00,B13,-588.4,0.0
2025-11-09 22:46:00+00:00,B14,-2044.3,0.0
2025-11-09 22:46:00+00:00,B15,-807.6,0.0
2025-11-09 22:46:00+00:00,B16,-4036.8,0.0
2025-11-09 22:46:00+00:00,B17,-1275.0,0.0
2025-11-09 22:46:00+00:00,B2,-205.6,0.0
2025-11-09 22:46:00+00:00,B3,-118.0,0.0
2025-11-09 22:46:00+00:00,B4,-336.6,0.0
2025-11-09 22:46:00+00:00,B5,-601.3,0.0
2025-11-09 22:46:00+00:00,B6,-1563.7,0.0
2025-11-09 22:46:00+00:00,B7,-2136.1,0.0
2025-11-09 22:46:00+00:00,B8,-5434.8,0.0
2025-11-09 22:46:00+00:00,B9,-7520.8,0.0
2025-11-09 22:46:00+00:00,N,-18687.9,0.0
2025-11-09 22:16:00+00:00,B1,-92.3,0.0
2025-11-09 22:16:00+00:00,B10,-1403.4,0.0
2025-11-09 22:16:00+00:00,B11,-3220.7,0.0
2025-11-09 22:16:00+00:00,B12,-2934.5,0.0
2025-11-09 22:16:00+00:00,B13,-587.5,0.0
2025-11-09 22:16:00+00:00,B14,-2040.5,0.0
2025-11-09 22:16:00+00:00,B15,-812.0,0.0
2025-11-09 22:16:00+00:00,B16,-4035.8,0.0
2025-11-09 22:16:00+00:00,B17,-1272.3,0.0
2025-11-09 22:16:00+00:00,B2,-205.0,0.0
2025-11-09 22:16:00+00:00,B3,-117.8,0.0
2025-11-09 22:16:00+00:00,B4,-335.9,0.0
2025-11-09 22:16:00+00:00,B5,-599.9,0.0
2025-11-09 22:16:00+00:00,B6,-1561.1,0.0
2025-11-09 22:16:00+00:00,B7,-2133.2,0.0
2025-11-09 22:16:00+00:00,B8,-5427.2,0.0
2025-11-09 22:16:00+00:00,B9,-7514.6,0.0
2025-11-09 22:16:00+00:00,N,-18664.8,0.0
2025-11-09 21:46:00+00:00,B1,-92.3,0.0
2025-11-09 21:46:00+00:00,B10,-1401.8,0.0
2025-11-09 21:46:00+00:00,B11,-3219.2,0.0
2025-11-09 21:46:00+00:00,B12,-2929.3,0.0
2025-11-09 21:46:00+00:00,B13,-587.0,0.0
2025-11-09 21:46:00+00:00,B14,-2038.5,0.0
2025-11-09 21:46:00+00:00,B15,-820.2,0.0
2025-11-09 21:46:00+00:00,B16,-4039.3,0.0
2025-11-09 21:46:00+00:00,B17,-1270.4,0.0
2025-11-09 21:46:00+00:00,B2,-204.8,0.0
2025-11-09 21:46:00+00:00,B3,-117.5,0.0
2025-11-09 21:46:00+00:00,B4,-335.3,0.0
2025-11-09 21:46:00+00:00,B5,-599.4,0.0
2025-11-09 21:46:00+00:00,B6,-1561.6,0.0
2025-11-09 21:46:00+00:00,B7,-2133.4,0.0
2025-11-09 21:46:00+00:00,B8,-5424.5,0.0
2025-11-09 21:46:00+00:00,B9,-7515.0,0.0
2025-11-09 21:46:00+00:00,N,-18661.8,0.0
2025-11-09 21:17:00+00:00,B1,-92.2,0.0
2025-11-09 21:17:00+00:00,B10,-1401.6,0.0
2025-11-09 21:17:00+00:00,B11,-3217.8,0.0
2025-11-09 21:17:00+00:00,B12,-2928.7,0.0
2025-11-09 21:17:00+00:00,B13,-586.6,0.0
2025-11-09 21:17:00+00:00,B14,-2037.7,0.0
2025-11-09 21:17:00+00:00,B15,-826.0,0.0
2025-11-09 21:17:00+00:00,B16,-4038.2,0.0
2025-11-09 21:17:00+00:00,B17,-1269.3,0.0
2025-11-09 21:17:00+00:00,B2,-204.5,0.0
2025-11-09 21:17:00+00:00,B3,-117.4,0.0
2025-11-09 21:17:00+00:00,B4,-334.9,0.0
2025-11-09 21:17:00+00:00,B5,-598.3,0.0
2025-11-09 21:17:00+00:00,B6,-1560.8,0.0
2025-11-09 21:17:00+00:00,B7,-2132.2,0.0
2025-11-09 21:17:00+00:00,B8,-5426.5,0.0
2025-11-09 21:17:00+00:00,B9,-7516.1,0.0
2025-11-09 21:17:00+00:00,N,-18667.6,0.0
2025-11-09 20:47:00+00:00,B1,-92.1,0.0
2025-11-09 20:47:00+00:00,B10,-1401.5,0.0
2025-11-09 20:47:00+00:00,B11,-3219.8,0.0
2025-11-09 20:47:00+00:00,B12,-2929.6,0.0
2025-11-09 20:47:00+00:00,B13,-586.9,0.0
2025-11-09 20:47:00+00:00,B14,-2037.9,0.0
2025-11-09 20:47:00+00:00,B15,-830.5,0.0
2025-11-09 20:47:00+00:00,B16,-4043.6,0.0
2025-11-09 20:47:00+00:00,B17,-1269.1,0.0
2025-11-09 20:47:00+00:00,B2,-204.5,0.0
2025-11-09 20:47:00+00:00,B3,-117.2,0.0
2025-11-09 20:47:00+00:00,B4,-334.6,0.0
2025-11-09 20:47:00+00:00,B5,-598.5,0.0
2025-11-09 20:47:00+00:00,B6,-1563.5,0.0
2025-11-09 20:47:00+00:00,B7,-2134.7,0.0
2025-11-09 20:47:00+00:00,B8,-5431.9,0.0
2025-11-09 20:47:00+00:00,B9,-7524.6,0.0
2025-11-09 20:47:00+00:00,N,-18687.7,0.0
2025-11-09 20:17:00+00:00,B1,-91.9,0.0
2025-11-09 20:17:00+00:00,B10,-1402.9,0.0
2025-11-09 20:17:00+00:00,B11,-3223.2,0.0
2025-11-09 20:17:00+00:00,B12,-2930.7,0.0
2025-11-09 20:17:00+00:00,B13,-587.5,0.0
2025-11-09 20:17:00+00:00,B14,-2039.2,0.0
2025-11-09 20:17:00+00:00,B15,-836.0,0.0
2025-11-09 20:17:00+00:00,B16,-4049.7,0.0
2025-11-09 20:17:00+00:00,B17,-1269.7,0.0
2025-11-09 20:17:00+00:00,B2,-204.2,0.0
2025-11-09 20:17:00+00:00,B3,-117.1,0.0
2025-11-09 20:17:00+00:00,B4,-334.3,0.0
2025-11-09 20:17:00+00:00,B5,-598.5,0.0
2025-11-09 20:17:00+00:00,B6,-1566.3,0.0
2025-11-09 20:17:00+00:00,B7,-2137.8,0.0
2025-11-09 20:17:00+00:00,B8,-5440.1,0.0
2025-11-09 20:17:00+00:00,B9,-7536.2,0.0
2025-11-09 20:17:00+00:00,N,-18719.3,0.0
2025-11-09 19:47:00+00:00,B1,-91.8,0.0
2025-11-09 19:47:00+00:00,B10,-1405.1,0.0
2025-11-09 19:47:00+00:00,B11,-3227.5,0.0
2025-11-09 19:47:00+00:00,B12,-2933.2,0.0
2025-11-09 19:47:00+00:00,B13,-588.5,0.0
2025-11-09 19:47:00+00:00,B14,-2041.6,0.0
2025-11-09 19:47:00+00:00,B15,-835.8,0.0
2025-11-09 19:47:00+00:00,B16,-4056.6,0.0
2025-11-09 19:47:00+00:00,B17,-1271.0,0.0
2025-11-09 19:47:00+00:00,B2,-204.2,0.0
2025-11-09 19:47:00+00:00,B3,-117.1,0.0
2025-11-09 19:47:00+00:00,B4,-334.2,0.0
2025-11-09 19:47:00+00:00,B5,-598.8,0.0
2025-11-09 19:47:00+00:00,B6,-1569.6,0.0
2025-11-09 19:47:00+00:00,B7,-2141.5,0.0
2025-11-09 19:47:00+00:00,B8,-5450.0,0.0
2025-11-09 19:47:00+00:00,B9,-7550.0,0.0
2025-11-09 19:47:00+00:00,N,-18757.2,0.0
2025-11-09 19:17:00+00:00,B1,-91.8,0.0
2025-11-09 19:17:00+00:00,B10,-1407.6,0.0
2025-11-09 19:17:00+00:00,B11,-3232.7,0.0
2025-11-09 19:17:00+00:00,B12,-2938.2,0.0
2025-11-09 19:17:00+00:00,B13,-589.7,0.0
2025-11-09 19:17:00+00:00,B14,-2044.5,0.0
2025-11-09 19:17:00+00:00,B15,-846.2,0.0
2025-11-09 19:17:00+00:00,B16,-4065.0,0.0
2025-11-09 19:17:00+00:00,B17,-1272.7,0.0
2025-11-09 19:17:00+00:00,B2,-204.2,0.0
2025-11-09 19:17:00+00:00,B3,-117.1,0.0
2025-11-09 19:17:00+00:00,B4,-334.1,0.0
2025-11-09 19:17:00+00:00,B5,-599.5,0.0
2025-11-09 19:17:00+00:00,B6,-1573.4,0.0
