file_path,dno_name,mpan_code,year,band,sheet_name,time_period,min_rate,max_rate,mean_rate,median_rate,count,unit
dno_data_enhanced/MIDE-Schedule-of-charges-and-other-tables-v-1-0-2018-SOLR3.xlsx,National Grid East Midlands,12.0,2018,RED,Annex 1 LV and HV charges,16:00-19:00 (weekdays) (default),1.05,4.29,2.6609090909090907,2.368,22,p/kWh
dno_data_enhanced/MIDE-Schedule-of-charges-and-other-tables-v-1-0-2018-SOLR3.xlsx,National Grid East Midlands,12.0,2018,GREEN,Annex 1 LV and HV charges,"23:00-07:00 (all days), all day (weekends) (default)",1.0,4.29,2.415,2.146,18,p/kWh
dno_data_enhanced/MIDE-Schedule-of-charges-and-other-tables-v-1-0-2018-SOLR3.xlsx,National Grid East Midlands,12.0,2018,RED,Annex 4 LDNO charges,16:00-19:00 (weekdays) (default),0.7,2.81,1.7602631578947368,1.579,19,p/kWh
dno_data_enhanced/MIDE-Schedule-of-charges-and-other-tables-v-1-0-2018-SOLR3.xlsx,National Grid East Midlands,12.0,2018,GREEN,Annex 4 LDNO charges,"23:00-07:00 (all days), all day (weekends) (default)",1.0,2.81,1.8676666666666668,1.431,15,p/kWh
dno_data_enhanced/MIDE-Schedule-of-charges-and-other-tables-v-1-0-2018-SOLR3.xlsx,National Grid East Midlands,12.0,2018,GREEN,Nodal prices,"23:00-07:00 (all days), all day (weekends) (default)",0.7950607253895671,0.7950607253895671,0.7950607253895671,0.7950607253895671,1,p/kWh
dno_data_enhanced/MIDE-Schedule-of-charges-and-other-tables-v-1-0-2018-SOLR3.xlsx,National Grid East Midlands,12.0,2018,RED,SSC TPR unit rate lookup,16:00-19:00 (weekdays) (default),1.0,2.0,1.4745762711864407,1.0,59,p/kWh
dno_data_enhanced/MIDE-Schedule-of-charges-and-other-tables-v-1-0-2018-SOLR3.xlsx,National Grid East Midlands,12.0,2018,GREEN,SSC TPR unit rate lookup,"23:00-07:00 (all days), all day (weekends) (default)",1.0,2.0,1.4610778443113772,1.0,167,p/kWh
dno_data_enhanced/EMEB-2014-15.xlsx,National Grid East Midlands,12.0,2014,RED,EMEB,16:00-19:00 (weekdays) (default),0.956,1.085,1.011077922077922,1.006,308,p/kWh
dno_data_enhanced/EMEB-2014-15.xlsx,National Grid East Midlands,12.0,2014,AMBER,EMEB,"07:00-16:00, 19:00-23:00 (weekdays) (default)",0.97,1.053,1.0114999999999998,1.053,2,p/kWh
dno_data_enhanced/EMEB-2014-15.xlsx,National Grid East Midlands,12.0,2014,GREEN,EMEB,"23:00-07:00 (all days), all day (weekends) (default)",0.961,1.084,1.0075247524752475,1.003,303,p/kWh
dno_data_enhanced/EMEB-Schedule-of-charges-and-other-tables-2015-V1-10.xlsx,National Grid East Midlands,12.0,2015,RED,Annex 1 LV and HV charges,16:00-19:00 (weekdays) (default),0.06,3.0,1.931590909090909,2.429,22,p/kWh
dno_data_enhanced/EMEB-Schedule-of-charges-and-other-tables-2015-V1-10.xlsx,National Grid East Midlands,12.0,2015,GREEN,Annex 1 LV and HV charges,"23:00-07:00 (all days), all day (weekends) (default)",1.0,2.61,1.8784090909090911,2.133,22,p/kWh
dno_data_enhanced/EMEB-Schedule-of-charges-and-other-tables-2015-V1-10.xlsx,National Grid East Midlands,12.0,2015,RED,Annex 4 LDNO charges,16:00-19:00 (weekdays) (default),0.043,2.0,1.3726315789473684,1.723,19,p/kWh
dno_data_enhanced/EMEB-Schedule-of-charges-and-other-tables-2015-V1-10.xlsx,National Grid East Midlands,12.0,2015,GREEN,Annex 4 LDNO charges,"23:00-07:00 (all days), all day (weekends) (default)",1.0,1.85,1.511,1.513,15,p/kWh
dno_data_enhanced/EMEB-Schedule-of-charges-and-other-tables-2015-V1-10.xlsx,National Grid East Midlands,12.0,2015,RED,Annex 5 LLFs,16:00-19:00 (weekdays) (default),1.01,1.06,1.0338333333333334,1.056,6,p/kWh
dno_data_enhanced/EMEB-Schedule-of-charges-and-other-tables-2015-V1-10.xlsx,National Grid East Midlands,12.0,2015,AMBER,Annex 5 LLFs,"07:00-16:00, 19:00-23:00 (weekdays) (default)",1.009,1.011,1.0096666666666667,1.01,6,p/kWh
dno_data_enhanced/EMEB-Schedule-of-charges-and-other-tables-2015-V1-10.xlsx,National Grid East Midlands,12.0,2015,RED,SSC TPR unit rate lookup,16:00-19:00 (weekdays) (default),1.0,2.0,1.469387755102041,1.0,49,p/kWh
dno_data_enhanced/EMEB-Schedule-of-charges-and-other-tables-2015-V1-10.xlsx,National Grid East Midlands,12.0,2015,GREEN,SSC TPR unit rate lookup,"23:00-07:00 (all days), all day (weekends) (default)",1.0,2.0,1.4567901234567902,1.0,162,p/kWh
dno_data_enhanced/EMEB - Schedule of charges and other tables - 2019 V.0.2 SOLR.xlsx,National Grid East Midlands,12.0,2019,RED,Annex 1 LV and HV charges,16:00-19:00 (weekdays) (default),0.898,3.11,2.2043181818181816,2.291,22,p/kWh
dno_data_enhanced/EMEB - Schedule of charges and other tables - 2019 V.0.2 SOLR.xlsx,National Grid East Midlands,12.0,2019,GREEN,Annex 1 LV and HV charges,"23:00-07:00 (all days), all day (weekends) (default)",1.0,3.11,1.9981818181818185,2.06,22,p/kWh
dno_data_enhanced/EMEB - Schedule of charges and other tables - 2019 V.0.2 SOLR.xlsx,National Grid East Midlands,12.0,2019,RED,Annex 4 LDNO charges,16:00-19:00 (weekdays) (default),0.628,2.12,1.5660526315789474,1.603,19,p/kWh
dno_data_enhanced/EMEB - Schedule of charges and other tables - 2019 V.0.2 SOLR.xlsx,National Grid East Midlands,12.0,2019,GREEN,Annex 4 LDNO charges,"23:00-07:00 (all days), all day (weekends) (default)",1.0,2.12,1.595,1.441,15,p/kWh
dno_data_enhanced/EMEB - Schedule of charges and other tables - 2019 V.0.2 SOLR.xlsx,National Grid East Midlands,12.0,2019,RED,Annex 5 LLFs,16:00-19:00 (weekdays) (default),1.011,1.068,1.0187666666666666,1.014,30,p/kWh
dno_data_enhanced/EMEB - Schedule of charges and other tables - 2019 V.0.2 SOLR.xlsx,National Grid East Midlands,12.0,2019,AMBER,Annex 5 LLFs,"07:00-16:00, 19:00-23:00 (weekdays) (default)",1.012,1.091,1.0518333333333334,1.09,6,p/kWh
dno_data_enhanced/EMEB - Schedule of charges and other tables - 2019 V.0.2 SOLR.xlsx,National Grid East Midlands,12.0,2019,GREEN,Annex 5 LLFs,"23:00-07:00 (all days), all day (weekends) (default)",1.012,1.026,1.0143333333333333,1.014,12,p/kWh
dno_data_enhanced/EMEB - Schedule of charges and other tables - 2019 V.0.2 SOLR.xlsx,National Grid East Midlands,12.0,2019,RED,SSC TPR unit rate lookup,16:00-19:00 (weekdays) (default),1.0,2.0,1.4745762711864407,1.0,59,p/kWh
dno_data_enhanced/EMEB - Schedule of charges and other tables - 2019 V.0.2 SOLR.xlsx,National Grid East Midlands,12.0,2019,GREEN,SSC TPR unit rate lookup,"23:00-07:00 (all days), all day (weekends) (default)",1.0,2.0,1.4610778443113772,1.0,167,p/kWh
dno_data_enhanced/EMEB-Schedule of charges and other tables-2021 V.0.2.xlsx,National Grid East Midlands,12.0,2021,RED,"Annex 1 LV, HV and UMS charges",16:00-19:00 (weekdays) (default),0.935,11.0,4.487727272727273,2.0,22,p/kWh
dno_data_enhanced/EMEB-Schedule of charges and other tables-2021 V.0.2.xlsx,National Grid East Midlands,12.0,2021,GREEN,"Annex 1 LV, HV and UMS charges","23:00-07:00 (all days), all day (weekends) (default)",0.935,8.743,3.607521739130435,1.868,23,p/kWh
dno_data_enhanced/EMEB-Schedule of charges and other tables-2021 V.0.2.xlsx,National Grid East Midlands,12.0,2021,RED,Annex 4 LDNO charges,16:00-19:00 (weekdays) (default),0.65,6.075,2.532368421052632,1.298,19,p/kWh
dno_data_enhanced/EMEB-Schedule of charges and other tables-2021 V.0.2.xlsx,National Grid East Midlands,12.0,2021,GREEN,Annex 4 LDNO charges,"23:00-07:00 (all days), all day (weekends) (default)",0.65,6.075,2.520130434782609,1.298,23,p/kWh
dno_data_enhanced/MIDE-Schedule-of-charges-and-other-tables-v-1-0-2016.xlsx,National Grid East Midlands,12.0,2016,RED,Annex 1 LV and HV charges,16:00-19:00 (weekdays) (default),0.067,5.34,2.745227272727273,2.672,22,p/kWh
dno_data_enhanced/MIDE-Schedule-of-charges-and-other-tables-v-1-0-2016.xlsx,National Grid East Midlands,12.0,2016,GREEN,Annex 1 LV and HV charges,"23:00-07:00 (all days), all day (weekends) (default)",1.0,5.34,2.8258333333333336,2.365,18,p/kWh
dno_data_enhanced/MIDE-Schedule-of-charges-and-other-tables-v-1-0-2016.xlsx,National Grid East Midlands,12.0,2016,RED,Annex 4 LDNO charges,16:00-19:00 (weekdays) (default),0.045,4.05,1.969736842105263,1.79,19,p/kWh
dno_data_enhanced/MIDE-Schedule-of-charges-and-other-tables-v-1-0-2016.xlsx,National Grid East Midlands,12.0,2016,GREEN,Annex 4 LDNO charges,"23:00-07:00 (all days), all day (weekends) (default)",1.0,4.05,2.4146666666666667,1.584,15,p/kWh
dno_data_enhanced/MIDE-Schedule-of-charges-and-other-tables-v-1-0-2016.xlsx,National Grid East Midlands,12.0,2016,RED,Annex 5 LLFs,16:00-19:00 (weekdays) (default),1.018,1.023,1.021,1.022,3,p/kWh
dno_data_enhanced/MIDE-Schedule-of-charges-and-other-tables-v-1-0-2016.xlsx,National Grid East Midlands,12.0,2016,GREEN,Annex 5 LLFs,"23:00-07:00 (all days), all day (weekends) (default)",1.003,1.023,1.015,1.018,12,p/kWh
dno_data_enhanced/MIDE-Schedule-of-charges-and-other-tables-v-1-0-2016.xlsx,National Grid East Midlands,12.0,2016,RED,SSC TPR unit rate lookup,16:00-19:00 (weekdays) (default),1.0,2.0,1.4745762711864407,1.0,59,p/kWh
dno_data_enhanced/MIDE-Schedule-of-charges-and-other-tables-v-1-0-2016.xlsx,National Grid East Midlands,12.0,2016,GREEN,SSC TPR unit rate lookup,"23:00-07:00 (all days), all day (weekends) (default)",1.0,2.0,1.4610778443113772,1.0,167,p/kWh
dno_data_enhanced/EMEB-Schedule of charges and other tables-2023 V.0.1 for publishing.xlsx,National Grid East Midlands,12.0,2023,RED,"Annex 1 LV, HV and UMS charges",16:00-19:00 (weekdays) (default),0.124,11.0,4.116388888888888,1.493,18,p/kWh
dno_data_enhanced/EMEB-Schedule of charges and other tables-2023 V.0.1 for publishing.xlsx,National Grid East Midlands,12.0,2023,GREEN,"Annex 1 LV, HV and UMS charges","23:00-07:00 (all days), all day (weekends) (default)",0.124,11.38,4.7304615384615385,4.0,26,p/kWh
dno_data_enhanced/EMEB-Schedule of charges and other tables-2023 V.0.1 for publishing.xlsx,National Grid East Midlands,12.0,2023,RED,Annex 4 LDNO charges,16:00-19:00 (weekdays) (default),0.087,4.613,1.9143333333333337,1.043,15,p/kWh
dno_data_enhanced/EMEB-Schedule of charges and other tables-2023 V.0.1 for publishing.xlsx,National Grid East Midlands,12.0,2023,GREEN,Annex 4 LDNO charges,"23:00-07:00 (all days), all day (weekends) (default)",0.087,8.05,3.3976086956521745,1.043,23,p/kWh
dno_data_enhanced/EMEB-Schedule of charges and other tables-2020 v2.xlsx,National Grid East Midlands,12.0,2020,RED,Annex 1 LV and HV charges,16:00-19:00 (weekdays) (default),0.834,3.35,2.255227272727273,2.339,22,p/kWh
dno_data_enhanced/EMEB-Schedule of charges and other tables-2020 v2.xlsx,National Grid East Midlands,12.0,2020,GREEN,Annex 1 LV and HV charges,"23:00-07:00 (all days), all day (weekends) (default)",1.0,3.35,2.069318181818182,2.085,22,p/kWh
dno_data_enhanced/EMEB-Schedule of charges and other tables-2020 v2.xlsx,National Grid East Midlands,12.0,2020,RED,Annex 4 LDNO charges,16:00-19:00 (weekdays) (default),0.58,2.33,1.615,1.627,19,p/kWh
dno_data_enhanced/EMEB-Schedule of charges and other tables-2020 v2.xlsx,National Grid East Midlands,12.0,2020,GREEN,Annex 4 LDNO charges,"23:00-07:00 (all days), all day (weekends) (default)",1.0,2.33,1.682,1.45,15,p/kWh
dno_data_enhanced/EMEB-Schedule of charges and other tables-2020 v2.xlsx,National Grid East Midlands,12.0,2020,RED,SSC TPR unit rate lookup,16:00-19:00 (weekdays) (default),1.0,2.0,1.4745762711864407,1.0,59,p/kWh
dno_data_enhanced/EMEB-Schedule of charges and other tables-2020 v2.xlsx,National Grid East Midlands,12.0,2020,GREEN,SSC TPR unit rate lookup,"23:00-07:00 (all days), all day (weekends) (default)",1.0,2.0,1.4610778443113772,1.0,167,p/kWh
dno_data_enhanced/EMEB-Schedule of charges and other tables-2022 V.0.1.xlsx,National Grid East Midlands,12.0,2022,RED,"Annex 1 LV, HV and UMS charges",16:00-19:00 (weekdays) (default),0.089,11.0,4.083611111111111,1.209,18,p/kWh
dno_data_enhanced/EMEB-Schedule of charges and other tables-2022 V.0.1.xlsx,National Grid East Midlands,12.0,2022,GREEN,"Annex 1 LV, HV and UMS charges","23:00-07:00 (all days), all day (weekends) (default)",0.089,13.33,5.294913043478261,1.209,23,p/kWh
dno_data_enhanced/EMEB-Schedule of charges and other tables-2022 V.0.1.xlsx,National Grid East Midlands,12.0,2022,RED,Annex 4 LDNO charges,16:00-19:00 (weekdays) (default),0.062,4.742,1.8823333333333332,0.843,15,p/kWh
dno_data_enhanced/EMEB-Schedule of charges and other tables-2022 V.0.1.xlsx,National Grid East Midlands,12.0,2022,GREEN,Annex 4 LDNO charges,"23:00-07:00 (all days), all day (weekends) (default)",0.062,9.31,3.695652173913043,0.843,23,p/kWh
dno_data_enhanced/MIDE - Schedule of charges and other tables- 2025 V.0.1 for publishing.xlsx,National Grid East Midlands,12.0,2025,RED,"Annex 1 LV, HV and UMS charges",16:00-19:00 (weekdays) (default),0.242,34.0,8.934722222222222,1.63,18,p/kWh
dno_data_enhanced/MIDE - Schedule of charges and other tables- 2025 V.0.1 for publishing.xlsx,National Grid East Midlands,12.0,2025,GREEN,"Annex 1 LV, HV and UMS charges","23:00-07:00 (all days), all day (weekends) (default)",0.242,11.93,5.751173913043478,1.63,23,p/kWh
dno_data_enhanced/MIDE - Schedule of charges and other tables- 2025 V.0.1 for publishing.xlsx,National Grid East Midlands,12.0,2025,RED,Annex 4 LDNO charges,16:00-19:00 (weekdays) (default),0.159,6.506,2.579,1.072,15,p/kWh
dno_data_enhanced/MIDE - Schedule of charges and other tables- 2025 V.0.1 for publishing.xlsx,National Grid East Midlands,12.0,2025,GREEN,Annex 4 LDNO charges,"23:00-07:00 (all days), all day (weekends) (default)",0.159,7.84,3.7806956521739137,1.072,23,p/kWh
dno_data_enhanced/EMEB - Schedule of charges and other tables- 2025 V.0.2 for publishing.xlsx,National Grid East Midlands,12.0,2025,RED,"Annex 1 LV, HV and UMS charges",16:00-19:00 (weekdays) (default),0.142,11.0,5.265555555555555,1.943,18,p/kWh
dno_data_enhanced/EMEB - Schedule of charges and other tables- 2025 V.0.2 for publishing.xlsx,National Grid East Midlands,12.0,2025,GREEN,"Annex 1 LV, HV and UMS charges","23:00-07:00 (all days), all day (weekends) (default)",0.142,10.271,5.020217391304348,1.943,23,p/kWh
dno_data_enhanced/EMEB - Schedule of charges and other tables- 2025 V.0.2 for publishing.xlsx,National Grid East Midlands,12.0,2025,RED,Annex 4 LDNO charges,16:00-19:00 (weekdays) (default),0.098,7.101,2.8473333333333333,1.343,15,p/kWh
dno_data_enhanced/EMEB - Schedule of charges and other tables- 2025 V.0.2 for publishing.xlsx,National Grid East Midlands,12.0,2025,GREEN,Annex 4 LDNO charges,"23:00-07:00 (all days), all day (weekends) (default)",0.098,7.101,3.469173913043478,1.343,23,p/kWh
dno_data_enhanced/MIDE-Schedule-of-charges-and-other-tables-v-1-0-2017.xlsx,National Grid East Midlands,12.0,2017,RED,Annex 1 LV and HV charges,16:00-19:00 (weekdays) (default),0.069,4.0,2.4124999999999996,2.646,22,p/kWh
dno_data_enhanced/MIDE-Schedule-of-charges-and-other-tables-v-1-0-2017.xlsx,National Grid East Midlands,12.0,2017,GREEN,Annex 1 LV and HV charges,"23:00-07:00 (all days), all day (weekends) (default)",1.0,3.9,2.3074999999999997,2.227,18,p/kWh
dno_data_enhanced/MIDE-Schedule-of-charges-and-other-tables-v-1-0-2017.xlsx,National Grid East Midlands,12.0,2017,RED,Annex 4 LDNO charges,16:00-19:00 (weekdays) (default),0.046,2.61,1.5860526315789472,1.771,19,p/kWh
dno_data_enhanced/MIDE-Schedule-of-charges-and-other-tables-v-1-0-2017.xlsx,National Grid East Midlands,12.0,2017,GREEN,Annex 4 LDNO charges,"23:00-07:00 (all days), all day (weekends) (default)",1.0,2.61,1.8076666666666663,1.491,15,p/kWh
dno_data_enhanced/MIDE-Schedule-of-charges-and-other-tables-v-1-0-2017.xlsx,National Grid East Midlands,12.0,2017,RED,Annex 5 LLFs,16:00-19:00 (weekdays) (default),1.018,1.023,1.021,1.022,3,p/kWh
dno_data_enhanced/MIDE-Schedule-of-charges-and-other-tables-v-1-0-2017.xlsx,National Grid East Midlands,12.0,2017,GREEN,Annex 5 LLFs,"23:00-07:00 (all days), all day (weekends) (default)",1.003,1.023,1.015,1.018,12,p/kWh
dno_data_enhanced/MIDE-Schedule-of-charges-and-other-tables-v-1-0-2017.xlsx,National Grid East Midlands,12.0,2017,RED,SSC TPR unit rate lookup,16:00-19:00 (weekdays) (default),1.0,2.0,1.4745762711864407,1.0,59,p/kWh
dno_data_enhanced/MIDE-Schedule-of-charges-and-other-tables-v-1-0-2017.xlsx,National Grid East Midlands,12.0,2017,GREEN,SSC TPR unit rate lookup,"23:00-07:00 (all days), all day (weekends) (default)",1.0,2.0,1.4610778443113772,1.0,167,p/kWh
dno_data_enhanced/MIDE-Schedule of charges and other tables-2022 V.0.1.xlsx,National Grid East Midlands,12.0,2022,RED,"Annex 1 LV, HV and UMS charges",16:00-19:00 (weekdays) (default),0.09,34.0,7.628611111111111,0.951,18,p/kWh
dno_data_enhanced/MIDE-Schedule of charges and other tables-2022 V.0.1.xlsx,National Grid East Midlands,12.0,2022,GREEN,"Annex 1 LV, HV and UMS charges","23:00-07:00 (all days), all day (weekends) (default)",0.09,16.39,5.856347826086957,0.951,23,p/kWh
dno_data_enhanced/MIDE-Schedule of charges and other tables-2022 V.0.1.xlsx,National Grid East Midlands,12.0,2022,RED,Annex 4 LDNO charges,16:00-19:00 (weekdays) (default),0.059,3.99,1.5596666666666663,0.63,15,p/kWh
dno_data_enhanced/MIDE-Schedule of charges and other tables-2022 V.0.1.xlsx,National Grid East Midlands,12.0,2022,GREEN,Annex 4 LDNO charges,"23:00-07:00 (all days), all day (weekends) (default)",0.059,10.89,3.888,0.63,23,p/kWh
dno_data_enhanced/EMEB-Schedule-of-charges-and-other-tables-v-1-0-2016.xlsx,National Grid East Midlands,12.0,2016,RED,Annex 1 LV and HV charges,16:00-19:00 (weekdays) (default),0.067,4.4799999999999995,2.3718181818181816,2.489,22,p/kWh
dno_data_enhanced/EMEB-Schedule-of-charges-and-other-tables-v-1-0-2016.xlsx,National Grid East Midlands,12.0,2016,GREEN,Annex 1 LV and HV charges,"23:00-07:00 (all days), all day (weekends) (default)",1.0,4.4799999999999995,2.391363636363636,2.146,22,p/kWh
dno_data_enhanced/EMEB-Schedule-of-charges-and-other-tables-v-1-0-2016.xlsx,National Grid East Midlands,12.0,2016,RED,Annex 4 LDNO charges,16:00-19:00 (weekdays) (default),0.047,3.5599999999999996,1.828157894736842,1.74,19,p/kWh
dno_data_enhanced/EMEB-Schedule-of-charges-and-other-tables-v-1-0-2016.xlsx,National Grid East Midlands,12.0,2016,GREEN,Annex 4 LDNO charges,"23:00-07:00 (all days), all day (weekends) (default)",1.0,3.5599999999999996,2.1906666666666665,1.5,15,p/kWh
dno_data_enhanced/EMEB-Schedule-of-charges-and-other-tables-v-1-0-2016.xlsx,National Grid East Midlands,12.0,2016,RED,Annex 5 LLFs,16:00-19:00 (weekdays) (default),1.01,1.06,1.0220833333333337,1.011,12,p/kWh
dno_data_enhanced/EMEB-Schedule-of-charges-and-other-tables-v-1-0-2016.xlsx,National Grid East Midlands,12.0,2016,AMBER,Annex 5 LLFs,"07:00-16:00, 19:00-23:00 (weekdays) (default)",1.009,1.011,1.0096666666666667,1.01,6,p/kWh
dno_data_enhanced/EMEB-Schedule-of-charges-and-other-tables-v-1-0-2016.xlsx,National Grid East Midlands,12.0,2016,GREEN,Annex 5 LLFs,"23:00-07:00 (all days), all day (weekends) (default)",1.01,1.011,1.0103333333333333,1.01,6,p/kWh
dno_data_enhanced/EMEB-Schedule-of-charges-and-other-tables-v-1-0-2016.xlsx,National Grid East Midlands,12.0,2016,RED,SSC TPR unit rate lookup,16:00-19:00 (weekdays) (default),1.0,2.0,1.4745762711864407,1.0,59,p/kWh
dno_data_enhanced/EMEB-Schedule-of-charges-and-other-tables-v-1-0-2016.xlsx,National Grid East Midlands,12.0,2016,GREEN,SSC TPR unit rate lookup,"23:00-07:00 (all days), all day (weekends) (default)",1.0,2.0,1.4610778443113772,1.0,167,p/kWh
dno_data_enhanced/MIDE-Schedule of charges and other tables-2021 V.0.2.xlsx,National Grid East Midlands,12.0,2021,RED,"Annex 1 LV, HV and UMS charges",16:00-19:00 (weekdays) (default),1.169,34.0,7.449090909090909,2.0,22,p/kWh
dno_data_enhanced/MIDE-Schedule of charges and other tables-2021 V.0.2.xlsx,National Grid East Midlands,12.0,2021,GREEN,"Annex 1 LV, HV and UMS charges","23:00-07:00 (all days), all day (weekends) (default)",1.169,7.704,3.772695652173913,1.903,23,p/kWh
dno_data_enhanced/MIDE-Schedule of charges and other tables-2021 V.0.2.xlsx,National Grid East Midlands,12.0,2021,RED,Annex 4 LDNO charges,16:00-19:00 (weekdays) (default),0.774,5.104,2.299736842105263,1.261,19,p/kWh
dno_data_enhanced/MIDE-Schedule of charges and other tables-2021 V.0.2.xlsx,National Grid East Midlands,12.0,2021,GREEN,Annex 4 LDNO charges,"23:00-07:00 (all days), all day (weekends) (default)",0.774,5.104,2.5169565217391305,1.261,23,p/kWh
dno_data_enhanced/EMEB-Schedule-of-charges-and-other-tables-v-1-0-2018-SOLR3.xlsx,National Grid East Midlands,12.0,2018,RED,Annex 1 LV and HV charges,16:00-19:00 (weekdays) (default),0.807,3.31,2.205,2.185,22,p/kWh
dno_data_enhanced/EMEB-Schedule-of-charges-and-other-tables-v-1-0-2018-SOLR3.xlsx,National Grid East Midlands,12.0,2018,GREEN,Annex 1 LV and HV charges,"23:00-07:00 (all days), all day (weekends) (default)",1.0,3.31,2.029318181818182,1.957,22,p/kWh
dno_data_enhanced/EMEB-Schedule-of-charges-and-other-tables-v-1-0-2018-SOLR3.xlsx,National Grid East Midlands,12.0,2018,RED,Annex 4 LDNO charges,16:00-19:00 (weekdays) (default),0.564,2.26,1.5657894736842106,1.526,19,p/kWh
dno_data_enhanced/EMEB-Schedule-of-charges-and-other-tables-v-1-0-2018-SOLR3.xlsx,National Grid East Midlands,12.0,2018,GREEN,Annex 4 LDNO charges,"23:00-07:00 (all days), all day (weekends) (default)",1.0,2.26,1.6263333333333334,1.367,15,p/kWh
dno_data_enhanced/EMEB-Schedule-of-charges-and-other-tables-v-1-0-2018-SOLR3.xlsx,National Grid East Midlands,12.0,2018,RED,SSC TPR unit rate lookup,16:00-19:00 (weekdays) (default),1.0,2.0,1.4745762711864407,1.0,59,p/kWh
dno_data_enhanced/EMEB-Schedule-of-charges-and-other-tables-v-1-0-2018-SOLR3.xlsx,National Grid East Midlands,12.0,2018,GREEN,SSC TPR unit rate lookup,"23:00-07:00 (all days), all day (weekends) (default)",1.0,2.0,1.4610778443113772,1.0,167,p/kWh
dno_data_enhanced/Copy of EMEB-Schedule of charges and other tables-2024 V.0.1 for publishing.xlsx,National Grid East Midlands,12.0,2024,RED,"Annex 1 LV, HV and UMS charges",16:00-19:00 (weekdays) (default),0.123,11.0,4.143055555555556,1.55,18,p/kWh
dno_data_enhanced/Copy of EMEB-Schedule of charges and other tables-2024 V.0.1 for publishing.xlsx,National Grid East Midlands,12.0,2024,GREEN,"Annex 1 LV, HV and UMS charges","23:00-07:00 (all days), all day (weekends) (default)",0.123,18.91,6.813391304347826,1.55,23,p/kWh
dno_data_enhanced/Copy of EMEB-Schedule of charges and other tables-2024 V.0.1 for publishing.xlsx,National Grid East Midlands,12.0,2024,RED,Annex 4 LDNO charges,16:00-19:00 (weekdays) (default),0.084,4.545,1.8963333333333336,1.06,15,p/kWh
dno_data_enhanced/Copy of EMEB-Schedule of charges and other tables-2024 V.0.1 for publishing.xlsx,National Grid East Midlands,12.0,2024,GREEN,Annex 4 LDNO charges,"23:00-07:00 (all days), all day (weekends) (default)",0.084,13.15,4.716913043478261,1.06,23,p/kWh
dno_data_enhanced/Copy of EMEB-Schedule of charges and other tables-2024 V.0.1 for publishing.xlsx,National Grid East Midlands,12.0,2024,RED,Nodal prices,16:00-19:00 (weekdays) (default),3.044339517870155,3.044339517870155,3.044339517870155,3.044339517870155,1,p/kWh
dno_data_enhanced/Copy of EMEB-Schedule of charges and other tables-2024 V.0.1 for publishing.xlsx,National Grid East Midlands,12.0,2024,GREEN,Nodal prices,"23:00-07:00 (all days), all day (weekends) (default)",4.95069574636514,5.238643687289392,5.094669716827266,5.238643687289392,2,p/kWh
dno_data_enhanced/Copy of EMEB-Schedule of charges and other tables-2024 V.0.1 for publishing.xlsx,National Grid East Midlands,12.0,2024,GREEN,Charge Calculator,"23:00-07:00 (all days), all day (weekends) (default)",6.87,6.87,6.87,6.87,1,p/kWh
dno_data_enhanced/EMEB-Schedule-of-charges-and-other-tables-v-1-0-2017.xlsx,National Grid East Midlands,12.0,2017,RED,Annex 1 LV and HV charges,16:00-19:00 (weekdays) (default),0.068,3.12,2.0670454545454544,2.507,22,p/kWh
dno_data_enhanced/EMEB-Schedule-of-charges-and-other-tables-v-1-0-2017.xlsx,National Grid East Midlands,12.0,2017,GREEN,Annex 1 LV and HV charges,"23:00-07:00 (all days), all day (weekends) (default)",1.0,3.12,2.0029545454545454,2.069,22,p/kWh
dno_data_enhanced/EMEB-Schedule-of-charges-and-other-tables-v-1-0-2017.xlsx,National Grid East Midlands,12.0,2017,RED,Annex 4 LDNO charges,16:00-19:00 (weekdays) (default),0.048,2.18,1.468421052631579,1.752,19,p/kWh
dno_data_enhanced/EMEB-Schedule-of-charges-and-other-tables-v-1-0-2017.xlsx,National Grid East Midlands,12.0,2017,GREEN,Annex 4 LDNO charges,"23:00-07:00 (all days), all day (weekends) (default)",1.0,2.18,1.620666666666667,1.446,15,p/kWh
dno_data_enhanced/EMEB-Schedule-of-charges-and-other-tables-v-1-0-2017.xlsx,National Grid East Midlands,12.0,2017,RED,Annex 5 LLFs,16:00-19:00 (weekdays) (default),1.01,1.06,1.0220833333333337,1.011,12,p/kWh
dno_data_enhanced/EMEB-Schedule-of-charges-and-other-tables-v-1-0-2017.xlsx,National Grid East Midlands,12.0,2017,AMBER,Annex 5 LLFs,"07:00-16:00, 19:00-23:00 (weekdays) (default)",1.009,1.011,1.0096666666666667,1.01,6,p/kWh
dno_data_enhanced/EMEB-Schedule-of-charges-and-other-tables-v-1-0-2017.xlsx,National Grid East Midlands,12.0,2017,GREEN,Annex 5 LLFs,"23:00-07:00 (all days), all day (weekends) (default)",1.01,1.011,1.0103333333333333,1.01,6,p/kWh
dno_data_enhanced/EMEB-Schedule-of-charges-and-other-tables-v-1-0-2017.xlsx,National Grid East Midlands,12.0,2017,RED,SSC TPR unit rate lookup,16:00-19:00 (weekdays) (default),1.0,2.0,1.4745762711864407,1.0,59,p/kWh
dno_data_enhanced/EMEB-Schedule-of-charges-and-other-tables-v-1-0-2017.xlsx,National Grid East Midlands,12.0,2017,GREEN,SSC TPR unit rate lookup,"23:00-07:00 (all days), all day (weekends) (default)",1.0,2.0,1.4610778443113772,1.0,167,p/kWh
dno_data_enhanced/MIDE-2014-15.xlsx,National Grid East Midlands,12.0,2014,RED,MIDE,16:00-19:00 (weekdays) (default),0.996,1.101,1.0098771186440678,1.006,236,p/kWh
dno_data_enhanced/MIDE-2014-15.xlsx,National Grid East Midlands,12.0,2014,GREEN,MIDE,"23:00-07:00 (all days), all day (weekends) (default)",0.993,1.072,1.0068978723404256,1.004,235,p/kWh
dno_data_enhanced/EMEB-Schedule-of-charges-and-other-tables-Apr-2014-Version-10-7-%c2%a35-removed.xlsx,National Grid East Midlands,12.0,2014,RED,Annex 1 LV and HV charges,16:00-19:00 (weekdays) (default),0.043,2.84,1.577,2.0,20,p/kWh
dno_data_enhanced/EMEB-Schedule-of-charges-and-other-tables-Apr-2014-Version-10-7-%c2%a35-removed.xlsx,National Grid East Midlands,12.0,2014,GREEN,Annex 1 LV and HV charges,"23:00-07:00 (all days), all day (weekends) (default)",1.0,2.84,1.7388888888888887,1.4699999999999998,18,p/kWh
dno_data_enhanced/EMEB-Schedule-of-charges-and-other-tables-Apr-2014-Version-10-7-%c2%a35-removed.xlsx,National Grid East Midlands,12.0,2014,RED,Annex 4 LDNO charges,16:00-19:00 (weekdays) (default),0.031,2.02,1.1704166666666669,1.865,24,p/kWh
dno_data_enhanced/EMEB-Schedule-of-charges-and-other-tables-Apr-2014-Version-10-7-%c2%a35-removed.xlsx,National Grid East Midlands,12.0,2014,GREEN,Annex 4 LDNO charges,"23:00-07:00 (all days), all day (weekends) (default)",0.6499999999999999,2.02,1.1806818181818182,1.0,22,p/kWh
dno_data_enhanced/EMEB-Schedule-of-charges-and-other-tables-Apr-2014-Version-10-7-%c2%a35-removed.xlsx,National Grid East Midlands,12.0,2014,RED,Annex 5 LLFs,16:00-19:00 (weekdays) (default),1.012,1.08,1.0358333333333334,1.032,6,p/kWh
dno_data_enhanced/EMEB-Schedule-of-charges-and-other-tables-Apr-2014-Version-10-7-%c2%a35-removed.xlsx,National Grid East Midlands,12.0,2014,AMBER,Annex 5 LLFs,"07:00-16:00, 19:00-23:00 (weekdays) (default)",0.97,1.068,1.0054999999999998,1.001,6,p/kWh
dno_data_enhanced/EMEB-Schedule-of-charges-and-other-tables-Apr-2014-Version-10-7-%c2%a35-removed.xlsx,National Grid East Midlands,12.0,2014,RED,SSC TPR unit rate lookup,16:00-19:00 (weekdays) (default),1.0,2.0,1.4634146341463414,1.0,41,p/kWh
dno_data_enhanced/EMEB-Schedule-of-charges-and-other-tables-Apr-2014-Version-10-7-%c2%a35-removed.xlsx,National Grid East Midlands,12.0,2014,GREEN,SSC TPR unit rate lookup,"23:00-07:00 (all days), all day (weekends) (default)",1.0,2.0,1.4493670886075949,1.0,158,p/kWh
dno_data_enhanced/EMEB - Schedule of charges and other tables- 2026 V.0.1 for publishing.xlsx,National Grid East Midlands,12.0,2026,RED,"Annex 1 LV, HV and UMS charges",16:00-19:00 (weekdays) (default),0.092,11.88,5.586111111111111,1.538,18,p/kWh
dno_data_enhanced/EMEB - Schedule of charges and other tables- 2026 V.0.1 for publishing.xlsx,National Grid East Midlands,12.0,2026,GREEN,"Annex 1 LV, HV and UMS charges","23:00-07:00 (all days), all day (weekends) (default)",0.092,11.88,5.227826086956522,1.538,23,p/kWh
dno_data_enhanced/EMEB - Schedule of charges and other tables- 2026 V.0.1 for publishing.xlsx,National Grid East Midlands,12.0,2026,RED,Annex 4 LDNO charges,16:00-19:00 (weekdays) (default),0.063,8.171,3.097,1.057,15,p/kWh
dno_data_enhanced/EMEB - Schedule of charges and other tables- 2026 V.0.1 for publishing.xlsx,National Grid East Midlands,12.0,2026,GREEN,Annex 4 LDNO charges,"23:00-07:00 (all days), all day (weekends) (default)",0.063,8.171,3.5971739130434783,1.057,23,p/kWh
dno_data_enhanced/MIDE-Schedule of charges and other tables-2023 V.0.1 for publishing.xlsx,National Grid East Midlands,12.0,2023,RED,"Annex 1 LV, HV and UMS charges",16:00-19:00 (weekdays) (default),0.137,34.0,7.848888888888889,1.164,18,p/kWh
dno_data_enhanced/MIDE-Schedule of charges and other tables-2023 V.0.1 for publishing.xlsx,National Grid East Midlands,12.0,2023,GREEN,"Annex 1 LV, HV and UMS charges","23:00-07:00 (all days), all day (weekends) (default)",0.137,14.74,5.609608695652173,1.164,23,p/kWh
dno_data_enhanced/MIDE-Schedule of charges and other tables-2023 V.0.1 for publishing.xlsx,National Grid East Midlands,12.0,2023,RED,Annex 4 LDNO charges,16:00-19:00 (weekdays) (default),0.091,4.341,1.7343333333333333,0.771,15,p/kWh
dno_data_enhanced/MIDE-Schedule of charges and other tables-2023 V.0.1 for publishing.xlsx,National Grid East Midlands,12.0,2023,GREEN,Annex 4 LDNO charges,"23:00-07:00 (all days), all day (weekends) (default)",0.091,9.85,3.738130434782609,0.771,23,p/kWh
dno_data_enhanced/MIDE - Schedule of charges and other tables- 2026 V.0.1 for publishing.xlsx,National Grid East Midlands,12.0,2026,RED,"Annex 1 LV, HV and UMS charges",16:00-19:00 (weekdays) (default),0.194,34.0,9.187777777777775,1.418,18,p/kWh
dno_data_enhanced/MIDE - Schedule of charges and other tables- 2026 V.0.1 for publishing.xlsx,National Grid East Midlands,12.0,2026,GREEN,"Annex 1 LV, HV and UMS charges","23:00-07:00 (all days), all day (weekends) (default)",0.194,13.84,6.436173913043478,1.418,23,p/kWh
dno_data_enhanced/MIDE - Schedule of charges and other tables- 2026 V.0.1 for publishing.xlsx,National Grid East Midlands,12.0,2026,RED,Annex 4 LDNO charges,16:00-19:00 (weekdays) (default),0.128,7.307,2.790666666666666,0.937,15,p/kWh
dno_data_enhanced/MIDE - Schedule of charges and other tables- 2026 V.0.1 for publishing.xlsx,National Grid East Midlands,12.0,2026,GREEN,Annex 4 LDNO charges,"23:00-07:00 (all days), all day (weekends) (default)",0.128,9.14,4.250652173913044,0.937,23,p/kWh
dno_data_enhanced/MIDE - Schedule of charges and other tables- 2026 V.0.1 for publishing.xlsx,National Grid East Midlands,12.0,2026,GREEN,Nodal prices,"23:00-07:00 (all days), all day (weekends) (default)",5.002355642440062,6.391327286803182,5.696841464621622,6.391327286803182,2,p/kWh
dno_data_enhanced/MIDE - Schedule of charges and other tables - 2019 V.0.2 SOLR.xlsx,National Grid East Midlands,12.0,2019,RED,Annex 1 LV and HV charges,16:00-19:00 (weekdays) (default),1.092,4.22,2.6629545454545456,2.405,22,p/kWh
dno_data_enhanced/MIDE - Schedule of charges and other tables - 2019 V.0.2 SOLR.xlsx,National Grid East Midlands,12.0,2019,GREEN,Annex 1 LV and HV charges,"23:00-07:00 (all days), all day (weekends) (default)",1.0,4.22,2.405555555555555,2.196,18,p/kWh
dno_data_enhanced/MIDE - Schedule of charges and other tables - 2019 V.0.2 SOLR.xlsx,National Grid East Midlands,12.0,2019,RED,Annex 4 LDNO charges,16:00-19:00 (weekdays) (default),0.729,2.77,1.7647368421052632,1.607,19,p/kWh
dno_data_enhanced/MIDE - Schedule of charges and other tables - 2019 V.0.2 SOLR.xlsx,National Grid East Midlands,12.0,2019,GREEN,Annex 4 LDNO charges,"23:00-07:00 (all days), all day (weekends) (default)",1.0,2.77,1.8636666666666668,1.467,15,p/kWh
dno_data_enhanced/MIDE - Schedule of charges and other tables - 2019 V.0.2 SOLR.xlsx,National Grid East Midlands,12.0,2019,RED,Annex 5 LLFs,16:00-19:00 (weekdays) (default),1.017,1.022,1.0199999999999998,1.021,3,p/kWh
dno_data_enhanced/MIDE - Schedule of charges and other tables - 2019 V.0.2 SOLR.xlsx,National Grid East Midlands,12.0,2019,GREEN,Annex 5 LLFs,"23:00-07:00 (all days), all day (weekends) (default)",1.002,1.022,1.0158888888888888,1.017,18,p/kWh
dno_data_enhanced/MIDE - Schedule of charges and other tables - 2019 V.0.2 SOLR.xlsx,National Grid East Midlands,12.0,2019,RED,SSC TPR unit rate lookup,16:00-19:00 (weekdays) (default),1.0,2.0,1.4745762711864407,1.0,59,p/kWh
dno_data_enhanced/MIDE - Schedule of charges and other tables - 2019 V.0.2 SOLR.xlsx,National Grid East Midlands,12.0,2019,GREEN,SSC TPR unit rate lookup,"23:00-07:00 (all days), all day (weekends) (default)",1.0,2.0,1.4610778443113772,1.0,167,p/kWh
dno_data_enhanced/MIDE-Schedule-of-charges-and-other-tables-Apr-2014-Version-10-7-%c2%a35-removed.xlsx,National Grid East Midlands,12.0,2014,RED,Annex 1 LV and HV charges,16:00-19:00 (weekdays) (default),0.083,3.64,1.8392500000000005,2.27,20,p/kWh
dno_data_enhanced/MIDE-Schedule-of-charges-and-other-tables-Apr-2014-Version-10-7-%c2%a35-removed.xlsx,National Grid East Midlands,12.0,2014,GREEN,Annex 1 LV and HV charges,"23:00-07:00 (all days), all day (weekends) (default)",1.0,3.64,2.163888888888889,2.27,18,p/kWh
dno_data_enhanced/MIDE-Schedule-of-charges-and-other-tables-Apr-2014-Version-10-7-%c2%a35-removed.xlsx,National Grid East Midlands,12.0,2014,RED,Annex 4 LDNO charges,16:00-19:00 (weekdays) (default),0.057,2.5,1.3706250000000002,1.84,24,p/kWh
dno_data_enhanced/MIDE-Schedule-of-charges-and-other-tables-Apr-2014-Version-10-7-%c2%a35-removed.xlsx,National Grid East Midlands,12.0,2014,GREEN,Annex 4 LDNO charges,"23:00-07:00 (all days), all day (weekends) (default)",1.0,2.5,1.4668181818181816,1.13,22,p/kWh
dno_data_enhanced/MIDE-Schedule-of-charges-and-other-tables-Apr-2014-Version-10-7-%c2%a35-removed.xlsx,National Grid East Midlands,12.0,2014,RED,Annex 5 LLFs,16:00-19:00 (weekdays) (default),1.02,1.027,1.024,1.025,3,p/kWh
dno_data_enhanced/MIDE-Schedule-of-charges-and-other-tables-Apr-2014-Version-10-7-%c2%a35-removed.xlsx,National Grid East Midlands,12.0,2014,GREEN,Annex 5 LLFs,"23:00-07:00 (all days), all day (weekends) (default)",1.0,1.006,1.00325,1.004,12,p/kWh
dno_data_enhanced/MIDE-Schedule-of-charges-and-other-tables-Apr-2014-Version-10-7-%c2%a35-removed.xlsx,National Grid East Midlands,12.0,2014,RED,SSC TPR unit rate lookup,16:00-19:00 (weekdays) (default),1.0,2.0,1.4634146341463414,1.0,41,p/kWh
dno_data_enhanced/MIDE-Schedule-of-charges-and-other-tables-Apr-2014-Version-10-7-%c2%a35-removed.xlsx,National Grid East Midlands,12.0,2014,GREEN,SSC TPR unit rate lookup,"23:00-07:00 (all days), all day (weekends) (default)",1.0,2.0,1.4493670886075949,1.0,158,p/kWh
dno_data_enhanced/MIDE-Schedule-of-charges-and-other-tables-2015-V1-10.xlsx,National Grid East Midlands,12.0,2015,RED,Annex 1 LV and HV charges,16:00-19:00 (weekdays) (default),0.066,4.0,2.258409090909091,2.431,22,p/kWh
dno_data_enhanced/MIDE-Schedule-of-charges-and-other-tables-2015-V1-10.xlsx,National Grid East Midlands,12.0,2015,GREEN,Annex 1 LV and HV charges,"23:00-07:00 (all days), all day (weekends) (default)",1.0,3.44,2.1358333333333333,2.161,18,p/kWh
dno_data_enhanced/MIDE-Schedule-of-charges-and-other-tables-2015-V1-10.xlsx,National Grid East Midlands,12.0,2015,RED,Annex 4 LDNO charges,16:00-19:00 (weekdays) (default),0.045,2.36,1.4931578947368422,1.669,19,p/kWh
dno_data_enhanced/MIDE-Schedule-of-charges-and-other-tables-2015-V1-10.xlsx,National Grid East Midlands,12.0,2015,GREEN,Annex 4 LDNO charges,"23:00-07:00 (all days), all day (weekends) (default)",1.0,2.36,1.7049999999999998,1.483,15,p/kWh
dno_data_enhanced/MIDE-Schedule-of-charges-and-other-tables-2015-V1-10.xlsx,National Grid East Midlands,12.0,2015,RED,Annex 5 LLFs,16:00-19:00 (weekdays) (default),1.018,1.023,1.021,1.022,3,p/kWh
dno_data_enhanced/MIDE-Schedule-of-charges-and-other-tables-2015-V1-10.xlsx,National Grid East Midlands,12.0,2015,GREEN,Annex 5 LLFs,"23:00-07:00 (all days), all day (weekends) (default)",1.003,1.023,1.0133333333333334,1.015,12,p/kWh
dno_data_enhanced/MIDE-Schedule-of-charges-and-other-tables-2015-V1-10.xlsx,National Grid East Midlands,12.0,2015,RED,SSC TPR unit rate lookup,16:00-19:00 (weekdays) (default),1.0,2.0,1.469387755102041,1.0,49,p/kWh
dno_data_enhanced/MIDE-Schedule-of-charges-and-other-tables-2015-V1-10.xlsx,National Grid East Midlands,12.0,2015,GREEN,SSC TPR unit rate lookup,"23:00-07:00 (all days), all day (weekends) (default)",1.0,2.0,1.4567901234567902,1.0,162,p/kWh
dno_data_enhanced/MIDE-Schedule of charges and other tables-2020 v2.xlsx,National Grid East Midlands,12.0,2020,RED,Annex 1 LV and HV charges,16:00-19:00 (weekdays) (default),1.005,4.7,2.7077272727272725,2.209,22,p/kWh
dno_data_enhanced/MIDE-Schedule of charges and other tables-2020 v2.xlsx,National Grid East Midlands,12.0,2020,GREEN,Annex 1 LV and HV charges,"23:00-07:00 (all days), all day (weekends) (default)",1.0,4.7,2.5186111111111114,2.027,18,p/kWh
dno_data_enhanced/MIDE-Schedule of charges and other tables-2020 v2.xlsx,National Grid East Midlands,12.0,2020,RED,Annex 4 LDNO charges,16:00-19:00 (weekdays) (default),0.666,3.12,1.8026315789473684,1.464,19,p/kWh
dno_data_enhanced/MIDE-Schedule of charges and other tables-2020 v2.xlsx,National Grid East Midlands,12.0,2020,GREEN,Annex 4 LDNO charges,"23:00-07:00 (all days), all day (weekends) (default)",1.0,3.12,1.9626666666666668,1.344,15,p/kWh
dno_data_enhanced/MIDE-Schedule of charges and other tables-2020 v2.xlsx,National Grid East Midlands,12.0,2020,RED,SSC TPR unit rate lookup,16:00-19:00 (weekdays) (default),1.0,2.0,1.4745762711864407,1.0,59,p/kWh
dno_data_enhanced/MIDE-Schedule of charges and other tables-2020 v2.xlsx,National Grid East Midlands,12.0,2020,GREEN,SSC TPR unit rate lookup,"23:00-07:00 (all days), all day (weekends) (default)",1.0,2.0,1.4610778443113772,1.0,167,p/kWh
dno_data_enhanced/MIDE-Schedule of charges and other tables-2024 V.0.1 for publishing.xlsx,National Grid East Midlands,12.0,2024,RED,"Annex 1 LV, HV and UMS charges",16:00-19:00 (weekdays) (default),0.155,34.0,7.8525,1.152,18,p/kWh
dno_data_enhanced/MIDE-Schedule of charges and other tables-2024 V.0.1 for publishing.xlsx,National Grid East Midlands,12.0,2024,GREEN,"Annex 1 LV, HV and UMS charges","23:00-07:00 (all days), all day (weekends) (default)",0.155,24.98,8.284,1.152,23,p/kWh
dno_data_enhanced/MIDE-Schedule of charges and other tables-2024 V.0.1 for publishing.xlsx,National Grid East Midlands,12.0,2024,RED,Annex 4 LDNO charges,16:00-19:00 (weekdays) (default),0.101,4.252,1.7,0.747,15,p/kWh
dno_data_enhanced/MIDE-Schedule of charges and other tables-2024 V.0.1 for publishing.xlsx,National Grid East Midlands,12.0,2024,GREEN,Annex 4 LDNO charges,"23:00-07:00 (all days), all day (weekends) (default)",0.101,16.42,5.42904347826087,0.747,23,p/kWh
