file_path,dno_name,mpan_code,year,band,sheet_name,time_period,min_rate,max_rate,mean_rate,median_rate,count,unit
dno_data_enhanced/Northern Powergrid (Northeast) - 2025-26 PCDM Model v0.1.xlsx,Northern Powergrid Northeast,23.0,2025,RED,Fixed inputs,16:00-19:00 (weekdays) (default),1.0,1.0,1.0,1.0,7,p/kWh
dno_data_enhanced/Northern Powergrid (Northeast) - 2025-26 PCDM Model v0.1.xlsx,Northern Powergrid Northeast,23.0,2025,AMBER,Fixed inputs,"07:00-16:00, 19:00-23:00 (weekdays) (default)",1.0,1.0,1.0,1.0,6,p/kWh
dno_data_enhanced/Northern Powergrid (Northeast) - 2025-26 PCDM Model v0.1.xlsx,Northern Powergrid Northeast,23.0,2025,GREEN,Fixed inputs,"23:00-07:00 (all days), all day (weekends) (default)",1.0,1.0,1.0,1.0,5,p/kWh
dno_data_enhanced/Northern Powergrid (Northeast) - 2025-26 PCDM Model v0.1.xlsx,Northern Powergrid Northeast,23.0,2025,RED,DNO inputs,16:00-19:00 (weekdays) (default),7.432,8.4,7.916,8.4,2,p/kWh
dno_data_enhanced/Northern Powergrid (Northeast) - 2025-26 PCDM Model v0.1.xlsx,Northern Powergrid Northeast,23.0,2025,RED,MEAV,16:00-19:00 (weekdays) (default),0.8849588694823903,0.8849588694823903,0.8849588694823903,0.8849588694823903,1,p/kWh
dno_data_enhanced/Northern Powergrid (Northeast) - 2025-26 PCDM Model v0.1.xlsx,Northern Powergrid Northeast,23.0,2025,RED,Capitalised,16:00-19:00 (weekdays) (default),0.8849588694823903,0.8849588694823903,0.8849588694823903,0.8849588694823903,1,p/kWh
dno_data_enhanced/Northern Powergrid (Northeast) - 2025-26 PCDM Model v0.1.xlsx,Northern Powergrid Northeast,23.0,2025,RED,Rev allocation,16:00-19:00 (weekdays) (default),0.0201370692947085,1.0,0.3287542834154596,0.2160349265024103,32,p/kWh
dno_data_enhanced/Northern Powergrid (Northeast) - 2025-26 PCDM Model v0.1.xlsx,Northern Powergrid Northeast,23.0,2025,AMBER,Rev allocation,"07:00-16:00, 19:00-23:00 (weekdays) (default)",0.2135683667826878,1.0,0.4400311492019062,0.2382600734485183,11,p/kWh
dno_data_enhanced/Northern Powergrid (Northeast) - 2025-26 PCDM Model v0.1.xlsx,Northern Powergrid Northeast,23.0,2025,GREEN,Rev allocation,"23:00-07:00 (all days), all day (weekends) (default)",0.1249577932781994,1.0,0.5127367255448104,0.4069195176429565,12,p/kWh
dno_data_enhanced/Northern Powergrid (Northeast) - 2025-26 PCDM Model v0.1.xlsx,Northern Powergrid Northeast,23.0,2025,RED,EDCM discounts,16:00-19:00 (weekdays) (default),0.007236402970938,1.0,0.3483397621218627,0.1056603447212433,14,p/kWh
dno_data_enhanced/Northern Powergrid (Northeast) - 2025-26 PCDM Model v0.1.xlsx,Northern Powergrid Northeast,23.0,2025,AMBER,EDCM discounts,"07:00-16:00, 19:00-23:00 (weekdays) (default)",0.7254501626923034,1.0,0.9138514368118352,0.9797496993602794,24,p/kWh
dno_data_enhanced/Northern Powergrid (Northeast) - 2025-26 PCDM Model v0.1.xlsx,Northern Powergrid Northeast,23.0,2025,GREEN,EDCM discounts,"23:00-07:00 (all days), all day (weekends) (default)",0.3192287115039312,1.0,0.7638903321684983,0.7869756817773566,23,p/kWh
dno_data_enhanced/Northern Powergrid (Northeast) - 2025-26 CDCM Model v0.1.xlsx,Northern Powergrid Northeast,23.0,2025,RED,Inputs by network level,16:00-19:00 (weekdays) (default),0.0171829357833725,1.0,0.4553001666465229,0.2240166126937786,7,p/kWh
dno_data_enhanced/Northern Powergrid (Northeast) - 2025-26 CDCM Model v0.1.xlsx,Northern Powergrid Northeast,23.0,2025,AMBER,Inputs by network level,"07:00-16:00, 19:00-23:00 (weekdays) (default)",0.1209786108303744,1.021,0.4287561674999246,0.34,7,p/kWh
dno_data_enhanced/Northern Powergrid (Northeast) - 2025-26 CDCM Model v0.1.xlsx,Northern Powergrid Northeast,23.0,2025,GREEN,Inputs by network level,"23:00-07:00 (all days), all day (weekends) (default)",0.1209786108303744,1.036,0.4460488620832454,0.5185685915808262,6,p/kWh
dno_data_enhanced/Northern Powergrid (Northeast) - 2025-26 CDCM Model v0.1.xlsx,Northern Powergrid Northeast,23.0,2025,RED,Load & loss characteristics,16:00-19:00 (weekdays) (default),1.072,1.072,1.072,1.072,1,p/kWh
dno_data_enhanced/Northern Powergrid (Northeast) - 2025-26 CDCM Model v0.1.xlsx,Northern Powergrid Northeast,23.0,2025,RED,Pseudo-load coefficients,16:00-19:00 (weekdays) (default),5.927686038136387,5.927686038136387,5.927686038136387,5.927686038136387,1,p/kWh
dno_data_enhanced/Northern Powergrid (Northeast) - 2025-26 CDCM Model v0.1.xlsx,Northern Powergrid Northeast,23.0,2025,GREEN,Pseudo-load coefficients,"23:00-07:00 (all days), all day (weekends) (default)",8.494093093147457,8.494093093147457,8.494093093147457,8.494093093147457,1,p/kWh
dno_data_enhanced/Northern Powergrid (Northeast) - 2025-26 CDCM Model v0.1.xlsx,Northern Powergrid Northeast,23.0,2025,RED,Revenue matching,16:00-19:00 (weekdays) (default),1.0,1.0,1.0,1.0,7,p/kWh
dno_data_enhanced/Northern Powergrid (Northeast) - 2026-27 PCDM Model v0.1.xlsx,Northern Powergrid Northeast,23.0,2026,RED,Fixed inputs,16:00-19:00 (weekdays) (default),1.0,1.0,1.0,1.0,7,p/kWh
dno_data_enhanced/Northern Powergrid (Northeast) - 2026-27 PCDM Model v0.1.xlsx,Northern Powergrid Northeast,23.0,2026,AMBER,Fixed inputs,"07:00-16:00, 19:00-23:00 (weekdays) (default)",1.0,1.0,1.0,1.0,6,p/kWh
dno_data_enhanced/Northern Powergrid (Northeast) - 2026-27 PCDM Model v0.1.xlsx,Northern Powergrid Northeast,23.0,2026,GREEN,Fixed inputs,"23:00-07:00 (all days), all day (weekends) (default)",1.0,1.0,1.0,1.0,5,p/kWh
dno_data_enhanced/Northern Powergrid (Northeast) - 2026-27 PCDM Model v0.1.xlsx,Northern Powergrid Northeast,23.0,2026,RED,DNO inputs,16:00-19:00 (weekdays) (default),7.432,8.4,7.916,8.4,2,p/kWh
dno_data_enhanced/Northern Powergrid (Northeast) - 2026-27 PCDM Model v0.1.xlsx,Northern Powergrid Northeast,23.0,2026,RED,MEAV,16:00-19:00 (weekdays) (default),0.8821000643921629,0.8821000643921629,0.8821000643921629,0.8821000643921629,1,p/kWh
dno_data_enhanced/Northern Powergrid (Northeast) - 2026-27 PCDM Model v0.1.xlsx,Northern Powergrid Northeast,23.0,2026,RED,Capitalised,16:00-19:00 (weekdays) (default),0.8821000643921629,0.8821000643921629,0.8821000643921629,0.8821000643921629,1,p/kWh
dno_data_enhanced/Northern Powergrid (Northeast) - 2026-27 PCDM Model v0.1.xlsx,Northern Powergrid Northeast,23.0,2026,RED,Rev allocation,16:00-19:00 (weekdays) (default),0.0201394423612931,1.0,0.3287543575737904,0.2160349265024103,32,p/kWh
dno_data_enhanced/Northern Powergrid (Northeast) - 2026-27 PCDM Model v0.1.xlsx,Northern Powergrid Northeast,23.0,2026,AMBER,Rev allocation,"07:00-16:00, 19:00-23:00 (weekdays) (default)",0.2141519617188879,1.0,0.4405899708676621,0.2382600734485183,11,p/kWh
dno_data_enhanced/Northern Powergrid (Northeast) - 2026-27 PCDM Model v0.1.xlsx,Northern Powergrid Northeast,23.0,2026,GREEN,Rev allocation,"23:00-07:00 (all days), all day (weekends) (default)",0.1256288292466607,1.0,0.5128173578317564,0.4061388703078358,12,p/kWh
dno_data_enhanced/Northern Powergrid (Northeast) - 2026-27 PCDM Model v0.1.xlsx,Northern Powergrid Northeast,23.0,2026,RED,EDCM discounts,16:00-19:00 (weekdays) (default),0.007245730098631,1.0,0.348341402116726,0.1058894867440427,14,p/kWh
dno_data_enhanced/Northern Powergrid (Northeast) - 2026-27 PCDM Model v0.1.xlsx,Northern Powergrid Northeast,23.0,2026,AMBER,EDCM discounts,"07:00-16:00, 19:00-23:00 (weekdays) (default)",0.7251169212857024,1.0,0.9137541522269856,0.9797442291212444,24,p/kWh
dno_data_enhanced/Northern Powergrid (Northeast) - 2026-27 PCDM Model v0.1.xlsx,Northern Powergrid Northeast,23.0,2026,GREEN,EDCM discounts,"23:00-07:00 (all days), all day (weekends) (default)",0.3200414484629307,1.0,0.764233086068083,0.7871466576411361,23,p/kWh
dno_data_enhanced/Northern Powergrid (Northeast) - 2026-27 CDCM Model v0.1.xlsx,Northern Powergrid Northeast,23.0,2026,RED,Inputs by network level,16:00-19:00 (weekdays) (default),0.0312468270259447,1.0,0.4494901127396707,0.1998948936365413,7,p/kWh
dno_data_enhanced/Northern Powergrid (Northeast) - 2026-27 CDCM Model v0.1.xlsx,Northern Powergrid Northeast,23.0,2026,AMBER,Inputs by network level,"07:00-16:00, 19:00-23:00 (weekdays) (default)",0.0778417054614455,1.024,0.4347644273327059,0.34,7,p/kWh
dno_data_enhanced/Northern Powergrid (Northeast) - 2026-27 CDCM Model v0.1.xlsx,Northern Powergrid Northeast,23.0,2026,GREEN,Inputs by network level,"23:00-07:00 (all days), all day (weekends) (default)",0.0778417054614455,1.04,0.4532251652214902,0.5798279501794078,6,p/kWh
dno_data_enhanced/Northern Powergrid (Northeast) - 2026-27 CDCM Model v0.1.xlsx,Northern Powergrid Northeast,23.0,2026,RED,Load & loss characteristics,16:00-19:00 (weekdays) (default),1.102,1.102,1.102,1.102,1,p/kWh
dno_data_enhanced/Northern Powergrid (Northeast) - 2026-27 CDCM Model v0.1.xlsx,Northern Powergrid Northeast,23.0,2026,RED,Pseudo-load coefficients,16:00-19:00 (weekdays) (default),6.309499959591288,6.309499959591288,6.309499959591288,6.309499959591288,1,p/kWh
dno_data_enhanced/Northern Powergrid (Northeast) - 2026-27 CDCM Model v0.1.xlsx,Northern Powergrid Northeast,23.0,2026,GREEN,Pseudo-load coefficients,"23:00-07:00 (all days), all day (weekends) (default)",8.54632928881902,8.54632928881902,8.54632928881902,8.54632928881902,1,p/kWh
dno_data_enhanced/Northern Powergrid (Northeast) - 2026-27 CDCM Model v0.1.xlsx,Northern Powergrid Northeast,23.0,2026,RED,Revenue matching,16:00-19:00 (weekdays) (default),1.0,1.0,1.0,1.0,7,p/kWh
dno_data_enhanced/Northern Powergrid (Northeast) - 2026-27 Schedule of charges and other tables v0.1.xlsx,Northern Powergrid Northeast,23.0,2026,RED,"Annex 1 LV, HV and UMS charges",16:00-19:00 (weekdays) (default),0.24,11.239,3.8897368421052634,1.702,19,p/kWh
dno_data_enhanced/Northern Powergrid (Northeast) - 2026-27 Schedule of charges and other tables v0.1.xlsx,Northern Powergrid Northeast,23.0,2026,GREEN,"Annex 1 LV, HV and UMS charges","23:00-07:00 (all days), all day (weekends) (default)",0.24,17.97,7.637695652173913,1.702,23,p/kWh
dno_data_enhanced/Northern Powergrid (Northeast) - 2026-27 Schedule of charges and other tables v0.1.xlsx,Northern Powergrid Northeast,23.0,2026,RED,Annex 4 LDNO charges,16:00-19:00 (weekdays) (default),0.141,6.631,2.467368421052632,1.004,19,p/kWh
dno_data_enhanced/Northern Powergrid (Northeast) - 2026-27 Schedule of charges and other tables v0.1.xlsx,Northern Powergrid Northeast,23.0,2026,GREEN,Annex 4 LDNO charges,"23:00-07:00 (all days), all day (weekends) (default)",0.141,10.6,4.505434782608695,1.004,23,p/kWh
dno_data_enhanced/Northern Powergrid (Northeast) - 2026-27 Schedule of charges and other tables v0.1.xlsx,Northern Powergrid Northeast,23.0,2026,RED,Nodal prices,16:00-19:00 (weekdays) (default),0.194564093379,0.496940828306,0.3457524608425,0.496940828306,2,p/kWh
dno_data_enhanced/Northern Powergrid (Northeast) - 2026-27 Schedule of charges and other tables v0.1.xlsx,Northern Powergrid Northeast,23.0,2026,AMBER,Nodal prices,"07:00-16:00, 19:00-23:00 (weekdays) (default)",0.603009691752,0.78045220879,0.6917309502710001,0.78045220879,2,p/kWh
dno_data_enhanced/Northern Powergrid (Northeast) - 2026-27 Schedule of charges and other tables v0.1.xlsx,Northern Powergrid Northeast,23.0,2026,GREEN,Nodal prices,"23:00-07:00 (all days), all day (weekends) (default)",0.0061693459713,1.83079724027,0.3679462217924666,0.0911329321766,6,p/kWh
dno_data_enhanced/Northern Powergrid (Northeast) - 2024-25 PCDM Model v0.1.xlsx,Northern Powergrid Northeast,23.0,2024,RED,Fixed inputs,16:00-19:00 (weekdays) (default),1.0,1.0,1.0,1.0,7,p/kWh
dno_data_enhanced/Northern Powergrid (Northeast) - 2024-25 PCDM Model v0.1.xlsx,Northern Powergrid Northeast,23.0,2024,AMBER,Fixed inputs,"07:00-16:00, 19:00-23:00 (weekdays) (default)",1.0,1.0,1.0,1.0,6,p/kWh
dno_data_enhanced/Northern Powergrid (Northeast) - 2024-25 PCDM Model v0.1.xlsx,Northern Powergrid Northeast,23.0,2024,GREEN,Fixed inputs,"23:00-07:00 (all days), all day (weekends) (default)",1.0,1.0,1.0,1.0,5,p/kWh
dno_data_enhanced/Northern Powergrid (Northeast) - 2024-25 PCDM Model v0.1.xlsx,Northern Powergrid Northeast,23.0,2024,RED,DNO inputs,16:00-19:00 (weekdays) (default),7.432,8.4,7.916,8.4,2,p/kWh
dno_data_enhanced/Northern Powergrid (Northeast) - 2024-25 PCDM Model v0.1.xlsx,Northern Powergrid Northeast,23.0,2024,RED,MEAV,16:00-19:00 (weekdays) (default),0.8825232623807912,0.8825232623807912,0.8825232623807912,0.8825232623807912,1,p/kWh
dno_data_enhanced/Northern Powergrid (Northeast) - 2024-25 PCDM Model v0.1.xlsx,Northern Powergrid Northeast,23.0,2024,RED,Capitalised,16:00-19:00 (weekdays) (default),0.8825232623807912,0.8825232623807912,0.8825232623807912,0.8825232623807912,1,p/kWh
dno_data_enhanced/Northern Powergrid (Northeast) - 2024-25 PCDM Model v0.1.xlsx,Northern Powergrid Northeast,23.0,2024,RED,Rev allocation,16:00-19:00 (weekdays) (default),0.0201064135442202,1.0,0.3287533254232568,0.2160349265024103,32,p/kWh
dno_data_enhanced/Northern Powergrid (Northeast) - 2024-25 PCDM Model v0.1.xlsx,Northern Powergrid Northeast,23.0,2024,AMBER,Rev allocation,"07:00-16:00, 19:00-23:00 (weekdays) (default)",0.2104736524875005,1.0,0.4374978197947136,0.2382600734485183,11,p/kWh
dno_data_enhanced/Northern Powergrid (Northeast) - 2024-25 PCDM Model v0.1.xlsx,Northern Powergrid Northeast,23.0,2024,GREEN,Rev allocation,"23:00-07:00 (all days), all day (weekends) (default)",0.1203930099511558,1.0,0.5112952871131152,0.4062545615765401,12,p/kWh
dno_data_enhanced/Northern Powergrid (Northeast) - 2024-25 PCDM Model v0.1.xlsx,Northern Powergrid Northeast,23.0,2024,RED,EDCM discounts,16:00-19:00 (weekdays) (default),0.0071869426456096,1.0,0.3483310654810377,0.1044452397749895,14,p/kWh
dno_data_enhanced/Northern Powergrid (Northeast) - 2024-25 PCDM Model v0.1.xlsx,Northern Powergrid Northeast,23.0,2024,AMBER,EDCM discounts,"07:00-16:00, 19:00-23:00 (weekdays) (default)",0.7272172906791761,1.0,0.9143673220204968,0.9797787071975472,24,p/kWh
dno_data_enhanced/Northern Powergrid (Northeast) - 2024-25 PCDM Model v0.1.xlsx,Northern Powergrid Northeast,23.0,2024,GREEN,EDCM discounts,"23:00-07:00 (all days), all day (weekends) (default)",0.3149188922624901,1.0,0.7620676471083542,0.7860578800885369,23,p/kWh
dno_data_enhanced/Northern Powergrid (Northeast) - 2023-24 PCDM Model v0.1.xlsx,Northern Powergrid Northeast,23.0,2023,RED,Fixed inputs,16:00-19:00 (weekdays) (default),1.0,1.0,1.0,1.0,7,p/kWh
dno_data_enhanced/Northern Powergrid (Northeast) - 2023-24 PCDM Model v0.1.xlsx,Northern Powergrid Northeast,23.0,2023,AMBER,Fixed inputs,"07:00-16:00, 19:00-23:00 (weekdays) (default)",1.0,1.0,1.0,1.0,6,p/kWh
dno_data_enhanced/Northern Powergrid (Northeast) - 2023-24 PCDM Model v0.1.xlsx,Northern Powergrid Northeast,23.0,2023,GREEN,Fixed inputs,"23:00-07:00 (all days), all day (weekends) (default)",1.0,1.0,1.0,1.0,5,p/kWh
dno_data_enhanced/Northern Powergrid (Northeast) - 2023-24 PCDM Model v0.1.xlsx,Northern Powergrid Northeast,23.0,2023,RED,DNO inputs,16:00-19:00 (weekdays) (default),7.432,8.4,7.916,8.4,2,p/kWh
dno_data_enhanced/Northern Powergrid (Northeast) - 2023-24 PCDM Model v0.1.xlsx,Northern Powergrid Northeast,23.0,2023,RED,MEAV,16:00-19:00 (weekdays) (default),0.893014592009762,0.893014592009762,0.893014592009762,0.893014592009762,1,p/kWh
dno_data_enhanced/Northern Powergrid (Northeast) - 2023-24 PCDM Model v0.1.xlsx,Northern Powergrid Northeast,23.0,2023,RED,Capitalised,16:00-19:00 (weekdays) (default),0.893014592009762,0.893014592009762,0.893014592009762,0.893014592009762,1,p/kWh
dno_data_enhanced/Northern Powergrid (Northeast) - 2023-24 PCDM Model v0.1.xlsx,Northern Powergrid Northeast,23.0,2023,RED,Rev allocation,16:00-19:00 (weekdays) (default),0.0201700664002784,1.0,0.3287553145750087,0.2162824014504158,32,p/kWh
dno_data_enhanced/Northern Powergrid (Northeast) - 2023-24 PCDM Model v0.1.xlsx,Northern Powergrid Northeast,23.0,2023,AMBER,Rev allocation,"07:00-16:00, 19:00-23:00 (weekdays) (default)",0.2162824014504158,1.0,0.4421024428646401,0.2415010791176434,11,p/kWh
dno_data_enhanced/Northern Powergrid (Northeast) - 2023-24 PCDM Model v0.1.xlsx,Northern Powergrid Northeast,23.0,2023,GREEN,Rev allocation,"23:00-07:00 (all days), all day (weekends) (default)",0.1293041999766233,1.0,0.5143397112328177,0.4091082761185067,12,p/kWh
dno_data_enhanced/Northern Powergrid (Northeast) - 2023-24 PCDM Model v0.1.xlsx,Northern Powergrid Northeast,23.0,2023,RED,EDCM discounts,16:00-19:00 (weekdays) (default),0.0072797792004746,1.0,0.34834738899221,0.1067259800705838,14,p/kWh
dno_data_enhanced/Northern Powergrid (Northeast) - 2023-24 PCDM Model v0.1.xlsx,Northern Powergrid Northeast,23.0,2023,AMBER,EDCM discounts,"07:00-16:00, 19:00-23:00 (weekdays) (default)",0.7239004084464451,1.0,0.9133990104463212,0.9797242597660322,24,p/kWh
dno_data_enhanced/Northern Powergrid (Northeast) - 2023-24 PCDM Model v0.1.xlsx,Northern Powergrid Northeast,23.0,2023,GREEN,EDCM discounts,"23:00-07:00 (all days), all day (weekends) (default)",0.3230083815209997,1.0,0.7654817766313741,0.7877652605375068,23,p/kWh
dno_data_enhanced/Northern Powergrid (Northeast) - 2024-25 CDCM Model v0.1.xlsx,Northern Powergrid Northeast,23.0,2024,RED,Inputs by network level,16:00-19:00 (weekdays) (default),0.0200348446697582,1.0,0.4633205548422798,0.2497490502377356,7,p/kWh
dno_data_enhanced/Northern Powergrid (Northeast) - 2024-25 CDCM Model v0.1.xlsx,Northern Powergrid Northeast,23.0,2024,AMBER,Inputs by network level,"07:00-16:00, 19:00-23:00 (weekdays) (default)",0.001,1.004,0.2782968901046913,0.1197582034553575,11,p/kWh
dno_data_enhanced/Northern Powergrid (Northeast) - 2024-25 CDCM Model v0.1.xlsx,Northern Powergrid Northeast,23.0,2024,GREEN,Inputs by network level,"23:00-07:00 (all days), all day (weekends) (default)",0.002,1.006,0.2807274393039859,0.1342148716879077,10,p/kWh
dno_data_enhanced/Northern Powergrid (Northeast) - 2024-25 CDCM Model v0.1.xlsx,Northern Powergrid Northeast,23.0,2024,RED,Load & loss characteristics,16:00-19:00 (weekdays) (default),1.092,1.092,1.092,1.092,1,p/kWh
dno_data_enhanced/Northern Powergrid (Northeast) - 2024-25 CDCM Model v0.1.xlsx,Northern Powergrid Northeast,23.0,2024,RED,Customer contributions,16:00-19:00 (weekdays) (default),0.001,1.0,0.1679166666666667,0.001,24,p/kWh
dno_data_enhanced/Northern Powergrid (Northeast) - 2024-25 CDCM Model v0.1.xlsx,Northern Powergrid Northeast,23.0,2024,AMBER,Customer contributions,"07:00-16:00, 19:00-23:00 (weekdays) (default)",0.002,1.0,0.3158620689655173,0.002,29,p/kWh
dno_data_enhanced/Northern Powergrid (Northeast) - 2024-25 CDCM Model v0.1.xlsx,Northern Powergrid Northeast,23.0,2024,GREEN,Customer contributions,"23:00-07:00 (all days), all day (weekends) (default)",0.031,0.087,0.045,0.031,20,p/kWh
dno_data_enhanced/Northern Powergrid (Northeast) - 2024-25 CDCM Model v0.1.xlsx,Northern Powergrid Northeast,23.0,2024,RED,Pseudo-load coefficients,16:00-19:00 (weekdays) (default),6.145884427084702,6.145884427084702,6.145884427084702,6.145884427084702,1,p/kWh
dno_data_enhanced/Northern Powergrid (Northeast) - 2024-25 CDCM Model v0.1.xlsx,Northern Powergrid Northeast,23.0,2024,GREEN,Pseudo-load coefficients,"23:00-07:00 (all days), all day (weekends) (default)",8.44326761426494,8.44326761426494,8.44326761426494,8.44326761426494,1,p/kWh
dno_data_enhanced/Northern Powergrid (Northeast) - 2024-25 CDCM Model v0.1.xlsx,Northern Powergrid Northeast,23.0,2024,RED,Revenue matching,16:00-19:00 (weekdays) (default),1.0,1.0,1.0,1.0,7,p/kWh
dno_data_enhanced/Northern Powergrid (Northeast) - 2025-26 Schedule of charges and other tables v0.2.xlsx,Northern Powergrid Northeast,23.0,2025,RED,"Annex 1 LV, HV and UMS charges",16:00-19:00 (weekdays) (default),0.311,9.568,3.4392105263157893,1.59,19,p/kWh
dno_data_enhanced/Northern Powergrid (Northeast) - 2025-26 Schedule of charges and other tables v0.2.xlsx,Northern Powergrid Northeast,23.0,2025,GREEN,"Annex 1 LV, HV and UMS charges","23:00-07:00 (all days), all day (weekends) (default)",0.311,18.12,7.302869565217391,1.59,23,p/kWh
dno_data_enhanced/Northern Powergrid (Northeast) - 2025-26 Schedule of charges and other tables v0.2.xlsx,Northern Powergrid Northeast,23.0,2025,RED,Annex 4 LDNO charges,16:00-19:00 (weekdays) (default),0.183,5.635,2.198421052631579,0.936,19,p/kWh
dno_data_enhanced/Northern Powergrid (Northeast) - 2025-26 Schedule of charges and other tables v0.2.xlsx,Northern Powergrid Northeast,23.0,2025,GREEN,Annex 4 LDNO charges,"23:00-07:00 (all days), all day (weekends) (default)",0.183,10.67,4.3003913043478255,0.936,23,p/kWh
dno_data_enhanced/Northern Powergrid (Northeast) - 2025-26 Schedule of charges and other tables v0.2.xlsx,Northern Powergrid Northeast,23.0,2025,RED,Annex 5 LLFs,16:00-19:00 (weekdays) (default),0.945,1.234,1.0202123893805308,1.01,113,p/kWh
dno_data_enhanced/Northern Powergrid (Northeast) - 2025-26 Schedule of charges and other tables v0.2.xlsx,Northern Powergrid Northeast,23.0,2025,AMBER,Annex 5 LLFs,"07:00-16:00, 19:00-23:00 (weekdays) (default)",0.95,1.197,1.0163805309734513,1.009,113,p/kWh
dno_data_enhanced/Northern Powergrid (Northeast) - 2025-26 Schedule of charges and other tables v0.2.xlsx,Northern Powergrid Northeast,23.0,2025,GREEN,Annex 5 LLFs,"23:00-07:00 (all days), all day (weekends) (default)",0.957,1.145,1.0160442477876106,1.007,113,p/kWh
dno_data_enhanced/Northern Powergrid (Northeast) - 2025-26 Schedule of charges and other tables v0.2.xlsx,Northern Powergrid Northeast,23.0,2025,RED,Nodal prices,16:00-19:00 (weekdays) (default),0.143846304156,0.392229431017,0.2680378675865,0.392229431017,2,p/kWh
dno_data_enhanced/Northern Powergrid (Northeast) - 2025-26 Schedule of charges and other tables v0.2.xlsx,Northern Powergrid Northeast,23.0,2025,AMBER,Nodal prices,"07:00-16:00, 19:00-23:00 (weekdays) (default)",0.122955710411,0.15745271273,0.1402042115705,0.15745271273,2,p/kWh
dno_data_enhanced/Northern Powergrid (Northeast) - 2025-26 Schedule of charges and other tables v0.2.xlsx,Northern Powergrid Northeast,23.0,2025,GREEN,Nodal prices,"23:00-07:00 (all days), all day (weekends) (default)",0.0673990798266,1.96336129494,0.5988844044071501,0.243613174082,4,p/kWh
dno_data_enhanced/Northern Powergrid (Northeast) - 2023-24 CDCM Model v0.2.xlsx,Northern Powergrid Northeast,23.0,2023,RED,Inputs by network level,16:00-19:00 (weekdays) (default),0.010396435741923,1.0,0.4680342608475288,0.2329859315108876,7,p/kWh
dno_data_enhanced/Northern Powergrid (Northeast) - 2023-24 CDCM Model v0.2.xlsx,Northern Powergrid Northeast,23.0,2023,AMBER,Inputs by network level,"07:00-16:00, 19:00-23:00 (weekdays) (default)",0.001,1.004,0.282076319431092,0.1506470676714619,11,p/kWh
dno_data_enhanced/Northern Powergrid (Northeast) - 2023-24 CDCM Model v0.2.xlsx,Northern Powergrid Northeast,23.0,2023,GREEN,Inputs by network level,"23:00-07:00 (all days), all day (weekends) (default)",0.002,1.006,0.2850362872185389,0.124214722783911,10,p/kWh
dno_data_enhanced/Northern Powergrid (Northeast) - 2023-24 CDCM Model v0.2.xlsx,Northern Powergrid Northeast,23.0,2023,RED,Load & loss characteristics,16:00-19:00 (weekdays) (default),1.083,1.083,1.083,1.083,1,p/kWh
dno_data_enhanced/Northern Powergrid (Northeast) - 2023-24 CDCM Model v0.2.xlsx,Northern Powergrid Northeast,23.0,2023,RED,Customer contributions,16:00-19:00 (weekdays) (default),0.001,1.0,0.1679166666666667,0.001,24,p/kWh
dno_data_enhanced/Northern Powergrid (Northeast) - 2023-24 CDCM Model v0.2.xlsx,Northern Powergrid Northeast,23.0,2023,AMBER,Customer contributions,"07:00-16:00, 19:00-23:00 (weekdays) (default)",0.002,1.0,0.3158620689655173,0.002,29,p/kWh
dno_data_enhanced/Northern Powergrid (Northeast) - 2023-24 CDCM Model v0.2.xlsx,Northern Powergrid Northeast,23.0,2023,GREEN,Customer contributions,"23:00-07:00 (all days), all day (weekends) (default)",0.031,0.087,0.045,0.031,20,p/kWh
dno_data_enhanced/Northern Powergrid (Northeast) - 2023-24 CDCM Model v0.2.xlsx,Northern Powergrid Northeast,23.0,2023,RED,Pseudo-load coefficients,16:00-19:00 (weekdays) (default),6.8355509578532,6.8355509578532,6.8355509578532,6.8355509578532,1,p/kWh
dno_data_enhanced/Northern Powergrid (Northeast) - 2023-24 CDCM Model v0.2.xlsx,Northern Powergrid Northeast,23.0,2023,GREEN,Pseudo-load coefficients,"23:00-07:00 (all days), all day (weekends) (default)",8.681112168549276,8.681112168549276,8.681112168549276,8.681112168549276,1,p/kWh
dno_data_enhanced/Northern Powergrid (Northeast) - 2023-24 CDCM Model v0.2.xlsx,Northern Powergrid Northeast,23.0,2023,RED,Revenue matching,16:00-19:00 (weekdays) (default),1.0,1.0,1.0,1.0,7,p/kWh
dno_data_enhanced/ED2 PCFM NPgN 20241223.xlsx,Northern Powergrid Northeast,23.0,2024,RED,SelectedInputs,16:00-19:00 (weekdays) (default),0.0115,45.0,8.191271858525122,0.73,17,p/kWh
dno_data_enhanced/ED2 PCFM NPgN 20241223.xlsx,Northern Powergrid Northeast,23.0,2024,AMBER,SelectedInputs,"07:00-16:00, 19:00-23:00 (weekdays) (default)",20.0,33.3,25.855208060030435,24.265624180091308,3,p/kWh
dno_data_enhanced/ED2 PCFM NPgN 20241223.xlsx,Northern Powergrid Northeast,23.0,2024,GREEN,SelectedInputs,"23:00-07:00 (all days), all day (weekends) (default)",0.8725212464589235,33.3,21.499686350684563,31.826224156279338,4,p/kWh
dno_data_enhanced/ED2 PCFM NPgN 20241223.xlsx,Northern Powergrid Northeast,23.0,2024,RED,InputSummary,16:00-19:00 (weekdays) (default),0.0115,45.0,6.412056152642768,0.9,17,p/kWh
dno_data_enhanced/ED2 PCFM NPgN 20241223.xlsx,Northern Powergrid Northeast,23.0,2024,AMBER,InputSummary,"07:00-16:00, 19:00-23:00 (weekdays) (default)",0.0133845309928688,33.3,7.941576127783464,0.6294050991501415,7,p/kWh
dno_data_enhanced/ED2 PCFM NPgN 20241223.xlsx,Northern Powergrid Northeast,23.0,2024,GREEN,InputSummary,"23:00-07:00 (all days), all day (weekends) (default)",0.0149399155569989,33.3,7.94787217458142,0.6494617563739377,7,p/kWh
dno_data_enhanced/ED2 PCFM NPgN 20241223.xlsx,Northern Powergrid Northeast,23.0,2024,RED,Legacy,16:00-19:00 (weekdays) (default),0.01605385,10.92761890233416,2.26719591604652,1.1974314467848666,35,p/kWh
dno_data_enhanced/ED2 PCFM NPgN 20241223.xlsx,Northern Powergrid Northeast,23.0,2024,AMBER,Legacy,"07:00-16:00, 19:00-23:00 (weekdays) (default)",0.0413701832,33.143241726016555,3.843688734233443,1.3719750170526188,31,p/kWh
dno_data_enhanced/ED2 PCFM NPgN 20241223.xlsx,Northern Powergrid Northeast,23.0,2024,GREEN,Legacy,"23:00-07:00 (all days), all day (weekends) (default)",0.0409301584,2.110642632709192,1.190274948414462,1.296515960730474,10,p/kWh
dno_data_enhanced/ED2 PCFM NPgN 20241223.xlsx,Northern Powergrid Northeast,23.0,2024,RED,Totex,16:00-19:00 (weekdays) (default),0.0073691932467225,36.65886775289015,11.640151810353387,6.082792343682665,35,p/kWh
dno_data_enhanced/ED2 PCFM NPgN 20241223.xlsx,Northern Powergrid Northeast,23.0,2024,AMBER,Totex,"07:00-16:00, 19:00-23:00 (weekdays) (default)",0.1152775223512956,31.749633573807003,13.140712249559009,6.390425774469485,33,p/kWh
dno_data_enhanced/ED2 PCFM NPgN 20241223.xlsx,Northern Powergrid Northeast,23.0,2024,GREEN,Totex,"23:00-07:00 (all days), all day (weekends) (default)",1.0,33.53951475260717,14.421528427824567,8.900618096556766,33,p/kWh
dno_data_enhanced/ED2 PCFM NPgN 20241223.xlsx,Northern Powergrid Northeast,23.0,2024,RED,TIM,16:00-19:00 (weekdays) (default),0.499,0.501,0.5,0.501,4,p/kWh
dno_data_enhanced/ED2 PCFM NPgN 20241223.xlsx,Northern Powergrid Northeast,23.0,2024,AMBER,TIM,"07:00-16:00, 19:00-23:00 (weekdays) (default)",0.501,32.06239647825926,11.668469726566594,4.694905173188366,17,p/kWh
dno_data_enhanced/ED2 PCFM NPgN 20241223.xlsx,Northern Powergrid Northeast,23.0,2024,GREEN,TIM,"23:00-07:00 (all days), all day (weekends) (default)",0.501,33.55278688259744,11.89983280723789,4.914012473226162,17,p/kWh
dno_data_enhanced/ED2 PCFM NPgN 20241223.xlsx,Northern Powergrid Northeast,23.0,2024,RED,Annual Inflation,16:00-19:00 (weekdays) (default),0.0155592894707972,1.50334712603879,0.4949384988243163,0.0258846368797245,11,p/kWh
dno_data_enhanced/ED2 PCFM NPgN 20241223.xlsx,Northern Powergrid Northeast,23.0,2024,AMBER,Annual Inflation,"07:00-16:00, 19:00-23:00 (weekdays) (default)",0.0080067749634311,4.0452569031158125,0.8839285599984987,0.0213882457030804,11,p/kWh
dno_data_enhanced/ED2 PCFM NPgN 20241223.xlsx,Northern Powergrid Northeast,23.0,2024,GREEN,Annual Inflation,"23:00-07:00 (all days), all day (weekends) (default)",0.0367371878102802,11.584699426229506,2.1959658359582823,0.0593011753389423,11,p/kWh
dno_data_enhanced/ED2 PCFM NPgN 20241223.xlsx,Northern Powergrid Northeast,23.0,2024,RED,NPgN,16:00-19:00 (weekdays) (default),0.0115,45.0,8.191271858525122,0.73,17,p/kWh
dno_data_enhanced/ED2 PCFM NPgN 20241223.xlsx,Northern Powergrid Northeast,23.0,2024,AMBER,NPgN,"07:00-16:00, 19:00-23:00 (weekdays) (default)",20.0,33.3,25.855208060030435,24.265624180091308,3,p/kWh
dno_data_enhanced/ED2 PCFM NPgN 20241223.xlsx,Northern Powergrid Northeast,23.0,2024,GREEN,NPgN,"23:00-07:00 (all days), all day (weekends) (default)",0.8725212464589235,33.3,21.499686350684563,31.826224156279338,4,p/kWh
dno_data_enhanced/Northern Powergrid (Northeast) - 2023-24 Schedule of charges and other tables v0.3.xlsx,Northern Powergrid Northeast,23.0,2023,RED,"Annex 1 LV, HV and UMS charges",16:00-19:00 (weekdays) (default),0.213,7.154,2.6373684210526314,1.055,19,p/kWh
dno_data_enhanced/Northern Powergrid (Northeast) - 2023-24 Schedule of charges and other tables v0.3.xlsx,Northern Powergrid Northeast,23.0,2023,GREEN,"Annex 1 LV, HV and UMS charges","23:00-07:00 (all days), all day (weekends) (default)",0.213,20.11,7.132086956521738,1.055,23,p/kWh
dno_data_enhanced/Northern Powergrid (Northeast) - 2023-24 Schedule of charges and other tables v0.3.xlsx,Northern Powergrid Northeast,23.0,2023,RED,Annex 4 LDNO charges,16:00-19:00 (weekdays) (default),0.127,4.259,1.7405263157894737,0.628,19,p/kWh
dno_data_enhanced/Northern Powergrid (Northeast) - 2023-24 Schedule of charges and other tables v0.3.xlsx,Northern Powergrid Northeast,23.0,2023,GREEN,Annex 4 LDNO charges,"23:00-07:00 (all days), all day (weekends) (default)",0.127,13.09,4.537608695652174,0.628,23,p/kWh
dno_data_enhanced/Northern Powergrid (Northeast) - 2023-24 Schedule of charges and other tables v0.3.xlsx,Northern Powergrid Northeast,23.0,2023,RED,Annex 5 LLFs,16:00-19:00 (weekdays) (default),0.828,1.195,1.0189537037037038,1.008,108,p/kWh
dno_data_enhanced/Northern Powergrid (Northeast) - 2023-24 Schedule of charges and other tables v0.3.xlsx,Northern Powergrid Northeast,23.0,2023,AMBER,Annex 5 LLFs,"07:00-16:00, 19:00-23:00 (weekdays) (default)",0.926,1.189,1.0177037037037036,1.008,108,p/kWh
dno_data_enhanced/Northern Powergrid (Northeast) - 2023-24 Schedule of charges and other tables v0.3.xlsx,Northern Powergrid Northeast,23.0,2023,GREEN,Annex 5 LLFs,"23:00-07:00 (all days), all day (weekends) (default)",0.946,1.459,1.020037037037037,1.005,108,p/kWh
dno_data_enhanced/Northern Powergrid (Northeast) - 2023-24 Schedule of charges and other tables v0.3.xlsx,Northern Powergrid Northeast,23.0,2023,RED,Nodal prices,16:00-19:00 (weekdays) (default),0.378668954618,1.04174950839,0.7102092315040001,1.04174950839,2,p/kWh
dno_data_enhanced/Northern Powergrid (Northeast) - 2023-24 Schedule of charges and other tables v0.3.xlsx,Northern Powergrid Northeast,23.0,2023,AMBER,Nodal prices,"07:00-16:00, 19:00-23:00 (weekdays) (default)",0.179642387209,0.229060465788,0.2043514264985,0.229060465788,2,p/kWh
dno_data_enhanced/Northern Powergrid (Northeast) - 2023-24 Schedule of charges and other tables v0.3.xlsx,Northern Powergrid Northeast,23.0,2023,GREEN,Nodal prices,"23:00-07:00 (all days), all day (weekends) (default)",0.163590292992,1.83312849267,0.635800787838,0.328195723558,4,p/kWh
dno_data_enhanced/Northern Powergrid (Northeast) - 2024-25 Schedule of charges and other tables v0.2.xlsx,Northern Powergrid Northeast,23.0,2024,RED,"Annex 1 LV, HV and UMS charges",16:00-19:00 (weekdays) (default),0.189,6.126,2.3307894736842107,0.942,19,p/kWh
dno_data_enhanced/Northern Powergrid (Northeast) - 2024-25 Schedule of charges and other tables v0.2.xlsx,Northern Powergrid Northeast,23.0,2024,GREEN,"Annex 1 LV, HV and UMS charges","23:00-07:00 (all days), all day (weekends) (default)",0.189,32.82,10.188521739130437,0.942,23,p/kWh
dno_data_enhanced/Northern Powergrid (Northeast) - 2024-25 Schedule of charges and other tables v0.2.xlsx,Northern Powergrid Northeast,23.0,2024,RED,Annex 4 LDNO charges,16:00-19:00 (weekdays) (default),0.11,3.569,1.5336842105263158,0.549,19,p/kWh
dno_data_enhanced/Northern Powergrid (Northeast) - 2024-25 Schedule of charges and other tables v0.2.xlsx,Northern Powergrid Northeast,23.0,2024,GREEN,Annex 4 LDNO charges,"23:00-07:00 (all days), all day (weekends) (default)",0.11,19.41,6.011260869565218,0.549,23,p/kWh
dno_data_enhanced/Northern Powergrid (Northeast) - 2024-25 Schedule of charges and other tables v0.2.xlsx,Northern Powergrid Northeast,23.0,2024,RED,Annex 5 LLFs,16:00-19:00 (weekdays) (default),0.952,1.178,1.0182777777777778,1.008,108,p/kWh
dno_data_enhanced/Northern Powergrid (Northeast) - 2024-25 Schedule of charges and other tables v0.2.xlsx,Northern Powergrid Northeast,23.0,2024,AMBER,Annex 5 LLFs,"07:00-16:00, 19:00-23:00 (weekdays) (default)",0.948,1.202,1.0172222222222222,1.007,108,p/kWh
dno_data_enhanced/Northern Powergrid (Northeast) - 2024-25 Schedule of charges and other tables v0.2.xlsx,Northern Powergrid Northeast,23.0,2024,GREEN,Annex 5 LLFs,"23:00-07:00 (all days), all day (weekends) (default)",0.948,1.607,1.0203055555555556,1.005,108,p/kWh
dno_data_enhanced/Northern Powergrid (Northeast) - 2024-25 Schedule of charges and other tables v0.2.xlsx,Northern Powergrid Northeast,23.0,2024,RED,Nodal prices,16:00-19:00 (weekdays) (default),0.302611060029,0.852737401533,0.577674230781,0.852737401533,2,p/kWh
dno_data_enhanced/Northern Powergrid (Northeast) - 2024-25 Schedule of charges and other tables v0.2.xlsx,Northern Powergrid Northeast,23.0,2024,AMBER,Nodal prices,"07:00-16:00, 19:00-23:00 (weekdays) (default)",0.571161885065,0.733590597309,0.652376241187,0.733590597309,2,p/kWh
dno_data_enhanced/Northern Powergrid (Northeast) - 2024-25 Schedule of charges and other tables v0.2.xlsx,Northern Powergrid Northeast,23.0,2024,GREEN,Nodal prices,"23:00-07:00 (all days), all day (weekends) (default)",0.162242001375,2.10363896011,0.73678871160475,0.470501092326,4,p/kWh
dno_data_enhanced/ED2 PCFM NPgN 20231222.xlsx,Northern Powergrid Northeast,23.0,2023,RED,SelectedInputs,16:00-19:00 (weekdays) (default),0.0115,45.0,8.191271858525122,0.73,17,p/kWh
dno_data_enhanced/ED2 PCFM NPgN 20231222.xlsx,Northern Powergrid Northeast,23.0,2023,AMBER,SelectedInputs,"07:00-16:00, 19:00-23:00 (weekdays) (default)",20.0,33.3,25.855208060030435,24.265624180091308,3,p/kWh
dno_data_enhanced/ED2 PCFM NPgN 20231222.xlsx,Northern Powergrid Northeast,23.0,2023,GREEN,SelectedInputs,"23:00-07:00 (all days), all day (weekends) (default)",0.8725212464589235,33.3,21.499686350684563,31.826224156279338,4,p/kWh
dno_data_enhanced/ED2 PCFM NPgN 20231222.xlsx,Northern Powergrid Northeast,23.0,2023,RED,InputSummary,16:00-19:00 (weekdays) (default),0.0115,45.0,6.412056152642768,0.9,17,p/kWh
dno_data_enhanced/ED2 PCFM NPgN 20231222.xlsx,Northern Powergrid Northeast,23.0,2023,AMBER,InputSummary,"07:00-16:00, 19:00-23:00 (weekdays) (default)",0.0133845309928688,33.3,7.941576127783464,0.6294050991501415,7,p/kWh
dno_data_enhanced/ED2 PCFM NPgN 20231222.xlsx,Northern Powergrid Northeast,23.0,2023,GREEN,InputSummary,"23:00-07:00 (all days), all day (weekends) (default)",0.0149399155569989,33.3,7.94787217458142,0.6494617563739377,7,p/kWh
dno_data_enhanced/ED2 PCFM NPgN 20231222.xlsx,Northern Powergrid Northeast,23.0,2023,RED,Legacy,16:00-19:00 (weekdays) (default),0.0397335776,11.00038828356299,2.4117391027998316,1.1813575575913982,33,p/kWh
dno_data_enhanced/ED2 PCFM NPgN 20231222.xlsx,Northern Powergrid Northeast,23.0,2023,AMBER,Legacy,"07:00-16:00, 19:00-23:00 (weekdays) (default)",0.0413701832,33.32703958219571,3.8614866453550434,1.3795833876806398,31,p/kWh
dno_data_enhanced/ED2 PCFM NPgN 20231222.xlsx,Northern Powergrid Northeast,23.0,2023,GREEN,Legacy,"23:00-07:00 (all days), all day (weekends) (default)",0.0414501708,2.077865909128795,1.1798913867665397,1.2791119966486046,10,p/kWh
dno_data_enhanced/ED2 PCFM NPgN 20231222.xlsx,Northern Powergrid Northeast,23.0,2023,RED,Totex,16:00-19:00 (weekdays) (default),0.8126758238876197,45.58126414644626,13.440409639268076,11.16328095393132,34,p/kWh
dno_data_enhanced/ED2 PCFM NPgN 20231222.xlsx,Northern Powergrid Northeast,23.0,2023,AMBER,Totex,"07:00-16:00, 19:00-23:00 (weekdays) (default)",1.0,37.60455987893252,15.937166848761793,10.854847671154824,32,p/kWh
dno_data_enhanced/ED2 PCFM NPgN 20231222.xlsx,Northern Powergrid Northeast,23.0,2023,GREEN,Totex,"23:00-07:00 (all days), all day (weekends) (default)",1.0,41.05537531598124,15.750227179415738,13.206462502240148,32,p/kWh
dno_data_enhanced/ED2 PCFM NPgN 20231222.xlsx,Northern Powergrid Northeast,23.0,2023,RED,Annual Inflation,16:00-19:00 (weekdays) (default),0.0155592894707972,1.50334712603879,0.4949384988243163,0.0258846368797245,11,p/kWh
dno_data_enhanced/ED2 PCFM NPgN 20231222.xlsx,Northern Powergrid Northeast,23.0,2023,AMBER,Annual Inflation,"07:00-16:00, 19:00-23:00 (weekdays) (default)",0.0080067749634311,4.0452569031158125,0.8839285599984987,0.0213882457030804,11,p/kWh
dno_data_enhanced/ED2 PCFM NPgN 20231222.xlsx,Northern Powergrid Northeast,23.0,2023,GREEN,Annual Inflation,"23:00-07:00 (all days), all day (weekends) (default)",0.0367371878102802,11.584699426229506,2.1959658359582823,0.0593011753389423,11,p/kWh
dno_data_enhanced/ED2 PCFM NPgN 20231222.xlsx,Northern Powergrid Northeast,23.0,2023,RED,NPgN,16:00-19:00 (weekdays) (default),0.0115,45.0,8.191271858525122,0.73,17,p/kWh
dno_data_enhanced/ED2 PCFM NPgN 20231222.xlsx,Northern Powergrid Northeast,23.0,2023,AMBER,NPgN,"07:00-16:00, 19:00-23:00 (weekdays) (default)",20.0,33.3,25.855208060030435,24.265624180091308,3,p/kWh
dno_data_enhanced/ED2 PCFM NPgN 20231222.xlsx,Northern Powergrid Northeast,23.0,2023,GREEN,NPgN,"23:00-07:00 (all days), all day (weekends) (default)",0.8725212464589235,33.3,21.499686350684563,31.826224156279338,4,p/kWh
