file_path,dno_name,mpan_code,year,band,sheet_name,time_period,min_rate,max_rate,mean_rate,median_rate,count,unit
dno_data_enhanced/Northern Powergrid (Yorkshire) - 2025-26 PCDM Model v0.1.xlsx,Northern Powergrid Yorkshire,15.0,2025,RED,Fixed inputs,16:00-19:00 (weekdays) (default),1.0,1.0,1.0,1.0,7,p/kWh
dno_data_enhanced/Northern Powergrid (Yorkshire) - 2025-26 PCDM Model v0.1.xlsx,Northern Powergrid Yorkshire,15.0,2025,AMBER,Fixed inputs,"07:00-16:00, 19:00-23:00 (weekdays) (default)",1.0,1.0,1.0,1.0,6,p/kWh
dno_data_enhanced/Northern Powergrid (Yorkshire) - 2025-26 PCDM Model v0.1.xlsx,Northern Powergrid Yorkshire,15.0,2025,GREEN,Fixed inputs,"23:00-07:00 (all days), all day (weekends) (default)",1.0,1.0,1.0,1.0,5,p/kWh
dno_data_enhanced/Northern Powergrid (Yorkshire) - 2025-26 PCDM Model v0.1.xlsx,Northern Powergrid Yorkshire,15.0,2025,RED,MEAV,16:00-19:00 (weekdays) (default),0.8936346597538318,0.8936346597538318,0.8936346597538318,0.8936346597538318,1,p/kWh
dno_data_enhanced/Northern Powergrid (Yorkshire) - 2025-26 PCDM Model v0.1.xlsx,Northern Powergrid Yorkshire,15.0,2025,RED,Capitalised,16:00-19:00 (weekdays) (default),0.8936346597538318,0.8936346597538318,0.8936346597538318,0.8936346597538318,1,p/kWh
dno_data_enhanced/Northern Powergrid (Yorkshire) - 2025-26 PCDM Model v0.1.xlsx,Northern Powergrid Yorkshire,15.0,2025,RED,Rev allocation,16:00-19:00 (weekdays) (default),0.0277541303765591,1.0,0.3289923165742675,0.2094777661909504,32,p/kWh
dno_data_enhanced/Northern Powergrid (Yorkshire) - 2025-26 PCDM Model v0.1.xlsx,Northern Powergrid Yorkshire,15.0,2025,AMBER,Rev allocation,"07:00-16:00, 19:00-23:00 (weekdays) (default)",0.2013272824484832,1.0,0.4402018465173947,0.2575565773703093,11,p/kWh
dno_data_enhanced/Northern Powergrid (Yorkshire) - 2025-26 PCDM Model v0.1.xlsx,Northern Powergrid Yorkshire,15.0,2025,GREEN,Rev allocation,"23:00-07:00 (all days), all day (weekends) (default)",0.1501491106686862,1.0,0.5142170263491445,0.3926891169212574,12,p/kWh
dno_data_enhanced/Northern Powergrid (Yorkshire) - 2025-26 PCDM Model v0.1.xlsx,Northern Powergrid Yorkshire,15.0,2025,RED,EDCM discounts,16:00-19:00 (weekdays) (default),0.0101151388948648,1.0,0.3446266377539975,0.1155907209951265,14,p/kWh
dno_data_enhanced/Northern Powergrid (Yorkshire) - 2025-26 PCDM Model v0.1.xlsx,Northern Powergrid Yorkshire,15.0,2025,AMBER,EDCM discounts,"07:00-16:00, 19:00-23:00 (weekdays) (default)",0.7185125800980855,1.0,0.909802424892304,0.9721024313914156,24,p/kWh
dno_data_enhanced/Northern Powergrid (Yorkshire) - 2025-26 PCDM Model v0.1.xlsx,Northern Powergrid Yorkshire,15.0,2025,GREEN,EDCM discounts,"23:00-07:00 (all days), all day (weekends) (default)",0.3170965474558803,1.0,0.7601364731446446,0.7807448204112789,23,p/kWh
dno_data_enhanced/Northern Powergrid (Yorkshire) - 2025-26 Schedule of charges and other tables v0.2.xlsx,Northern Powergrid Yorkshire,15.0,2025,RED,"Annex 1 LV, HV and UMS charges",16:00-19:00 (weekdays) (default),0.257,5.294,2.34,1.741,19,p/kWh
dno_data_enhanced/Northern Powergrid (Yorkshire) - 2025-26 Schedule of charges and other tables v0.2.xlsx,Northern Powergrid Yorkshire,15.0,2025,GREEN,"Annex 1 LV, HV and UMS charges","23:00-07:00 (all days), all day (weekends) (default)",0.257,16.99,6.104260869565217,1.741,23,p/kWh
dno_data_enhanced/Northern Powergrid (Yorkshire) - 2025-26 Schedule of charges and other tables v0.2.xlsx,Northern Powergrid Yorkshire,15.0,2025,RED,Annex 4 LDNO charges,16:00-19:00 (weekdays) (default),0.153,3.144,1.5607894736842105,1.034,19,p/kWh
dno_data_enhanced/Northern Powergrid (Yorkshire) - 2025-26 Schedule of charges and other tables v0.2.xlsx,Northern Powergrid Yorkshire,15.0,2025,GREEN,Annex 4 LDNO charges,"23:00-07:00 (all days), all day (weekends) (default)",0.153,10.09,3.6253043478260873,1.034,23,p/kWh
dno_data_enhanced/Northern Powergrid (Yorkshire) - 2025-26 Schedule of charges and other tables v0.2.xlsx,Northern Powergrid Yorkshire,15.0,2025,RED,Annex 5 LLFs,16:00-19:00 (weekdays) (default),0.947,1.524,1.0192401960784312,1.005,204,p/kWh
dno_data_enhanced/Northern Powergrid (Yorkshire) - 2025-26 Schedule of charges and other tables v0.2.xlsx,Northern Powergrid Yorkshire,15.0,2025,AMBER,Annex 5 LLFs,"07:00-16:00, 19:00-23:00 (weekdays) (default)",0.902,1.347,1.015470588235294,1.005,204,p/kWh
dno_data_enhanced/Northern Powergrid (Yorkshire) - 2025-26 Schedule of charges and other tables v0.2.xlsx,Northern Powergrid Yorkshire,15.0,2025,GREEN,Annex 5 LLFs,"23:00-07:00 (all days), all day (weekends) (default)",0.966,1.28,1.0134999999999998,1.004,204,p/kWh
dno_data_enhanced/Northern Powergrid (Yorkshire) - 2025-26 Schedule of charges and other tables v0.2.xlsx,Northern Powergrid Yorkshire,15.0,2025,RED,Nodal prices,16:00-19:00 (weekdays) (default),0.333185221368,2.96313037429,1.30491180871125,1.58445477999,4,p/kWh
dno_data_enhanced/Northern Powergrid (Yorkshire) - 2025-26 Schedule of charges and other tables v0.2.xlsx,Northern Powergrid Yorkshire,15.0,2025,GREEN,Nodal prices,"23:00-07:00 (all days), all day (weekends) (default)",0.0019081144108,1.28588591025,0.342385433602105,0.317602571351,12,p/kWh
dno_data_enhanced/Northern Powergrid (Yorkshire) - 2025-26 CDCM Model v0.1.xlsx,Northern Powergrid Yorkshire,15.0,2025,RED,Inputs by network level,16:00-19:00 (weekdays) (default),0.0580323516740149,1.0,0.4093686954371135,0.319388132651601,7,p/kWh
dno_data_enhanced/Northern Powergrid (Yorkshire) - 2025-26 CDCM Model v0.1.xlsx,Northern Powergrid Yorkshire,15.0,2025,AMBER,Inputs by network level,"07:00-16:00, 19:00-23:00 (weekdays) (default)",0.1260844971520341,1.029,0.408333032046707,0.3632467271749153,7,p/kWh
dno_data_enhanced/Northern Powergrid (Yorkshire) - 2025-26 CDCM Model v0.1.xlsx,Northern Powergrid Yorkshire,15.0,2025,GREEN,Inputs by network level,"23:00-07:00 (all days), all day (weekends) (default)",0.1260844971520341,1.044,0.4222218707211582,0.4052726139004436,6,p/kWh
dno_data_enhanced/Northern Powergrid (Yorkshire) - 2025-26 CDCM Model v0.1.xlsx,Northern Powergrid Yorkshire,15.0,2025,RED,Load & loss characteristics,16:00-19:00 (weekdays) (default),1.138,1.138,1.138,1.138,1,p/kWh
dno_data_enhanced/Northern Powergrid (Yorkshire) - 2025-26 CDCM Model v0.1.xlsx,Northern Powergrid Yorkshire,15.0,2025,RED,Pseudo-load coefficients,16:00-19:00 (weekdays) (default),4.8517913527564795,4.8517913527564795,4.8517913527564795,4.8517913527564795,1,p/kWh
dno_data_enhanced/Northern Powergrid (Yorkshire) - 2025-26 CDCM Model v0.1.xlsx,Northern Powergrid Yorkshire,15.0,2025,GREEN,Pseudo-load coefficients,"23:00-07:00 (all days), all day (weekends) (default)",5.970220642920203,5.970220642920203,5.970220642920203,5.970220642920203,1,p/kWh
dno_data_enhanced/Northern Powergrid (Yorkshire) - 2025-26 CDCM Model v0.1.xlsx,Northern Powergrid Yorkshire,15.0,2025,RED,Revenue matching,16:00-19:00 (weekdays) (default),1.0,1.0,1.0,1.0,7,p/kWh
dno_data_enhanced/Northern Powergrid (Yorkshire) - 2026-27 PCDM Model v0.1.xlsx,Northern Powergrid Yorkshire,15.0,2026,RED,Fixed inputs,16:00-19:00 (weekdays) (default),1.0,1.0,1.0,1.0,7,p/kWh
dno_data_enhanced/Northern Powergrid (Yorkshire) - 2026-27 PCDM Model v0.1.xlsx,Northern Powergrid Yorkshire,15.0,2026,AMBER,Fixed inputs,"07:00-16:00, 19:00-23:00 (weekdays) (default)",1.0,1.0,1.0,1.0,6,p/kWh
dno_data_enhanced/Northern Powergrid (Yorkshire) - 2026-27 PCDM Model v0.1.xlsx,Northern Powergrid Yorkshire,15.0,2026,GREEN,Fixed inputs,"23:00-07:00 (all days), all day (weekends) (default)",1.0,1.0,1.0,1.0,5,p/kWh
dno_data_enhanced/Northern Powergrid (Yorkshire) - 2026-27 PCDM Model v0.1.xlsx,Northern Powergrid Yorkshire,15.0,2026,RED,MEAV,16:00-19:00 (weekdays) (default),0.884712244800845,0.884712244800845,0.884712244800845,0.884712244800845,1,p/kWh
dno_data_enhanced/Northern Powergrid (Yorkshire) - 2026-27 PCDM Model v0.1.xlsx,Northern Powergrid Yorkshire,15.0,2026,RED,Capitalised,16:00-19:00 (weekdays) (default),0.884712244800845,0.884712244800845,0.884712244800845,0.884712244800845,1,p/kWh
dno_data_enhanced/Northern Powergrid (Yorkshire) - 2026-27 PCDM Model v0.1.xlsx,Northern Powergrid Yorkshire,15.0,2026,RED,Rev allocation,16:00-19:00 (weekdays) (default),0.027752009043217,1.0,0.3289922502826005,0.2094777661909504,32,p/kWh
dno_data_enhanced/Northern Powergrid (Yorkshire) - 2026-27 PCDM Model v0.1.xlsx,Northern Powergrid Yorkshire,15.0,2026,AMBER,Rev allocation,"07:00-16:00, 19:00-23:00 (weekdays) (default)",0.2020150843967503,1.0,0.4408872671524702,0.25884431309057,11,p/kWh
dno_data_enhanced/Northern Powergrid (Yorkshire) - 2026-27 PCDM Model v0.1.xlsx,Northern Powergrid Yorkshire,15.0,2026,GREEN,Rev allocation,"23:00-07:00 (all days), all day (weekends) (default)",0.1506073861663933,1.0,0.5140084195743158,0.3902986185244727,12,p/kWh
dno_data_enhanced/Northern Powergrid (Yorkshire) - 2026-27 PCDM Model v0.1.xlsx,Northern Powergrid Yorkshire,15.0,2026,RED,EDCM discounts,16:00-19:00 (weekdays) (default),0.0101318740745851,1.0,0.3446297310089586,0.1158774490483892,14,p/kWh
dno_data_enhanced/Northern Powergrid (Yorkshire) - 2026-27 PCDM Model v0.1.xlsx,Northern Powergrid Yorkshire,15.0,2026,AMBER,EDCM discounts,"07:00-16:00, 19:00-23:00 (weekdays) (default)",0.7180823188209571,1.0,0.9096768297170836,0.9720917265613854,24,p/kWh
dno_data_enhanced/Northern Powergrid (Yorkshire) - 2026-27 PCDM Model v0.1.xlsx,Northern Powergrid Yorkshire,15.0,2026,GREEN,EDCM discounts,"23:00-07:00 (all days), all day (weekends) (default)",0.3178925334451395,1.0,0.7604770082547788,0.7808901581603959,23,p/kWh
dno_data_enhanced/Northern Powergrid (Yorkshire) - 2026-27 Schedule of charges and other tables v0.1.xlsx,Northern Powergrid Yorkshire,15.0,2026,RED,"Annex 1 LV, HV and UMS charges",16:00-19:00 (weekdays) (default),0.212,6.786,2.7413157894736844,1.819,19,p/kWh
dno_data_enhanced/Northern Powergrid (Yorkshire) - 2026-27 Schedule of charges and other tables v0.1.xlsx,Northern Powergrid Yorkshire,15.0,2026,GREEN,"Annex 1 LV, HV and UMS charges","23:00-07:00 (all days), all day (weekends) (default)",0.212,18.03,6.708521739130434,1.819,23,p/kWh
dno_data_enhanced/Northern Powergrid (Yorkshire) - 2026-27 Schedule of charges and other tables v0.1.xlsx,Northern Powergrid Yorkshire,15.0,2026,RED,Annex 4 LDNO charges,16:00-19:00 (weekdays) (default),0.126,4.034,1.8002631578947368,1.081,19,p/kWh
dno_data_enhanced/Northern Powergrid (Yorkshire) - 2026-27 Schedule of charges and other tables v0.1.xlsx,Northern Powergrid Yorkshire,15.0,2026,GREEN,Annex 4 LDNO charges,"23:00-07:00 (all days), all day (weekends) (default)",0.126,10.72,3.9883478260869567,1.081,23,p/kWh
dno_data_enhanced/Northern Powergrid (Yorkshire) - 2026-27 Schedule of charges and other tables v0.1.xlsx,Northern Powergrid Yorkshire,15.0,2026,RED,Nodal prices,16:00-19:00 (weekdays) (default),0.0923123989311,1.50052108716,0.744450630228275,0.982363014996,4,p/kWh
dno_data_enhanced/Northern Powergrid (Yorkshire) - 2026-27 Schedule of charges and other tables v0.1.xlsx,Northern Powergrid Yorkshire,15.0,2026,GREEN,Nodal prices,"23:00-07:00 (all days), all day (weekends) (default)",0.00239294303604,1.7767418407,0.4107868545080408,0.298541273735,12,p/kWh
dno_data_enhanced/ED2 PCFM NPgY 20231222.xlsx,Northern Powergrid Yorkshire,15.0,2023,RED,SelectedInputs,16:00-19:00 (weekdays) (default),0.0115,45.0,8.925725495497973,0.75,17,p/kWh
dno_data_enhanced/ED2 PCFM NPgY 20231222.xlsx,Northern Powergrid Yorkshire,15.0,2023,AMBER,SelectedInputs,"07:00-16:00, 19:00-23:00 (weekdays) (default)",20.0,33.3,25.978697241608504,24.636091724825523,3,p/kWh
dno_data_enhanced/ED2 PCFM NPgY 20231222.xlsx,Northern Powergrid Yorkshire,15.0,2023,GREEN,SelectedInputs,"23:00-07:00 (all days), all day (weekends) (default)",0.8725212464589235,33.3,16.320478081704074,20.0,4,p/kWh
dno_data_enhanced/ED2 PCFM NPgY 20231222.xlsx,Northern Powergrid Yorkshire,15.0,2023,RED,InputSummary,16:00-19:00 (weekdays) (default),0.0115,45.0,6.480627436674444,0.9,17,p/kWh
dno_data_enhanced/ED2 PCFM NPgY 20231222.xlsx,Northern Powergrid Yorkshire,15.0,2023,AMBER,InputSummary,"07:00-16:00, 19:00-23:00 (weekdays) (default)",0.0133845309928688,33.3,7.941576127783464,0.6294050991501415,7,p/kWh
dno_data_enhanced/ED2 PCFM NPgY 20231222.xlsx,Northern Powergrid Yorkshire,15.0,2023,GREEN,InputSummary,"23:00-07:00 (all days), all day (weekends) (default)",0.0149399155569989,33.3,7.94787217458142,0.6494617563739377,7,p/kWh
dno_data_enhanced/ED2 PCFM NPgY 20231222.xlsx,Northern Powergrid Yorkshire,15.0,2023,RED,Legacy,16:00-19:00 (weekdays) (default),0.0201904,8.22600126500771,1.286990907443335,0.9140831899999996,11,p/kWh
dno_data_enhanced/ED2 PCFM NPgY 20231222.xlsx,Northern Powergrid Yorkshire,15.0,2023,AMBER,Legacy,"07:00-16:00, 19:00-23:00 (weekdays) (default)",0.0397335776,14.08948048275202,3.267621045302714,1.2891506141768156,31,p/kWh
dno_data_enhanced/ED2 PCFM NPgY 20231222.xlsx,Northern Powergrid Yorkshire,15.0,2023,GREEN,Legacy,"23:00-07:00 (all days), all day (weekends) (default)",0.0413701832,42.65733728678261,4.145764572379735,1.3284361388165782,31,p/kWh
dno_data_enhanced/ED2 PCFM NPgY 20231222.xlsx,Northern Powergrid Yorkshire,15.0,2023,RED,Totex,16:00-19:00 (weekdays) (default),0.9390081188912436,44.39372357600168,15.909435875383457,7.5093152876718605,32,p/kWh
dno_data_enhanced/ED2 PCFM NPgY 20231222.xlsx,Northern Powergrid Yorkshire,15.0,2023,AMBER,Totex,"07:00-16:00, 19:00-23:00 (weekdays) (default)",1.0,47.63809861263129,19.44829147745467,7.525117235579967,31,p/kWh
dno_data_enhanced/ED2 PCFM NPgY 20231222.xlsx,Northern Powergrid Yorkshire,15.0,2023,GREEN,Totex,"23:00-07:00 (all days), all day (weekends) (default)",1.0,45.60237678082719,19.94589846096655,15.422943992374949,31,p/kWh
dno_data_enhanced/ED2 PCFM NPgY 20231222.xlsx,Northern Powergrid Yorkshire,15.0,2023,RED,Annual Inflation,16:00-19:00 (weekdays) (default),0.0155592894707972,1.50334712603879,0.4949384988243163,0.0258846368797245,11,p/kWh
dno_data_enhanced/ED2 PCFM NPgY 20231222.xlsx,Northern Powergrid Yorkshire,15.0,2023,AMBER,Annual Inflation,"07:00-16:00, 19:00-23:00 (weekdays) (default)",0.0080067749634311,4.0452569031158125,0.8839285599984987,0.0213882457030804,11,p/kWh
dno_data_enhanced/ED2 PCFM NPgY 20231222.xlsx,Northern Powergrid Yorkshire,15.0,2023,GREEN,Annual Inflation,"23:00-07:00 (all days), all day (weekends) (default)",0.0367371878102802,11.584699426229506,2.1959658359582823,0.0593011753389423,11,p/kWh
dno_data_enhanced/ED2 PCFM NPgY 20231222.xlsx,Northern Powergrid Yorkshire,15.0,2023,RED,NPgY,16:00-19:00 (weekdays) (default),0.0115,45.0,8.925725495497973,0.75,17,p/kWh
dno_data_enhanced/ED2 PCFM NPgY 20231222.xlsx,Northern Powergrid Yorkshire,15.0,2023,AMBER,NPgY,"07:00-16:00, 19:00-23:00 (weekdays) (default)",20.0,33.3,25.978697241608504,24.636091724825523,3,p/kWh
dno_data_enhanced/ED2 PCFM NPgY 20231222.xlsx,Northern Powergrid Yorkshire,15.0,2023,GREEN,NPgY,"23:00-07:00 (all days), all day (weekends) (default)",0.8725212464589235,33.3,16.320478081704074,20.0,4,p/kWh
dno_data_enhanced/Northern Powergrid (Yorkshire) - 2026-27 CDCM Model v0.1.xlsx,Northern Powergrid Yorkshire,15.0,2026,RED,Inputs by network level,16:00-19:00 (weekdays) (default),0.0200344961941318,1.0,0.40966738166441,0.3111720972605861,7,p/kWh
dno_data_enhanced/Northern Powergrid (Yorkshire) - 2026-27 CDCM Model v0.1.xlsx,Northern Powergrid Yorkshire,15.0,2026,AMBER,Inputs by network level,"07:00-16:00, 19:00-23:00 (weekdays) (default)",0.1031944732918213,1.028,0.4138850892780063,0.4242009339103418,7,p/kWh
dno_data_enhanced/Northern Powergrid (Yorkshire) - 2026-27 CDCM Model v0.1.xlsx,Northern Powergrid Yorkshire,15.0,2026,GREEN,Inputs by network level,"23:00-07:00 (all days), all day (weekends) (default)",0.1031944732918213,1.044,0.4288659374910074,0.426001151654223,6,p/kWh
dno_data_enhanced/Northern Powergrid (Yorkshire) - 2026-27 CDCM Model v0.1.xlsx,Northern Powergrid Yorkshire,15.0,2026,RED,Load & loss characteristics,16:00-19:00 (weekdays) (default),1.15,1.15,1.15,1.15,1,p/kWh
dno_data_enhanced/Northern Powergrid (Yorkshire) - 2026-27 CDCM Model v0.1.xlsx,Northern Powergrid Yorkshire,15.0,2026,RED,Pseudo-load coefficients,16:00-19:00 (weekdays) (default),5.459759707628587,5.459759707628587,5.459759707628587,5.459759707628587,1,p/kWh
dno_data_enhanced/Northern Powergrid (Yorkshire) - 2026-27 CDCM Model v0.1.xlsx,Northern Powergrid Yorkshire,15.0,2026,GREEN,Pseudo-load coefficients,"23:00-07:00 (all days), all day (weekends) (default)",6.413388332059849,6.413388332059849,6.413388332059849,6.413388332059849,1,p/kWh
dno_data_enhanced/Northern Powergrid (Yorkshire) - 2026-27 CDCM Model v0.1.xlsx,Northern Powergrid Yorkshire,15.0,2026,RED,Revenue matching,16:00-19:00 (weekdays) (default),1.0,1.0,1.0,1.0,7,p/kWh
dno_data_enhanced/Northern Powergrid (Yorkshire) - 2024-25 PCDM Model v0.1.xlsx,Northern Powergrid Yorkshire,15.0,2024,RED,Fixed inputs,16:00-19:00 (weekdays) (default),1.0,1.0,1.0,1.0,7,p/kWh
dno_data_enhanced/Northern Powergrid (Yorkshire) - 2024-25 PCDM Model v0.1.xlsx,Northern Powergrid Yorkshire,15.0,2024,AMBER,Fixed inputs,"07:00-16:00, 19:00-23:00 (weekdays) (default)",1.0,1.0,1.0,1.0,6,p/kWh
dno_data_enhanced/Northern Powergrid (Yorkshire) - 2024-25 PCDM Model v0.1.xlsx,Northern Powergrid Yorkshire,15.0,2024,GREEN,Fixed inputs,"23:00-07:00 (all days), all day (weekends) (default)",1.0,1.0,1.0,1.0,5,p/kWh
dno_data_enhanced/Northern Powergrid (Yorkshire) - 2024-25 PCDM Model v0.1.xlsx,Northern Powergrid Yorkshire,15.0,2024,RED,MEAV,16:00-19:00 (weekdays) (default),0.8883964283521205,0.8883964283521205,0.8883964283521205,0.8883964283521205,1,p/kWh
dno_data_enhanced/Northern Powergrid (Yorkshire) - 2024-25 PCDM Model v0.1.xlsx,Northern Powergrid Yorkshire,15.0,2024,RED,Capitalised,16:00-19:00 (weekdays) (default),0.8883964283521205,0.8883964283521205,0.8883964283521205,0.8883964283521205,1,p/kWh
dno_data_enhanced/Northern Powergrid (Yorkshire) - 2024-25 PCDM Model v0.1.xlsx,Northern Powergrid Yorkshire,15.0,2024,RED,Rev allocation,16:00-19:00 (weekdays) (default),0.0276948626029311,1.0,0.3289904644563416,0.2094777661909504,32,p/kWh
dno_data_enhanced/Northern Powergrid (Yorkshire) - 2024-25 PCDM Model v0.1.xlsx,Northern Powergrid Yorkshire,15.0,2024,AMBER,Rev allocation,"07:00-16:00, 19:00-23:00 (weekdays) (default)",0.1939780810354855,1.0,0.4380888151300881,0.2555611325266815,11,p/kWh
dno_data_enhanced/Northern Powergrid (Yorkshire) - 2024-25 PCDM Model v0.1.xlsx,Northern Powergrid Yorkshire,15.0,2024,GREEN,Rev allocation,"23:00-07:00 (all days), all day (weekends) (default)",0.1443108134082144,1.0,0.5123258016437787,0.391287964346341,12,p/kWh
dno_data_enhanced/Northern Powergrid (Yorkshire) - 2024-25 PCDM Model v0.1.xlsx,Northern Powergrid Yorkshire,15.0,2024,RED,EDCM discounts,16:00-19:00 (weekdays) (default),0.0100315584422329,1.0,0.3446111891209934,0.1141587160286718,14,p/kWh
dno_data_enhanced/Northern Powergrid (Yorkshire) - 2024-25 PCDM Model v0.1.xlsx,Northern Powergrid Yorkshire,15.0,2024,AMBER,EDCM discounts,"07:00-16:00, 19:00-23:00 (weekdays) (default)",0.720661432568954,1.0,0.9104296844597992,0.9721558944885684,24,p/kWh
dno_data_enhanced/Northern Powergrid (Yorkshire) - 2024-25 PCDM Model v0.1.xlsx,Northern Powergrid Yorkshire,15.0,2024,GREEN,EDCM discounts,"23:00-07:00 (all days), all day (weekends) (default)",0.3131211572668939,1.0,0.7584316567069094,0.7800099550227875,23,p/kWh
dno_data_enhanced/Northern Powergrid (Yorkshire) - 2019-20 CDCM Model.xlsx,Northern Powergrid Yorkshire,15.0,2019,RED,LAFs,16:00-19:00 (weekdays) (default),1.0,1.104,1.0185910463328942,1.0,72,p/kWh
dno_data_enhanced/Northern Powergrid (Yorkshire) - 2019-20 CDCM Model.xlsx,Northern Powergrid Yorkshire,15.0,2019,GREEN,LAFs,"23:00-07:00 (all days), all day (weekends) (default)",1.0,1.104,1.024178932178932,1.0,24,p/kWh
dno_data_enhanced/Northern Powergrid (Yorkshire) - 2019-20 CDCM Model.xlsx,Northern Powergrid Yorkshire,15.0,2019,RED,DRM,16:00-19:00 (weekdays) (default),0.7991419750810055,0.9107383738442996,0.8527908723280531,0.8774660188169773,5,p/kWh
dno_data_enhanced/Northern Powergrid (Yorkshire) - 2019-20 CDCM Model.xlsx,Northern Powergrid Yorkshire,15.0,2019,RED,Loads,16:00-19:00 (weekdays) (default),0.2096585160501387,1.846570665259241,0.8324401044286117,1.0,42,p/kWh
dno_data_enhanced/Northern Powergrid (Yorkshire) - 2019-20 CDCM Model.xlsx,Northern Powergrid Yorkshire,15.0,2019,GREEN,Loads,"23:00-07:00 (all days), all day (weekends) (default)",0.3950857174007853,1.0,0.7187518538288068,0.6205457710000384,14,p/kWh
dno_data_enhanced/Northern Powergrid (Yorkshire) - 2019-20 CDCM Model.xlsx,Northern Powergrid Yorkshire,15.0,2019,RED,Contrib,16:00-19:00 (weekdays) (default),0.001,1.0,0.1758333333333333,0.002,36,p/kWh
dno_data_enhanced/Northern Powergrid (Yorkshire) - 2019-20 CDCM Model.xlsx,Northern Powergrid Yorkshire,15.0,2019,GREEN,Contrib,"23:00-07:00 (all days), all day (weekends) (default)",0.001,1.0,0.1728333333333333,0.002,12,p/kWh
dno_data_enhanced/Northern Powergrid (Yorkshire) - 2024-25 CDCM Model v0.1.xlsx,Northern Powergrid Yorkshire,15.0,2024,RED,Inputs by network level,16:00-19:00 (weekdays) (default),0.0534057540357118,1.0,0.4016535653075138,0.3479740896104906,7,p/kWh
dno_data_enhanced/Northern Powergrid (Yorkshire) - 2024-25 CDCM Model v0.1.xlsx,Northern Powergrid Yorkshire,15.0,2024,AMBER,Inputs by network level,"07:00-16:00, 19:00-23:00 (weekdays) (default)",0.001,1.006,0.2576643408542634,0.10235944962902,11,p/kWh
dno_data_enhanced/Northern Powergrid (Yorkshire) - 2024-25 CDCM Model v0.1.xlsx,Northern Powergrid Yorkshire,15.0,2024,GREEN,Inputs by network level,"23:00-07:00 (all days), all day (weekends) (default)",0.002,1.009,0.2672188157790173,0.1402512849162133,10,p/kWh
dno_data_enhanced/Northern Powergrid (Yorkshire) - 2024-25 CDCM Model v0.1.xlsx,Northern Powergrid Yorkshire,15.0,2024,RED,Load & loss characteristics,16:00-19:00 (weekdays) (default),1.121,1.121,1.121,1.121,1,p/kWh
dno_data_enhanced/Northern Powergrid (Yorkshire) - 2024-25 CDCM Model v0.1.xlsx,Northern Powergrid Yorkshire,15.0,2024,RED,Customer contributions,16:00-19:00 (weekdays) (default),0.001,1.0,0.1679166666666667,0.001,24,p/kWh
dno_data_enhanced/Northern Powergrid (Yorkshire) - 2024-25 CDCM Model v0.1.xlsx,Northern Powergrid Yorkshire,15.0,2024,AMBER,Customer contributions,"07:00-16:00, 19:00-23:00 (weekdays) (default)",0.002,1.0,0.3158620689655173,0.002,29,p/kWh
dno_data_enhanced/Northern Powergrid (Yorkshire) - 2024-25 CDCM Model v0.1.xlsx,Northern Powergrid Yorkshire,15.0,2024,GREEN,Customer contributions,"23:00-07:00 (all days), all day (weekends) (default)",0.031,0.087,0.045,0.031,20,p/kWh
dno_data_enhanced/Northern Powergrid (Yorkshire) - 2024-25 CDCM Model v0.1.xlsx,Northern Powergrid Yorkshire,15.0,2024,RED,Pseudo-load coefficients,16:00-19:00 (weekdays) (default),4.682632593391588,4.682632593391588,4.682632593391588,4.682632593391588,1,p/kWh
dno_data_enhanced/Northern Powergrid (Yorkshire) - 2024-25 CDCM Model v0.1.xlsx,Northern Powergrid Yorkshire,15.0,2024,GREEN,Pseudo-load coefficients,"23:00-07:00 (all days), all day (weekends) (default)",5.740462583097171,5.740462583097171,5.740462583097171,5.740462583097171,1,p/kWh
dno_data_enhanced/Northern Powergrid (Yorkshire) - 2024-25 CDCM Model v0.1.xlsx,Northern Powergrid Yorkshire,15.0,2024,RED,Revenue matching,16:00-19:00 (weekdays) (default),1.0,1.0,1.0,1.0,7,p/kWh
dno_data_enhanced/ED2 PCFM NPgY 20241223.xlsx,Northern Powergrid Yorkshire,15.0,2024,RED,SelectedInputs,16:00-19:00 (weekdays) (default),0.0115,45.0,8.925725495497973,0.75,17,p/kWh
dno_data_enhanced/ED2 PCFM NPgY 20241223.xlsx,Northern Powergrid Yorkshire,15.0,2024,AMBER,SelectedInputs,"07:00-16:00, 19:00-23:00 (weekdays) (default)",20.0,33.3,25.978697241608504,24.636091724825523,3,p/kWh
dno_data_enhanced/ED2 PCFM NPgY 20241223.xlsx,Northern Powergrid Yorkshire,15.0,2024,GREEN,SelectedInputs,"23:00-07:00 (all days), all day (weekends) (default)",0.8725212464589235,33.3,16.320478081704074,20.0,4,p/kWh
dno_data_enhanced/ED2 PCFM NPgY 20241223.xlsx,Northern Powergrid Yorkshire,15.0,2024,RED,InputSummary,16:00-19:00 (weekdays) (default),0.0115,45.0,6.480627436674444,0.9,17,p/kWh
dno_data_enhanced/ED2 PCFM NPgY 20241223.xlsx,Northern Powergrid Yorkshire,15.0,2024,AMBER,InputSummary,"07:00-16:00, 19:00-23:00 (weekdays) (default)",0.0133845309928688,33.3,7.941576127783464,0.6294050991501415,7,p/kWh
dno_data_enhanced/ED2 PCFM NPgY 20241223.xlsx,Northern Powergrid Yorkshire,15.0,2024,GREEN,InputSummary,"23:00-07:00 (all days), all day (weekends) (default)",0.0149399155569989,33.3,7.94787217458142,0.6494617563739377,7,p/kWh
dno_data_enhanced/ED2 PCFM NPgY 20241223.xlsx,Northern Powergrid Yorkshire,15.0,2024,RED,Legacy,16:00-19:00 (weekdays) (default),0.0201904,8.22600126500771,1.286990907443335,0.9140831899999996,11,p/kWh
dno_data_enhanced/ED2 PCFM NPgY 20241223.xlsx,Northern Powergrid Yorkshire,15.0,2024,AMBER,Legacy,"07:00-16:00, 19:00-23:00 (weekdays) (default)",0.0230728,13.99627624757993,3.0574716804245523,1.2563104625843515,33,p/kWh
dno_data_enhanced/ED2 PCFM NPgY 20241223.xlsx,Northern Powergrid Yorkshire,15.0,2024,GREEN,Legacy,"23:00-07:00 (all days), all day (weekends) (default)",0.0413701832,42.422083053526016,4.1266126988321785,1.321109844088743,31,p/kWh
dno_data_enhanced/ED2 PCFM NPgY 20241223.xlsx,Northern Powergrid Yorkshire,15.0,2024,RED,Totex,16:00-19:00 (weekdays) (default),0.0073691932467225,47.38413652681814,13.165701795471907,9.37929661003786,31,p/kWh
dno_data_enhanced/ED2 PCFM NPgY 20241223.xlsx,Northern Powergrid Yorkshire,15.0,2024,AMBER,Totex,"07:00-16:00, 19:00-23:00 (weekdays) (default)",0.0145492423512957,46.37843985930544,18.03206739795193,10.980597195734404,32,p/kWh
dno_data_enhanced/ED2 PCFM NPgY 20241223.xlsx,Northern Powergrid Yorkshire,15.0,2024,GREEN,Totex,"23:00-07:00 (all days), all day (weekends) (default)",0.3313681704456866,47.265692178112126,18.567528767448945,10.60825367518272,33,p/kWh
dno_data_enhanced/ED2 PCFM NPgY 20241223.xlsx,Northern Powergrid Yorkshire,15.0,2024,RED,TIM,16:00-19:00 (weekdays) (default),0.499,0.501,0.5,0.501,4,p/kWh
dno_data_enhanced/ED2 PCFM NPgY 20241223.xlsx,Northern Powergrid Yorkshire,15.0,2024,AMBER,TIM,"07:00-16:00, 19:00-23:00 (weekdays) (default)",0.501,39.96560063874227,15.303885786870287,5.211090883476645,17,p/kWh
dno_data_enhanced/ED2 PCFM NPgY 20241223.xlsx,Northern Powergrid Yorkshire,15.0,2024,GREEN,TIM,"23:00-07:00 (all days), all day (weekends) (default)",0.501,38.15251432412348,12.617576731933877,5.301046033569332,17,p/kWh
dno_data_enhanced/ED2 PCFM NPgY 20241223.xlsx,Northern Powergrid Yorkshire,15.0,2024,RED,Annual Inflation,16:00-19:00 (weekdays) (default),0.0155592894707972,1.50334712603879,0.4949384988243163,0.0258846368797245,11,p/kWh
dno_data_enhanced/ED2 PCFM NPgY 20241223.xlsx,Northern Powergrid Yorkshire,15.0,2024,AMBER,Annual Inflation,"07:00-16:00, 19:00-23:00 (weekdays) (default)",0.0080067749634311,4.0452569031158125,0.8839285599984987,0.0213882457030804,11,p/kWh
dno_data_enhanced/ED2 PCFM NPgY 20241223.xlsx,Northern Powergrid Yorkshire,15.0,2024,GREEN,Annual Inflation,"23:00-07:00 (all days), all day (weekends) (default)",0.0367371878102802,11.584699426229506,2.1959658359582823,0.0593011753389423,11,p/kWh
dno_data_enhanced/ED2 PCFM NPgY 20241223.xlsx,Northern Powergrid Yorkshire,15.0,2024,RED,NPgY,16:00-19:00 (weekdays) (default),0.0115,45.0,8.925725495497973,0.75,17,p/kWh
dno_data_enhanced/ED2 PCFM NPgY 20241223.xlsx,Northern Powergrid Yorkshire,15.0,2024,AMBER,NPgY,"07:00-16:00, 19:00-23:00 (weekdays) (default)",20.0,33.3,25.978697241608504,24.636091724825523,3,p/kWh
dno_data_enhanced/ED2 PCFM NPgY 20241223.xlsx,Northern Powergrid Yorkshire,15.0,2024,GREEN,NPgY,"23:00-07:00 (all days), all day (weekends) (default)",0.8725212464589235,33.3,16.320478081704074,20.0,4,p/kWh
dno_data_enhanced/Northern Powergrid (Yorkshire) - 2024-25 Schedule of charges and other tables v0.2.xlsx,Northern Powergrid Yorkshire,15.0,2024,RED,"Annex 1 LV, HV and UMS charges",16:00-19:00 (weekdays) (default),0.162,3.575,1.6986842105263158,1.118,19,p/kWh
dno_data_enhanced/Northern Powergrid (Yorkshire) - 2024-25 Schedule of charges and other tables v0.2.xlsx,Northern Powergrid Yorkshire,15.0,2024,GREEN,"Annex 1 LV, HV and UMS charges","23:00-07:00 (all days), all day (weekends) (default)",0.162,29.3,8.754565217391304,1.118,23,p/kWh
dno_data_enhanced/Northern Powergrid (Yorkshire) - 2024-25 Schedule of charges and other tables v0.2.xlsx,Northern Powergrid Yorkshire,15.0,2024,RED,Annex 4 LDNO charges,16:00-19:00 (weekdays) (default),0.095,2.1,1.171578947368421,0.657,19,p/kWh
dno_data_enhanced/Northern Powergrid (Yorkshire) - 2024-25 Schedule of charges and other tables v0.2.xlsx,Northern Powergrid Yorkshire,15.0,2024,GREEN,Annex 4 LDNO charges,"23:00-07:00 (all days), all day (weekends) (default)",0.095,17.47,5.210086956521739,0.657,23,p/kWh
dno_data_enhanced/Northern Powergrid (Yorkshire) - 2024-25 Schedule of charges and other tables v0.2.xlsx,Northern Powergrid Yorkshire,15.0,2024,RED,Annex 5 LLFs,16:00-19:00 (weekdays) (default),0.961,1.339,1.014103626943005,1.005,193,p/kWh
dno_data_enhanced/Northern Powergrid (Yorkshire) - 2024-25 Schedule of charges and other tables v0.2.xlsx,Northern Powergrid Yorkshire,15.0,2024,AMBER,Annex 5 LLFs,"07:00-16:00, 19:00-23:00 (weekdays) (default)",0.958,1.17,1.0119533678756476,1.005,193,p/kWh
dno_data_enhanced/Northern Powergrid (Yorkshire) - 2024-25 Schedule of charges and other tables v0.2.xlsx,Northern Powergrid Yorkshire,15.0,2024,GREEN,Annex 5 LLFs,"23:00-07:00 (all days), all day (weekends) (default)",0.937,1.266,1.011839378238342,1.005,193,p/kWh
dno_data_enhanced/Northern Powergrid (Yorkshire) - 2024-25 Schedule of charges and other tables v0.2.xlsx,Northern Powergrid Yorkshire,15.0,2024,RED,Nodal prices,16:00-19:00 (weekdays) (default),0.178504325314,1.7629294699500002,1.033351155913,1.65674083236,4,p/kWh
dno_data_enhanced/Northern Powergrid (Yorkshire) - 2024-25 Schedule of charges and other tables v0.2.xlsx,Northern Powergrid Yorkshire,15.0,2024,GREEN,Nodal prices,"23:00-07:00 (all days), all day (weekends) (default)",0.00668118418824,3.38658374745,0.6568646041587534,0.529888499559,12,p/kWh
dno_data_enhanced/Northern Powergrid (Yorkshire) - 2017-18 CDCM Model.xlsx,Northern Powergrid Yorkshire,15.0,2017,RED,LAFs,16:00-19:00 (weekdays) (default),1.0,1.11,1.0197914069961171,1.0,72,p/kWh
dno_data_enhanced/Northern Powergrid (Yorkshire) - 2017-18 CDCM Model.xlsx,Northern Powergrid Yorkshire,15.0,2017,GREEN,LAFs,"23:00-07:00 (all days), all day (weekends) (default)",1.0,1.11,1.025669035071209,1.0,24,p/kWh
dno_data_enhanced/Northern Powergrid (Yorkshire) - 2017-18 CDCM Model.xlsx,Northern Powergrid Yorkshire,15.0,2017,RED,DRM,16:00-19:00 (weekdays) (default),0.8515354601400353,0.9272068250733876,0.8934106793880886,0.9183878257934922,5,p/kWh
dno_data_enhanced/Northern Powergrid (Yorkshire) - 2017-18 CDCM Model.xlsx,Northern Powergrid Yorkshire,15.0,2017,RED,Loads,16:00-19:00 (weekdays) (default),0.2640485817443318,13.417267245081256,1.135761578653952,1.0,43,p/kWh
dno_data_enhanced/Northern Powergrid (Yorkshire) - 2017-18 CDCM Model.xlsx,Northern Powergrid Yorkshire,15.0,2017,GREEN,Loads,"23:00-07:00 (all days), all day (weekends) (default)",0.3850186553062573,1.0,0.7221241061093419,0.6424157160764392,14,p/kWh
dno_data_enhanced/Northern Powergrid (Yorkshire) - 2017-18 CDCM Model.xlsx,Northern Powergrid Yorkshire,15.0,2017,RED,Contrib,16:00-19:00 (weekdays) (default),0.001,1.0,0.1758333333333333,0.002,36,p/kWh
dno_data_enhanced/Northern Powergrid (Yorkshire) - 2017-18 CDCM Model.xlsx,Northern Powergrid Yorkshire,15.0,2017,GREEN,Contrib,"23:00-07:00 (all days), all day (weekends) (default)",0.001,1.0,0.1728333333333333,0.002,12,p/kWh
dno_data_enhanced/Northern Powergrid (Yorkshire) - 2023-24 CDCM Model v0.2.xlsx,Northern Powergrid Yorkshire,15.0,2023,RED,Inputs by network level,16:00-19:00 (weekdays) (default),0.0658573645766288,1.0,0.3966229907881583,0.4068135871067294,7,p/kWh
dno_data_enhanced/Northern Powergrid (Yorkshire) - 2023-24 CDCM Model v0.2.xlsx,Northern Powergrid Yorkshire,15.0,2023,AMBER,Inputs by network level,"07:00-16:00, 19:00-23:00 (weekdays) (default)",0.001,1.006,0.2613040071167661,0.1144471341031254,11,p/kWh
dno_data_enhanced/Northern Powergrid (Yorkshire) - 2023-24 CDCM Model v0.2.xlsx,Northern Powergrid Yorkshire,15.0,2023,GREEN,Inputs by network level,"23:00-07:00 (all days), all day (weekends) (default)",0.002,1.009,0.2728737846637352,0.1461976834428785,10,p/kWh
dno_data_enhanced/Northern Powergrid (Yorkshire) - 2023-24 CDCM Model v0.2.xlsx,Northern Powergrid Yorkshire,15.0,2023,RED,Load & loss characteristics,16:00-19:00 (weekdays) (default),1.121,1.121,1.121,1.121,1,p/kWh
dno_data_enhanced/Northern Powergrid (Yorkshire) - 2023-24 CDCM Model v0.2.xlsx,Northern Powergrid Yorkshire,15.0,2023,RED,Customer contributions,16:00-19:00 (weekdays) (default),0.001,1.0,0.1679166666666667,0.001,24,p/kWh
dno_data_enhanced/Northern Powergrid (Yorkshire) - 2023-24 CDCM Model v0.2.xlsx,Northern Powergrid Yorkshire,15.0,2023,AMBER,Customer contributions,"07:00-16:00, 19:00-23:00 (weekdays) (default)",0.002,1.0,0.3158620689655173,0.002,29,p/kWh
dno_data_enhanced/Northern Powergrid (Yorkshire) - 2023-24 CDCM Model v0.2.xlsx,Northern Powergrid Yorkshire,15.0,2023,GREEN,Customer contributions,"23:00-07:00 (all days), all day (weekends) (default)",0.031,0.087,0.045,0.031,20,p/kWh
dno_data_enhanced/Northern Powergrid (Yorkshire) - 2023-24 CDCM Model v0.2.xlsx,Northern Powergrid Yorkshire,15.0,2023,RED,Pseudo-load coefficients,16:00-19:00 (weekdays) (default),5.060679339012259,5.060679339012259,5.060679339012259,5.060679339012259,1,p/kWh
dno_data_enhanced/Northern Powergrid (Yorkshire) - 2023-24 CDCM Model v0.2.xlsx,Northern Powergrid Yorkshire,15.0,2023,GREEN,Pseudo-load coefficients,"23:00-07:00 (all days), all day (weekends) (default)",5.090174022432286,5.090174022432286,5.090174022432286,5.090174022432286,1,p/kWh
dno_data_enhanced/Northern Powergrid (Yorkshire) - 2023-24 CDCM Model v0.2.xlsx,Northern Powergrid Yorkshire,15.0,2023,RED,Revenue matching,16:00-19:00 (weekdays) (default),1.0,1.0,1.0,1.0,7,p/kWh
dno_data_enhanced/Northern Powergrid (Yorkshire) - 2023-24 Schedule of charges and other tables v0.3.xlsx,Northern Powergrid Yorkshire,15.0,2023,RED,"Annex 1 LV, HV and UMS charges",16:00-19:00 (weekdays) (default),0.161,4.224,1.8734210526315789,1.134,19,p/kWh
dno_data_enhanced/Northern Powergrid (Yorkshire) - 2023-24 Schedule of charges and other tables v0.3.xlsx,Northern Powergrid Yorkshire,15.0,2023,GREEN,"Annex 1 LV, HV and UMS charges","23:00-07:00 (all days), all day (weekends) (default)",0.161,18.78,6.1552173913043475,1.134,23,p/kWh
dno_data_enhanced/Northern Powergrid (Yorkshire) - 2023-24 Schedule of charges and other tables v0.3.xlsx,Northern Powergrid Yorkshire,15.0,2023,RED,Annex 4 LDNO charges,16:00-19:00 (weekdays) (default),0.097,2.534,1.2923684210526316,0.68,19,p/kWh
dno_data_enhanced/Northern Powergrid (Yorkshire) - 2023-24 Schedule of charges and other tables v0.3.xlsx,Northern Powergrid Yorkshire,15.0,2023,GREEN,Annex 4 LDNO charges,"23:00-07:00 (all days), all day (weekends) (default)",0.097,12.39,3.9857391304347822,0.68,23,p/kWh
dno_data_enhanced/Northern Powergrid (Yorkshire) - 2023-24 Schedule of charges and other tables v0.3.xlsx,Northern Powergrid Yorkshire,15.0,2023,RED,Annex 5 LLFs,16:00-19:00 (weekdays) (default),0.968,1.538,1.0166432432432433,1.005,185,p/kWh
dno_data_enhanced/Northern Powergrid (Yorkshire) - 2023-24 Schedule of charges and other tables v0.3.xlsx,Northern Powergrid Yorkshire,15.0,2023,AMBER,Annex 5 LLFs,"07:00-16:00, 19:00-23:00 (weekdays) (default)",0.964,1.297,1.0139837837837835,1.005,185,p/kWh
dno_data_enhanced/Northern Powergrid (Yorkshire) - 2023-24 Schedule of charges and other tables v0.3.xlsx,Northern Powergrid Yorkshire,15.0,2023,GREEN,Annex 5 LLFs,"23:00-07:00 (all days), all day (weekends) (default)",0.942,1.318,1.013837837837838,1.004,185,p/kWh
dno_data_enhanced/Northern Powergrid (Yorkshire) - 2023-24 Schedule of charges and other tables v0.3.xlsx,Northern Powergrid Yorkshire,15.0,2023,RED,Nodal prices,16:00-19:00 (weekdays) (default),0.284404807548,2.1373266664,1.30573972441575,2.09824758366,4,p/kWh
dno_data_enhanced/Northern Powergrid (Yorkshire) - 2023-24 Schedule of charges and other tables v0.3.xlsx,Northern Powergrid Yorkshire,15.0,2023,GREEN,Nodal prices,"23:00-07:00 (all days), all day (weekends) (default)",0.00782559593853,2.2437429044700004,0.5702483915167526,0.5178099326860001,12,p/kWh
